gender,name.title,name.first,name.last,location.street.number,location.street.name,location.city,location.state,location.country,location.postcode,location.coordinates.latitude,location.coordinates.longitude,location.timezone.offset,location.timezone.description,email,dob.date,dob.age,registered.date,registered.age,phone,cell,id.name,id.value,picture.large,picture.medium,picture.thumbnail,nat
male,Mr,Bernard,Martinez,988,E Pecan St,Raleigh,Illinois,United States,66687,36.8529,-74.2469,+3:30,Tehran,bernard.martinez@example.com,1990-04-18T02:29:42.456Z,31,2019-04-17T16:50:07.165Z,2,(938)-963-0345,(779)-475-9443,SSN,086-32-4940,https://randomuser.me/api/portraits/men/49.jpg,https://randomuser.me/api/portraits/med/men/49.jpg,https://randomuser.me/api/portraits/thumb/men/49.jpg,US
male,Mr,Travis,Miller,9572,Ranchview Dr,Steilacoom,Hawaii,United States,29663,-74.8627,19.0245,-10:00,Hawaii,travis.miller@example.com,1957-12-04T07:04:51.669Z,64,2004-10-25T12:22:04.015Z,17,(643)-575-4665,(156)-361-6445,SSN,244-90-4577,https://randomuser.me/api/portraits/men/55.jpg,https://randomuser.me/api/portraits/med/men/55.jpg,https://randomuser.me/api/portraits/thumb/men/55.jpg,US
male,Mr,Adrian,Burton,3196,Hogan St,Yonkers,Illinois,United States,13599,37.4971,82.8360,-3:30,Newfoundland,adrian.burton@example.com,1954-08-04T11:28:38.198Z,67,2012-07-07T10:01:53.063Z,9,(211)-094-3179,(312)-728-6272,SSN,389-01-3387,https://randomuser.me/api/portraits/men/30.jpg,https://randomuser.me/api/portraits/med/men/30.jpg,https://randomuser.me/api/portraits/thumb/men/30.jpg,US
female,Miss,Ashley,Wagner,7539,Brown Terrace,Denver,New York,United States,11528,18.3909,-16.9195,+3:30,Tehran,ashley.wagner@example.com,1949-05-20T07:21:17.715Z,72,2002-06-04T01:44:47.306Z,19,(641)-237-9118,(330)-944-1183,SSN,211-21-0674,https://randomuser.me/api/portraits/women/77.jpg,https://randomuser.me/api/portraits/med/women/77.jpg,https://randomuser.me/api/portraits/thumb/women/77.jpg,US
male,Mr,Gavin,Phillips,3954,White Oak Dr,Concord,Mississippi,United States,53765,-31.1004,-64.9525,+5:45,Kathmandu,gavin.phillips@example.com,1953-06-05T05:00:35.162Z,68,2007-11-13T21:59:26.061Z,14,(454)-668-7809,(253)-553-9663,SSN,694-09-5833,https://randomuser.me/api/portraits/men/71.jpg,https://randomuser.me/api/portraits/med/men/71.jpg,https://randomuser.me/api/portraits/thumb/men/71.jpg,US
female,Miss,Ann,Ramos,2372,Oak Ridge Ln,Lexington,Maryland,United States,76602,32.9337,179.7058,-7:00,Mountain Time (US & Canada),ann.ramos@example.com,1968-02-10T06:47:43.451Z,53,2013-04-25T13:37:01.288Z,8,(204)-689-7875,(787)-748-3982,SSN,443-48-7827,https://randomuser.me/api/portraits/women/18.jpg,https://randomuser.me/api/portraits/med/women/18.jpg,https://randomuser.me/api/portraits/thumb/women/18.jpg,US
female,Mrs,Amy,Harrison,986,Royal Ln,Vallejo,Missouri,United States,71127,45.7030,-158.6810,+5:45,Kathmandu,amy.harrison@example.com,1995-10-06T01:00:48.271Z,26,2018-09-01T21:20:12.335Z,3,(755)-506-4249,(436)-360-4290,SSN,221-53-4550,https://randomuser.me/api/portraits/women/39.jpg,https://randomuser.me/api/portraits/med/women/39.jpg,https://randomuser.me/api/portraits/thumb/women/39.jpg,US
female,Mrs,Judy,Barrett,668,Thornridge Cir,Ennis,Vermont,United States,76675,-47.3260,157.2650,-9:00,Alaska,judy.barrett@example.com,1950-09-20T01:28:30.783Z,71,2011-04-11T18:34:47.147Z,10,(508)-404-3444,(737)-820-6839,SSN,302-81-8993,https://randomuser.me/api/portraits/women/92.jpg,https://randomuser.me/api/portraits/med/women/92.jpg,https://randomuser.me/api/portraits/thumb/women/92.jpg,US
male,Mr,Levi,Romero,8353,Brown Terrace,York,California,United States,68745,14.7563,122.6536,-9:00,Alaska,levi.romero@example.com,1970-09-18T01:00:16.011Z,51,2009-11-12T15:10:35.719Z,12,(377)-714-4219,(990)-951-3879,SSN,527-77-2677,https://randomuser.me/api/portraits/men/47.jpg,https://randomuser.me/api/portraits/med/men/47.jpg,https://randomuser.me/api/portraits/thumb/men/47.jpg,US
female,Ms,Genesis,Foster,3649,Plum St,Ironville,New Mexico,United States,64240,-21.0945,94.5081,-8:00,Pacific Time (US & Canada),genesis.foster@example.com,1978-01-20T07:49:07.902Z,43,2017-01-19T00:29:41.832Z,4,(729)-194-3155,(004)-533-7405,SSN,215-98-8115,https://randomuser.me/api/portraits/women/9.jpg,https://randomuser.me/api/portraits/med/women/9.jpg,https://randomuser.me/api/portraits/thumb/women/9.jpg,US
female,Mrs,Regina,Palmer,1250,Marsh Ln,Broken Arrow,Rhode Island,United States,47694,-57.8471,148.7434,-7:00,Mountain Time (US & Canada),regina.palmer@example.com,1991-01-02T10:15:25.650Z,30,2003-09-08T22:07:09.087Z,18,(520)-904-6993,(848)-991-6325,SSN,023-16-8838,https://randomuser.me/api/portraits/women/4.jpg,https://randomuser.me/api/portraits/med/women/4.jpg,https://randomuser.me/api/portraits/thumb/women/4.jpg,US
female,Mrs,Florence,Simmons,9233,Robinson Rd,Fort Wayne,New York,United States,99579,71.9389,-168.2262,+5:45,Kathmandu,florence.simmons@example.com,1968-01-28T20:46:58.349Z,53,2016-02-22T10:16:29.161Z,5,(343)-595-1302,(662)-491-5904,SSN,268-95-7260,https://randomuser.me/api/portraits/women/37.jpg,https://randomuser.me/api/portraits/med/women/37.jpg,https://randomuser.me/api/portraits/thumb/women/37.jpg,US
female,Ms,Jessica,Nguyen,8573,Hamilton Ave,Mesa,North Carolina,United States,73770,33.7738,173.1351,-9:00,Alaska,jessica.nguyen@example.com,1973-06-16T04:49:33.400Z,48,2019-03-02T13:11:31.459Z,2,(568)-183-2595,(854)-540-9698,SSN,915-20-9608,https://randomuser.me/api/portraits/women/77.jpg,https://randomuser.me/api/portraits/med/women/77.jpg,https://randomuser.me/api/portraits/thumb/women/77.jpg,US
female,Miss,Anna,Jennings,9619,First Street,Denver,North Carolina,United States,19160,-39.5034,116.4889,-8:00,Pacific Time (US & Canada),anna.jennings@example.com,1963-04-20T04:00:37.771Z,58,2008-11-09T11:32:27.341Z,13,(069)-419-7725,(938)-635-3117,SSN,929-03-7963,https://randomuser.me/api/portraits/women/1.jpg,https://randomuser.me/api/portraits/med/women/1.jpg,https://randomuser.me/api/portraits/thumb/women/1.jpg,US
female,Miss,Dora,Lawrence,1506,Lovers Ln,Cedar Hill,Maryland,United States,16047,-7.3200,81.5650,-8:00,Pacific Time (US & Canada),dora.lawrence@example.com,1982-07-04T22:23:36.490Z,39,2011-08-26T07:55:11.264Z,10,(077)-792-2595,(190)-773-1292,SSN,842-04-6883,https://randomuser.me/api/portraits/women/89.jpg,https://randomuser.me/api/portraits/med/women/89.jpg,https://randomuser.me/api/portraits/thumb/women/89.jpg,US
male,Mr,Gabe,Campbell,8675,Timber Wolf Trail,Great Falls,Arkansas,United States,31236,-67.6754,62.1333,-2:00,Mid-Atlantic,gabe.campbell@example.com,1947-03-28T22:34:04.831Z,74,2011-11-03T08:19:01.835Z,10,(785)-019-5511,(497)-157-8083,SSN,461-63-0744,https://randomuser.me/api/portraits/men/84.jpg,https://randomuser.me/api/portraits/med/men/84.jpg,https://randomuser.me/api/portraits/thumb/men/84.jpg,US
female,Ms,Savannah,James,5601,Lone Wolf Trail,Vancouver,Washington,United States,98798,-33.7604,151.0476,-7:00,Mountain Time (US & Canada),savannah.james@example.com,1962-08-18T07:25:34.655Z,59,2012-08-22T01:49:57.381Z,9,(758)-168-5458,(766)-119-9169,SSN,356-89-3917,https://randomuser.me/api/portraits/women/75.jpg,https://randomuser.me/api/portraits/med/women/75.jpg,https://randomuser.me/api/portraits/thumb/women/75.jpg,US
male,Mr,Alfred,Herrera,5248,Westheimer Rd,Pompano Beach,Wyoming,United States,62604,-86.2980,-76.5658,-7:00,Mountain Time (US & Canada),alfred.herrera@example.com,1952-09-03T22:37:32.765Z,69,2015-03-11T11:03:02.962Z,6,(408)-036-0379,(831)-551-2362,SSN,598-88-7586,https://randomuser.me/api/portraits/men/7.jpg,https://randomuser.me/api/portraits/med/men/7.jpg,https://randomuser.me/api/portraits/thumb/men/7.jpg,US
