gender,name.title,name.first,name.last,location.street.number,location.street.name,location.city,location.state,location.country,location.postcode,location.coordinates.latitude,location.coordinates.longitude,location.timezone.offset,location.timezone.description,email,dob.date,dob.age,registered.date,registered.age,phone,cell,id.name,id.value,picture.large,picture.medium,picture.thumbnail,nat
male,Mr,Evan,Owens,5626,Saddle Dr,Long Beach,Georgia,United States,54862,82.3159,8.9594,+4:30,Kabul,evan.owens@example.com,1974-07-15T18:13:41.173Z,47,2008-10-25T09:05:13.495Z,13,(041)-874-3513,(626)-434-6142,SSN,995-73-4887,https://randomuser.me/api/portraits/men/7.jpg,https://randomuser.me/api/portraits/med/men/7.jpg,https://randomuser.me/api/portraits/thumb/men/7.jpg,US
female,Mrs,Mattie,Mitchelle,509,Edwards Rd,Elizabeth,New Jersey,United States,48021,-18.7959,67.7393,-3:30,Newfoundland,mattie.mitchelle@example.com,1980-09-02T09:10:32.124Z,41,2017-05-18T06:25:31.174Z,4,(174)-590-0406,(404)-252-6197,SSN,558-58-2943,https://randomuser.me/api/portraits/women/84.jpg,https://randomuser.me/api/portraits/med/women/84.jpg,https://randomuser.me/api/portraits/thumb/women/84.jpg,US
male,Mr,Arron,Gibson,1066,Pockrus Page Rd,Pearland,Missouri,United States,26094,3.4795,-81.9965,-2:00,Mid-Atlantic,arron.gibson@example.com,1957-11-26T21:33:55.603Z,64,2013-06-26T22:44:12.495Z,8,(375)-548-9396,(600)-731-8886,SSN,671-77-9080,https://randomuser.me/api/portraits/men/58.jpg,https://randomuser.me/api/portraits/med/men/58.jpg,https://randomuser.me/api/portraits/thumb/men/58.jpg,US
female,Miss,Melanie,Ross,5561,Pockrus Page Rd,Iowa Park,Pennsylvania,United States,38700,56.6367,54.8215,+4:30,Kabul,melanie.ross@example.com,1980-12-26T19:16:36.581Z,41,2018-03-30T12:05:16.714Z,3,(526)-726-0894,(760)-562-0676,SSN,323-32-6724,https://randomuser.me/api/portraits/women/88.jpg,https://randomuser.me/api/portraits/med/women/88.jpg,https://randomuser.me/api/portraits/thumb/women/88.jpg,US
male,Mr,Carl,Phillips,5319,Homestead Rd,Lousville,Hawaii,United States,41458,73.6130,13.8910,-3:30,Newfoundland,carl.phillips@example.com,1986-07-04T22:25:31.048Z,35,2014-08-22T08:15:02.014Z,7,(913)-052-1107,(244)-441-5951,SSN,023-21-2109,https://randomuser.me/api/portraits/men/2.jpg,https://randomuser.me/api/portraits/med/men/2.jpg,https://randomuser.me/api/portraits/thumb/men/2.jpg,US
female,Mrs,Stacey,Carroll,9144,Mockingbird Ln,Roseburg,West Virginia,United States,38063,0.0783,-87.9644,-8:00,Pacific Time (US & Canada),stacey.carroll@example.com,1963-08-09T03:45:52.338Z,58,2002-09-03T22:28:40.777Z,19,(617)-382-1327,(618)-432-9937,SSN,305-39-7740,https://randomuser.me/api/portraits/women/50.jpg,https://randomuser.me/api/portraits/med/women/50.jpg,https://randomuser.me/api/portraits/thumb/women/50.jpg,US
female,Ms,Vickie,Pierce,5116,Forest Ln,Chattanooga,Massachusetts,United States,48071,48.6105,48.5121,-2:00,Mid-Atlantic,vickie.pierce@example.com,1990-09-13T18:38:15.139Z,31,2011-08-01T08:31:50.396Z,10,(168)-677-9982,(950)-453-6428,SSN,400-74-5677,https://randomuser.me/api/portraits/women/94.jpg,https://randomuser.me/api/portraits/med/women/94.jpg,https://randomuser.me/api/portraits/thumb/women/94.jpg,US
female,Miss,Claire,Kelley,6177,E Center St,Saginaw,Alabama,United States,42971,81.7173,-66.3598,-2:00,Mid-Atlantic,claire.kelley@example.com,1957-06-10T15:17:45.870Z,64,2011-02-19T00:17:18.704Z,10,(391)-808-7922,(542)-424-5733,SSN,539-90-4240,https://randomuser.me/api/portraits/women/96.jpg,https://randomuser.me/api/portraits/med/women/96.jpg,https://randomuser.me/api/portraits/thumb/women/96.jpg,US
male,Mr,Jimmie,Brewer,7386,Hogan St,Pueblo,Tennessee,United States,37932,14.8998,-126.5159,-9:00,Alaska,jimmie.brewer@example.com,1996-12-26T13:17:25.166Z,25,2016-02-08T18:53:46.449Z,5,(410)-755-6866,(605)-174-9484,SSN,786-40-8067,https://randomuser.me/api/portraits/men/88.jpg,https://randomuser.me/api/portraits/med/men/88.jpg,https://randomuser.me/api/portraits/thumb/men/88.jpg,US
