gender,name.title,name.first,name.last,location.street.number,location.street.name,location.city,location.state,location.country,location.postcode,location.coordinates.latitude,location.coordinates.longitude,location.timezone.offset,location.timezone.description,email,dob.date,dob.age,registered.date,registered.age,phone,cell,id.name,id.value,picture.large,picture.medium,picture.thumbnail,nat
male,Mr,Perry,Simmons,9703,Hamilton Ave,Round Rock,Connecticut,United States,54955,-72.8115,57.7537,-9:00,Alaska,perry.simmons@example.com,1991-06-30T16:30:18.959Z,30,2005-06-28T18:34:46.213Z,16,(876)-671-6636,(020)-766-0624,SSN,095-33-0575,https://randomuser.me/api/portraits/men/98.jpg,https://randomuser.me/api/portraits/med/men/98.jpg,https://randomuser.me/api/portraits/thumb/men/98.jpg,US
female,Miss,Sarah,Howard,9350,Spring Hill Rd,Long Beach,Massachusetts,United States,17823,-36.4415,-113.4208,+3:30,Tehran,sarah.howard@example.com,1949-08-30T04:25:23.667Z,72,2016-11-22T18:02:36.350Z,5,(521)-195-6293,(464)-594-2502,SSN,455-68-4700,https://randomuser.me/api/portraits/women/27.jpg,https://randomuser.me/api/portraits/med/women/27.jpg,https://randomuser.me/api/portraits/thumb/women/27.jpg,US
female,Ms,Judith,Allen,9627,Hamilton Ave,Charlotte,Florida,United States,55310,-55.9723,68.0727,-8:00,Pacific Time (US & Canada),judith.allen@example.com,1944-09-22T19:24:56.102Z,77,2004-09-14T04:32:57.051Z,17,(611)-177-9338,(457)-987-2065,SSN,430-66-4070,https://randomuser.me/api/portraits/women/2.jpg,https://randomuser.me/api/portraits/med/women/2.jpg,https://randomuser.me/api/portraits/thumb/women/2.jpg,US
male,Mr,Jordan,Hansen,5622,Fairview St,Kent,South Carolina,United States,41654,69.5945,-40.7313,+4:30,Kabul,jordan.hansen@example.com,1991-06-17T16:36:06.819Z,30,2019-07-09T06:08:05.806Z,2,(422)-341-3185,(754)-637-6700,SSN,253-84-1829,https://randomuser.me/api/portraits/men/29.jpg,https://randomuser.me/api/portraits/med/men/29.jpg,https://randomuser.me/api/portraits/thumb/men/29.jpg,US
female,Miss,Delores,Hale,3538,Nowlin Rd,Red Bluff,South Dakota,United States,37935,-44.5837,60.7281,+3:30,Tehran,delores.hale@example.com,1960-02-11T17:54:36.062Z,61,2011-03-22T09:09:40.575Z,10,(518)-333-4148,(358)-870-1228,SSN,378-61-2517,https://randomuser.me/api/portraits/women/69.jpg,https://randomuser.me/api/portraits/med/women/69.jpg,https://randomuser.me/api/portraits/thumb/women/69.jpg,US
female,Ms,Ramona,Herrera,3783,Prospect Rd,Mcallen,Nevada,United States,92081,83.2872,-60.7828,+5:45,Kathmandu,ramona.herrera@example.com,1969-04-25T00:41:08.191Z,52,2007-09-18T03:07:23.271Z,14,(509)-754-3938,(458)-393-5030,SSN,245-75-3590,https://randomuser.me/api/portraits/women/7.jpg,https://randomuser.me/api/portraits/med/women/7.jpg,https://randomuser.me/api/portraits/thumb/women/7.jpg,US
female,Ms,Sherry,Martinez,1529,Ash Dr,Grants Pass,Wyoming,United States,76747,83.5644,138.9346,-8:00,Pacific Time (US & Canada),sherry.martinez@example.com,1986-02-07T08:02:03.848Z,35,2016-10-13T08:24:59.080Z,5,(416)-478-2900,(363)-741-4045,SSN,914-49-0662,https://randomuser.me/api/portraits/women/59.jpg,https://randomuser.me/api/portraits/med/women/59.jpg,https://randomuser.me/api/portraits/thumb/women/59.jpg,US
female,Mrs,Jane,Vasquez,8407,Camden Ave,Salem,New Mexico,United States,84070,52.0680,54.3395,+3:30,Tehran,jane.vasquez@example.com,1950-09-17T11:04:57.267Z,71,2016-07-09T05:08:39.614Z,5,(144)-762-7372,(657)-865-4077,SSN,708-22-1838,https://randomuser.me/api/portraits/women/80.jpg,https://randomuser.me/api/portraits/med/women/80.jpg,https://randomuser.me/api/portraits/thumb/women/80.jpg,US
female,Mrs,Dora,Lowe,6973,Hickory Creek Dr,Simi Valley,Texas,United States,79666,89.6933,-47.4086,-2:00,Mid-Atlantic,dora.lowe@example.com,1992-03-05T11:22:03.859Z,29,2007-07-23T05:39:07.796Z,14,(094)-537-7088,(623)-381-1529,SSN,335-69-3431,https://randomuser.me/api/portraits/women/74.jpg,https://randomuser.me/api/portraits/med/women/74.jpg,https://randomuser.me/api/portraits/thumb/women/74.jpg,US
female,Mrs,Erika,Reynolds,1811,Daisy Dr,Fort Wayne,South Dakota,United States,36372,66.9019,-2.7182,-10:00,Hawaii,erika.reynolds@example.com,1986-08-06T16:49:01.221Z,35,2005-08-11T08:14:13.119Z,16,(035)-235-9737,(580)-732-3649,SSN,256-20-0393,https://randomuser.me/api/portraits/women/6.jpg,https://randomuser.me/api/portraits/med/women/6.jpg,https://randomuser.me/api/portraits/thumb/women/6.jpg,US
male,Mr,Jared,Mitchell,6137,Blossom Hill Rd,Red Oak,Indiana,United States,68416,-45.7515,56.6636,-8:00,Pacific Time (US & Canada),jared.mitchell@example.com,1983-06-18T14:06:20.816Z,38,2019-02-16T08:12:38.126Z,2,(993)-155-8315,(139)-485-4090,SSN,125-39-8349,https://randomuser.me/api/portraits/men/23.jpg,https://randomuser.me/api/portraits/med/men/23.jpg,https://randomuser.me/api/portraits/thumb/men/23.jpg,US
female,Miss,Sofia,Patterson,8249,Photinia Ave,Sioux Falls,Mississippi,United States,60875,43.4942,133.5241,-8:00,Pacific Time (US & Canada),sofia.patterson@example.com,1949-10-14T04:34:33.706Z,72,2002-05-22T16:32:19.931Z,19,(827)-145-2411,(125)-358-8306,SSN,827-45-3297,https://randomuser.me/api/portraits/women/3.jpg,https://randomuser.me/api/portraits/med/women/3.jpg,https://randomuser.me/api/portraits/thumb/women/3.jpg,US
male,Mr,Vincent,Pearson,2455,W Pecan St,Anaheim,Massachusetts,United States,64555,39.3424,-90.8150,-10:00,Hawaii,vincent.pearson@example.com,1994-07-17T23:25:09.727Z,27,2017-08-29T08:47:00.332Z,4,(044)-784-5291,(108)-597-6624,SSN,848-40-4880,https://randomuser.me/api/portraits/men/23.jpg,https://randomuser.me/api/portraits/med/men/23.jpg,https://randomuser.me/api/portraits/thumb/men/23.jpg,US
female,Miss,Charlene,Fowler,4666,Woodland St,Chula Vista,Rhode Island,United States,92007,11.2048,177.8155,-3:30,Newfoundland,charlene.fowler@example.com,1997-07-17T08:37:51.914Z,24,2005-01-17T21:57:31.671Z,16,(052)-304-3813,(130)-198-8616,SSN,280-90-6627,https://randomuser.me/api/portraits/women/27.jpg,https://randomuser.me/api/portraits/med/women/27.jpg,https://randomuser.me/api/portraits/thumb/women/27.jpg,US
female,Mrs,Stephanie,Gregory,8803,Nowlin Rd,West Palm Beach,Connecticut,United States,15874,75.4932,120.2700,-2:00,Mid-Atlantic,stephanie.gregory@example.com,1973-03-18T10:26:59.960Z,48,2003-01-25T17:21:18.448Z,18,(368)-512-0463,(110)-552-8988,SSN,266-67-0548,https://randomuser.me/api/portraits/women/80.jpg,https://randomuser.me/api/portraits/med/women/80.jpg,https://randomuser.me/api/portraits/thumb/women/80.jpg,US
male,Mr,Roy,Williams,1714,Harrison Ct,Lincoln,Ohio,United States,57082,36.2983,164.3916,-10:00,Hawaii,roy.williams@example.com,1970-07-27T10:39:55.810Z,51,2013-06-13T16:54:53.529Z,8,(098)-177-6544,(774)-593-5523,SSN,481-87-8024,https://randomuser.me/api/portraits/men/12.jpg,https://randomuser.me/api/portraits/med/men/12.jpg,https://randomuser.me/api/portraits/thumb/men/12.jpg,US
female,Miss,Tanya,Adams,3182,Timber Wolf Trail,Jersey City,New Hampshire,United States,44795,-17.7051,6.9337,+5:45,Kathmandu,tanya.adams@example.com,1976-10-20T05:36:15.292Z,45,2007-01-12T17:42:19.864Z,14,(707)-778-6774,(008)-877-4287,SSN,521-82-5020,https://randomuser.me/api/portraits/women/89.jpg,https://randomuser.me/api/portraits/med/women/89.jpg,https://randomuser.me/api/portraits/thumb/women/89.jpg,US
