gender,name.title,name.first,name.last,location.street.number,location.street.name,location.city,location.state,location.country,location.postcode,location.coordinates.latitude,location.coordinates.longitude,location.timezone.offset,location.timezone.description,email,dob.date,dob.age,registered.date,registered.age,phone,cell,id.name,id.value,picture.large,picture.medium,picture.thumbnail,nat
male,Mr,Thomas,Hart,6768,Rolling Green Rd,Moscow,New York,United States,72524,-36.3455,-142.9912,+4:30,Kabul,thomas.hart@example.com,1986-09-23T17:38:46.313Z,35,2004-05-08T10:12:01.203Z,17,(413)-232-0035,(493)-640-3344,SSN,191-13-2694,https://randomuser.me/api/portraits/men/31.jpg,https://randomuser.me/api/portraits/med/men/31.jpg,https://randomuser.me/api/portraits/thumb/men/31.jpg,US
female,Mrs,Christy,Curtis,6438,Lakeview St,Philadelphia,Tennessee,United States,51048,-26.8164,13.2413,-2:00,Mid-Atlantic,christy.curtis@example.com,1947-01-31T23:45:45.283Z,74,2017-10-12T11:35:53.745Z,4,(848)-234-4229,(693)-740-7754,SSN,679-37-4983,https://randomuser.me/api/portraits/women/93.jpg,https://randomuser.me/api/portraits/med/women/93.jpg,https://randomuser.me/api/portraits/thumb/women/93.jpg,US
female,Ms,Becky,Black,5652,E Little York Rd,Vernon,Georgia,United States,40634,-77.7726,171.4480,+4:30,Kabul,becky.black@example.com,1961-12-02T02:10:25.147Z,60,2015-10-05T08:07:37.831Z,6,(160)-041-5384,(894)-684-1145,SSN,080-10-1986,https://randomuser.me/api/portraits/women/30.jpg,https://randomuser.me/api/portraits/med/women/30.jpg,https://randomuser.me/api/portraits/thumb/women/30.jpg,US
male,Mr,Ryan,Lawson,2907,Central St,Madison,Maine,United States,75909,33.2597,146.1982,-7:00,Mountain Time (US & Canada),ryan.lawson@example.com,1980-06-23T11:12:18.135Z,41,2012-10-02T06:43:13.801Z,9,(618)-471-3788,(388)-332-3463,SSN,391-97-6395,https://randomuser.me/api/portraits/men/63.jpg,https://randomuser.me/api/portraits/med/men/63.jpg,https://randomuser.me/api/portraits/thumb/men/63.jpg,US
female,Miss,Aubrey,Phillips,585,Green Rd,Bozeman,North Dakota,United States,40040,11.0490,122.7857,-3:30,Newfoundland,aubrey.phillips@example.com,1986-03-21T19:29:30.939Z,35,2011-02-27T16:15:22.807Z,10,(753)-382-1760,(077)-543-5107,SSN,130-39-1640,https://randomuser.me/api/portraits/women/40.jpg,https://randomuser.me/api/portraits/med/women/40.jpg,https://randomuser.me/api/portraits/thumb/women/40.jpg,US
male,Mr,Sebastian,Crawford,8204,Green Rd,Gresham,Colorado,United States,66297,-32.9029,-137.6182,+5:45,Kathmandu,sebastian.crawford@example.com,1969-07-30T05:12:12.095Z,52,2015-11-19T01:32:51.506Z,6,(952)-372-5607,(171)-127-7193,SSN,735-14-4897,https://randomuser.me/api/portraits/men/57.jpg,https://randomuser.me/api/portraits/med/men/57.jpg,https://randomuser.me/api/portraits/thumb/men/57.jpg,US
female,Mrs,Kelly,Ward,9723,Mockingbird Hill,El Monte,Minnesota,United States,93022,36.6469,57.7970,+5:45,Kathmandu,kelly.ward@example.com,1996-03-11T15:48:27.781Z,25,2007-03-27T15:36:45.952Z,14,(862)-940-6911,(038)-190-8428,SSN,079-39-5838,https://randomuser.me/api/portraits/women/83.jpg,https://randomuser.me/api/portraits/med/women/83.jpg,https://randomuser.me/api/portraits/thumb/women/83.jpg,US
female,Mrs,Leslie,Ramos,295,Adams St,Princeton,Idaho,United States,79648,39.7658,-33.5503,-9:00,Alaska,leslie.ramos@example.com,1995-11-12T10:06:25.219Z,26,2018-01-14T14:53:47.998Z,3,(096)-644-9327,(754)-282-5982,SSN,249-49-1711,https://randomuser.me/api/portraits/women/35.jpg,https://randomuser.me/api/portraits/med/women/35.jpg,https://randomuser.me/api/portraits/thumb/women/35.jpg,US
female,Miss,Lorraine,Howell,6773,Brown Terrace,Tyler,Alabama,United States,81197,-63.0405,165.3607,+3:30,Tehran,lorraine.howell@example.com,1963-02-18T02:18:55.645Z,58,2008-08-01T18:44:19.128Z,13,(938)-028-1502,(451)-864-4446,SSN,157-96-3784,https://randomuser.me/api/portraits/women/90.jpg,https://randomuser.me/api/portraits/med/women/90.jpg,https://randomuser.me/api/portraits/thumb/women/90.jpg,US
male,Mr,Leroy,Butler,4517,Valley View Ln,Albuquerque,Nebraska,United States,46480,44.1066,115.3727,-7:00,Mountain Time (US & Canada),leroy.butler@example.com,1963-11-11T16:16:10.548Z,58,2019-01-08T14:42:36.484Z,2,(256)-559-9614,(963)-635-5078,SSN,685-30-5195,https://randomuser.me/api/portraits/men/27.jpg,https://randomuser.me/api/portraits/med/men/27.jpg,https://randomuser.me/api/portraits/thumb/men/27.jpg,US
male,Mr,Tom,Lopez,6186,Karen Dr,Antioch,Wisconsin,United States,75457,-59.5810,-116.7885,+4:30,Kabul,tom.lopez@example.com,1964-07-05T20:12:20.339Z,57,2014-03-28T14:01:25.874Z,7,(653)-405-7865,(985)-511-7449,SSN,265-48-9989,https://randomuser.me/api/portraits/men/72.jpg,https://randomuser.me/api/portraits/med/men/72.jpg,https://randomuser.me/api/portraits/thumb/men/72.jpg,US
female,Miss,Kristin,Knight,7108,Green Rd,Austin,New York,United States,83334,-85.5290,-104.1071,-9:00,Alaska,kristin.knight@example.com,1976-05-21T06:12:32.438Z,45,2014-11-10T03:01:34.200Z,7,(900)-997-3678,(252)-571-4032,SSN,821-26-8629,https://randomuser.me/api/portraits/women/13.jpg,https://randomuser.me/api/portraits/med/women/13.jpg,https://randomuser.me/api/portraits/thumb/women/13.jpg,US
male,Mr,Arthur,Rivera,1236,Spring St,Aubrey,New Jersey,United States,92083,-89.2311,-45.6585,-10:00,Hawaii,arthur.rivera@example.com,1987-04-13T18:41:51.732Z,34,2015-04-07T10:07:50.384Z,6,(763)-861-2758,(570)-954-5137,SSN,944-73-4067,https://randomuser.me/api/portraits/men/28.jpg,https://randomuser.me/api/portraits/med/men/28.jpg,https://randomuser.me/api/portraits/thumb/men/28.jpg,US
male,Mr,Hunter,Brown,8433,E Sandy Lake Rd,Oklahoma City,Florida,United States,65971,-74.4726,168.3839,+3:30,Tehran,hunter.brown@example.com,1987-02-23T07:32:30.332Z,34,2015-05-24T09:37:14.370Z,6,(819)-527-9764,(118)-213-0091,SSN,174-88-3293,https://randomuser.me/api/portraits/men/20.jpg,https://randomuser.me/api/portraits/med/men/20.jpg,https://randomuser.me/api/portraits/thumb/men/20.jpg,US
female,Mrs,Jackie,Nichols,9474,W Gray St,Denver,North Carolina,United States,39907,74.0303,79.4579,+3:30,Tehran,jackie.nichols@example.com,1994-06-01T16:11:43.282Z,27,2008-09-19T16:34:05.849Z,13,(222)-784-9270,(569)-412-3854,SSN,450-86-2367,https://randomuser.me/api/portraits/women/28.jpg,https://randomuser.me/api/portraits/med/women/28.jpg,https://randomuser.me/api/portraits/thumb/women/28.jpg,US
male,Mr,Alan,Mason,4205,Dane St,Saint Paul,New Jersey,United States,24953,47.8548,-30.3196,-8:00,Pacific Time (US & Canada),alan.mason@example.com,1994-09-21T07:45:12.144Z,27,2002-10-10T17:05:44.350Z,19,(412)-557-8798,(121)-147-2522,SSN,357-02-8976,https://randomuser.me/api/portraits/men/73.jpg,https://randomuser.me/api/portraits/med/men/73.jpg,https://randomuser.me/api/portraits/thumb/men/73.jpg,US
female,Miss,Grace,Evans,274,Hamilton Ave,Modesto,Illinois,United States,74206,45.0178,19.0651,+5:45,Kathmandu,grace.evans@example.com,1947-03-26T23:49:43.438Z,74,2005-06-30T18:28:32.790Z,16,(539)-585-9270,(672)-113-3660,SSN,670-81-4400,https://randomuser.me/api/portraits/women/74.jpg,https://randomuser.me/api/portraits/med/women/74.jpg,https://randomuser.me/api/portraits/thumb/women/74.jpg,US
male,Mr,Nelson,Franklin,9225,Washington Ave,Lancaster,Oregon,United States,68072,-31.3243,129.9281,-9:00,Alaska,nelson.franklin@example.com,1966-10-27T16:57:44.938Z,55,2013-09-09T14:11:16.544Z,8,(557)-221-6832,(336)-458-2399,SSN,730-37-5045,https://randomuser.me/api/portraits/men/46.jpg,https://randomuser.me/api/portraits/med/men/46.jpg,https://randomuser.me/api/portraits/thumb/men/46.jpg,US
female,Mrs,Joann,Baker,3425,Edwards Rd,Torrance,Ohio,United States,71010,51.3967,90.7822,+3:30,Tehran,joann.baker@example.com,1948-09-27T16:43:44.875Z,73,2013-03-28T07:09:20.886Z,8,(513)-580-4496,(995)-566-6924,SSN,927-72-8719,https://randomuser.me/api/portraits/women/94.jpg,https://randomuser.me/api/portraits/med/women/94.jpg,https://randomuser.me/api/portraits/thumb/women/94.jpg,US
female,Miss,Becky,Henderson,921,Avondale Ave,Hartford,Connecticut,United States,41488,-32.2266,112.1097,-9:00,Alaska,becky.henderson@example.com,1961-02-19T18:15:19.229Z,60,2018-07-18T04:00:52.489Z,3,(338)-981-2890,(772)-529-3455,SSN,378-07-8708,https://randomuser.me/api/portraits/women/0.jpg,https://randomuser.me/api/portraits/med/women/0.jpg,https://randomuser.me/api/portraits/thumb/women/0.jpg,US
male,Mr,Morris,Rice,4419,Parker Rd,Hamsburg,North Dakota,United States,91584,61.1603,-160.6275,+5:45,Kathmandu,morris.rice@example.com,1955-11-12T15:23:17.792Z,66,2006-08-31T21:21:45.437Z,15,(320)-148-8372,(497)-472-1642,SSN,749-40-3349,https://randomuser.me/api/portraits/men/70.jpg,https://randomuser.me/api/portraits/med/men/70.jpg,https://randomuser.me/api/portraits/thumb/men/70.jpg,US
