gender,name.title,name.first,name.last,location.street.number,location.street.name,location.city,location.state,location.country,location.postcode,location.coordinates.latitude,location.coordinates.longitude,location.timezone.offset,location.timezone.description,email,dob.date,dob.age,registered.date,registered.age,phone,cell,id.name,id.value,picture.large,picture.medium,picture.thumbnail,nat
female,Miss,Doris,Pierce,1088,Fairview St,Bridgeport,Kentucky,United States,82544,42.3660,150.7151,+3:30,Tehran,doris.pierce@example.com,1998-08-18T00:22:38.234Z,23,2009-12-19T16:00:29.487Z,12,(415)-374-9955,(390)-054-7464,SSN,788-49-8351,https://randomuser.me/api/portraits/women/39.jpg,https://randomuser.me/api/portraits/med/women/39.jpg,https://randomuser.me/api/portraits/thumb/women/39.jpg,US
female,Ms,Amy,James,9601,Spring Hill Rd,Naperville,Vermont,United States,92988,9.7391,-143.5428,+5:45,Kathmandu,amy.james@example.com,1955-04-13T22:28:30.299Z,66,2014-02-21T08:23:25.741Z,7,(038)-163-6197,(234)-554-8420,SSN,681-07-5737,https://randomuser.me/api/portraits/women/13.jpg,https://randomuser.me/api/portraits/med/women/13.jpg,https://randomuser.me/api/portraits/thumb/women/13.jpg,US
female,Mrs,Samantha,Gibson,3382,Mockingbird Ln,Fountain Valley,Minnesota,United States,69714,-9.3703,176.8705,+5:45,Kathmandu,samantha.gibson@example.com,1973-02-12T15:41:07.325Z,48,2018-01-15T05:07:01.392Z,3,(944)-075-5066,(590)-800-8269,SSN,338-80-6186,https://randomuser.me/api/portraits/women/22.jpg,https://randomuser.me/api/portraits/med/women/22.jpg,https://randomuser.me/api/portraits/thumb/women/22.jpg,US
female,Mrs,Tracey,Hamilton,9439,Spring Hill Rd,Anchorage,Kentucky,United States,77413,-6.6846,-76.6635,+4:30,Kabul,tracey.hamilton@example.com,1949-08-29T21:43:53.175Z,72,2015-02-21T13:10:51.990Z,6,(895)-754-9113,(115)-516-3255,SSN,194-67-2565,https://randomuser.me/api/portraits/women/0.jpg,https://randomuser.me/api/portraits/med/women/0.jpg,https://randomuser.me/api/portraits/thumb/women/0.jpg,US
female,Ms,Nevaeh,Spencer,101,Washington Ave,Kent,Arizona,United States,36452,70.8913,153.7879,+4:30,Kabul,nevaeh.spencer@example.com,1993-08-02T21:56:10.191Z,28,2011-01-07T05:25:39.782Z,10,(522)-538-7493,(572)-900-6530,SSN,647-93-7377,https://randomuser.me/api/portraits/women/50.jpg,https://randomuser.me/api/portraits/med/women/50.jpg,https://randomuser.me/api/portraits/thumb/women/50.jpg,US
female,Miss,Hilda,Kelly,5557,Elgin St,Surrey,Missouri,United States,68921,46.8918,-118.3083,-10:00,Hawaii,hilda.kelly@example.com,1972-06-23T15:45:14.831Z,49,2004-10-25T16:35:36.448Z,17,(916)-043-8097,(518)-343-4492,SSN,875-67-6033,https://randomuser.me/api/portraits/women/93.jpg,https://randomuser.me/api/portraits/med/women/93.jpg,https://randomuser.me/api/portraits/thumb/women/93.jpg,US
female,Ms,Yvonne,Fernandez,1720,Harrison Ct,Roanoke,New Jersey,United States,64393,-43.6234,-76.7596,+3:30,Tehran,yvonne.fernandez@example.com,1947-04-07T22:51:40.450Z,74,2015-05-30T08:20:17.202Z,6,(276)-257-1326,(499)-183-9896,SSN,394-56-1255,https://randomuser.me/api/portraits/women/51.jpg,https://randomuser.me/api/portraits/med/women/51.jpg,https://randomuser.me/api/portraits/thumb/women/51.jpg,US
male,Mr,Alex,Richardson,7931,Cackson St,Nampa,Alaska,United States,40294,78.8855,-123.0088,+3:30,Tehran,alex.richardson@example.com,1964-04-29T02:36:45.165Z,57,2004-01-08T08:47:13.133Z,17,(300)-176-7590,(045)-764-4763,SSN,622-88-1744,https://randomuser.me/api/portraits/men/19.jpg,https://randomuser.me/api/portraits/med/men/19.jpg,https://randomuser.me/api/portraits/thumb/men/19.jpg,US
female,Miss,Gwendolyn,Hart,4857,Blossom Hill Rd,Allentown,Maine,United States,51173,-31.4895,112.0859,+4:30,Kabul,gwendolyn.hart@example.com,1995-11-09T04:15:39.033Z,26,2015-08-31T19:38:17.311Z,6,(388)-344-8638,(537)-191-7875,SSN,794-52-6432,https://randomuser.me/api/portraits/women/13.jpg,https://randomuser.me/api/portraits/med/women/13.jpg,https://randomuser.me/api/portraits/thumb/women/13.jpg,US
female,Mrs,Georgia,Stewart,4955,Pockrus Page Rd,Denton,Alabama,United States,79959,-17.9499,-44.8627,+4:30,Kabul,georgia.stewart@example.com,1952-02-26T19:34:05.198Z,69,2005-12-18T02:07:30.929Z,16,(923)-573-5748,(532)-534-3283,SSN,569-43-3226,https://randomuser.me/api/portraits/women/6.jpg,https://randomuser.me/api/portraits/med/women/6.jpg,https://randomuser.me/api/portraits/thumb/women/6.jpg,US
female,Mrs,Debbie,Matthews,2740,Bruce St,Fairfield,Tennessee,United States,40322,15.3935,148.1394,+3:30,Tehran,debbie.matthews@example.com,1947-05-29T20:58:37.496Z,74,2008-12-28T10:26:18.322Z,13,(650)-200-2363,(812)-742-4607,SSN,135-62-3828,https://randomuser.me/api/portraits/women/84.jpg,https://randomuser.me/api/portraits/med/women/84.jpg,https://randomuser.me/api/portraits/thumb/women/84.jpg,US
