gender,name.title,name.first,name.last,location.street.number,location.street.name,location.city,location.state,location.country,location.postcode,location.coordinates.latitude,location.coordinates.longitude,location.timezone.offset,location.timezone.description,email,dob.date,dob.age,registered.date,registered.age,phone,cell,id.name,id.value,picture.large,picture.medium,picture.thumbnail,nat
female,Ms,Josephine,Lynch,7159,Spring St,Escondido,California,United States,81999,71.9718,177.9647,-7:00,Mountain Time (US & Canada),josephine.lynch@example.com,1986-06-20T09:45:22.511Z,35,2013-06-25T11:59:11.885Z,8,(278)-821-0330,(645)-801-8591,SSN,902-29-1215,https://randomuser.me/api/portraits/women/84.jpg,https://randomuser.me/api/portraits/med/women/84.jpg,https://randomuser.me/api/portraits/thumb/women/84.jpg,US
female,Mrs,Diana,Bradley,4363,Depaul Dr,Pueblo,Texas,United States,93861,86.9241,-168.9394,-2:00,Mid-Atlantic,diana.bradley@example.com,1959-12-28T19:08:24.547Z,62,2008-03-08T16:03:29.981Z,13,(271)-937-3720,(675)-689-9029,SSN,534-92-1443,https://randomuser.me/api/portraits/women/76.jpg,https://randomuser.me/api/portraits/med/women/76.jpg,https://randomuser.me/api/portraits/thumb/women/76.jpg,US
female,Mrs,Addison,Weaver,4240,W Belt Line Rd,Philadelphia,Oklahoma,United States,93095,52.6925,61.4039,-9:00,Alaska,addison.weaver@example.com,1949-12-24T07:14:10.159Z,72,2008-04-13T23:44:53.145Z,13,(012)-196-3674,(580)-978-3197,SSN,956-10-2300,https://randomuser.me/api/portraits/women/11.jpg,https://randomuser.me/api/portraits/med/women/11.jpg,https://randomuser.me/api/portraits/thumb/women/11.jpg,US
female,Ms,Valerie,Sullivan,1077,Thornridge Cir,Little Rock,Alaska,United States,11159,-8.0513,-10.5836,+5:45,Kathmandu,valerie.sullivan@example.com,1964-01-09T23:54:00.083Z,57,2002-05-27T08:41:52.321Z,19,(948)-061-5267,(708)-907-9250,SSN,438-56-3604,https://randomuser.me/api/portraits/women/7.jpg,https://randomuser.me/api/portraits/med/women/7.jpg,https://randomuser.me/api/portraits/thumb/women/7.jpg,US
male,Mr,Rick,Brown,8429,Brown Terrace,Little Rock,Michigan,United States,44912,81.3019,-59.7278,-3:30,Newfoundland,rick.brown@example.com,1957-11-04T19:10:51.391Z,64,2015-11-12T16:17:12.430Z,6,(135)-568-3927,(582)-876-0327,SSN,577-47-7656,https://randomuser.me/api/portraits/men/1.jpg,https://randomuser.me/api/portraits/med/men/1.jpg,https://randomuser.me/api/portraits/thumb/men/1.jpg,US
female,Ms,Brianna,Hale,9445,Oak Lawn Ave,Redding,New Hampshire,United States,36850,-71.3357,-88.2594,-9:00,Alaska,brianna.hale@example.com,1954-03-19T22:41:22.005Z,67,2017-07-25T18:23:33.503Z,4,(225)-278-2557,(733)-764-8480,SSN,723-23-3980,https://randomuser.me/api/portraits/women/42.jpg,https://randomuser.me/api/portraits/med/women/42.jpg,https://randomuser.me/api/portraits/thumb/women/42.jpg,US
female,Ms,Gwendolyn,Harvey,8869,Washington Ave,Warren,South Dakota,United States,72404,-56.1317,-120.9205,+3:30,Tehran,gwendolyn.harvey@example.com,1978-04-04T12:24:39.629Z,43,2012-04-30T07:19:18.164Z,9,(352)-413-9824,(886)-552-1478,SSN,961-63-6397,https://randomuser.me/api/portraits/women/73.jpg,https://randomuser.me/api/portraits/med/women/73.jpg,https://randomuser.me/api/portraits/thumb/women/73.jpg,US
female,Miss,Miriam,Lawson,3742,Valley View Ln,Killeen,Nevada,United States,22352,70.8527,-96.9102,+3:30,Tehran,miriam.lawson@example.com,1976-03-24T17:28:33.738Z,45,2016-04-01T02:34:04.357Z,5,(472)-997-6267,(776)-670-2693,SSN,176-55-4712,https://randomuser.me/api/portraits/women/21.jpg,https://randomuser.me/api/portraits/med/women/21.jpg,https://randomuser.me/api/portraits/thumb/women/21.jpg,US
male,Mr,Jeffery,Barrett,7339,Mcclellan Rd,Ontario,Pennsylvania,United States,19927,-55.0030,121.4459,-8:00,Pacific Time (US & Canada),jeffery.barrett@example.com,1970-01-02T08:44:26.867Z,51,2004-03-19T16:46:40.870Z,17,(229)-174-0073,(723)-380-4436,SSN,981-93-0368,https://randomuser.me/api/portraits/men/32.jpg,https://randomuser.me/api/portraits/med/men/32.jpg,https://randomuser.me/api/portraits/thumb/men/32.jpg,US
female,Miss,Lily,Bates,3765,Pockrus Page Rd,Lousville,Colorado,United States,38205,-6.0002,-80.9545,-8:00,Pacific Time (US & Canada),lily.bates@example.com,1977-09-07T15:25:21.088Z,44,2005-09-19T13:20:57.452Z,16,(024)-922-8947,(241)-204-3355,SSN,619-88-6729,https://randomuser.me/api/portraits/women/73.jpg,https://randomuser.me/api/portraits/med/women/73.jpg,https://randomuser.me/api/portraits/thumb/women/73.jpg,US
male,Mr,Herman,Crawford,7956,Valley View Ln,Lakewood,Pennsylvania,United States,41701,-64.0003,52.1572,-10:00,Hawaii,herman.crawford@example.com,1966-12-08T05:45:17.895Z,55,2011-01-07T07:40:38.211Z,10,(476)-516-4957,(586)-947-0368,SSN,172-79-5816,https://randomuser.me/api/portraits/men/43.jpg,https://randomuser.me/api/portraits/med/men/43.jpg,https://randomuser.me/api/portraits/thumb/men/43.jpg,US
male,Mr,Jim,Jenkins,8497,Spring St,Topeka,Michigan,United States,77682,-37.8645,72.4253,+4:30,Kabul,jim.jenkins@example.com,1949-06-07T12:07:59.645Z,72,2016-12-01T11:42:15.542Z,5,(583)-165-6009,(338)-170-2247,SSN,184-33-6648,https://randomuser.me/api/portraits/men/25.jpg,https://randomuser.me/api/portraits/med/men/25.jpg,https://randomuser.me/api/portraits/thumb/men/25.jpg,US
female,Ms,Annie,Reid,1943,Brown Terrace,Fort Worth,South Dakota,United States,48973,-5.3645,156.3739,-3:30,Newfoundland,annie.reid@example.com,1982-12-16T21:51:41.228Z,39,2008-01-26T23:47:42.604Z,13,(321)-060-6108,(234)-256-7482,SSN,912-54-1051,https://randomuser.me/api/portraits/women/78.jpg,https://randomuser.me/api/portraits/med/women/78.jpg,https://randomuser.me/api/portraits/thumb/women/78.jpg,US
male,Mr,Matthew,Olson,1378,Nowlin Rd,Arlington,Rhode Island,United States,36986,-20.4945,4.7892,-8:00,Pacific Time (US & Canada),matthew.olson@example.com,1997-01-16T01:14:45.635Z,24,2018-04-13T10:50:10.997Z,3,(175)-645-9718,(299)-982-2805,SSN,800-91-4894,https://randomuser.me/api/portraits/men/59.jpg,https://randomuser.me/api/portraits/med/men/59.jpg,https://randomuser.me/api/portraits/thumb/men/59.jpg,US
male,Mr,Darryl,Miller,8777,Hillcrest Rd,Clarksville,Colorado,United States,56141,65.8205,-118.1627,-10:00,Hawaii,darryl.miller@example.com,1964-08-29T07:02:59.182Z,57,2018-05-04T03:35:49.527Z,3,(097)-268-4289,(943)-533-5814,SSN,710-28-2845,https://randomuser.me/api/portraits/men/57.jpg,https://randomuser.me/api/portraits/med/men/57.jpg,https://randomuser.me/api/portraits/thumb/men/57.jpg,US
female,Mrs,Aubree,Porter,7126,Prospect Rd,Shelby,Connecticut,United States,90247,3.4141,-141.8930,-9:00,Alaska,aubree.porter@example.com,1959-01-17T17:06:32.478Z,62,2014-11-04T09:10:19.417Z,7,(498)-658-0501,(751)-212-8655,SSN,423-77-5455,https://randomuser.me/api/portraits/women/82.jpg,https://randomuser.me/api/portraits/med/women/82.jpg,https://randomuser.me/api/portraits/thumb/women/82.jpg,US
female,Miss,Nicole,Taylor,4834,Lovers Ln,Kent,Texas,United States,54147,-53.9725,-176.0313,+5:45,Kathmandu,nicole.taylor@example.com,1990-01-06T16:55:05.356Z,31,2011-02-17T16:58:01.811Z,10,(381)-180-6064,(438)-974-5970,SSN,891-98-4289,https://randomuser.me/api/portraits/women/64.jpg,https://randomuser.me/api/portraits/med/women/64.jpg,https://randomuser.me/api/portraits/thumb/women/64.jpg,US
