gender,name.title,name.first,name.last,location.street.number,location.street.name,location.city,location.state,location.country,location.postcode,location.coordinates.latitude,location.coordinates.longitude,location.timezone.offset,location.timezone.description,email,dob.date,dob.age,registered.date,registered.age,phone,cell,id.name,id.value,picture.large,picture.medium,picture.thumbnail,nat
female,Ms,Ida,Martin,338,College St,Fresno,New Jersey,United States,64892,1.7316,19.3494,-8:00,Pacific Time (US & Canada),ida.martin@example.com,1977-05-28T00:33:39.320Z,44,2015-11-01T14:02:22.982Z,6,(046)-719-8589,(882)-570-8002,SSN,368-49-1743,https://randomuser.me/api/portraits/women/20.jpg,https://randomuser.me/api/portraits/med/women/20.jpg,https://randomuser.me/api/portraits/thumb/women/20.jpg,US
male,Mr,Everett,Byrd,4112,Brown Terrace,Seattle,Minnesota,United States,22345,-39.3789,65.3747,-7:00,Mountain Time (US & Canada),everett.byrd@example.com,1954-05-10T15:26:28.340Z,67,2015-08-17T09:38:30.886Z,6,(529)-609-2773,(368)-937-6587,SSN,233-56-1768,https://randomuser.me/api/portraits/men/44.jpg,https://randomuser.me/api/portraits/med/men/44.jpg,https://randomuser.me/api/portraits/thumb/men/44.jpg,US
male,Mr,Connor,Anderson,5321,E North St,Warren,Connecticut,United States,35507,-4.2962,147.1149,-10:00,Hawaii,connor.anderson@example.com,1966-08-02T20:29:39.714Z,55,2018-11-16T19:33:18.818Z,3,(675)-215-9242,(535)-499-4332,SSN,632-65-2638,https://randomuser.me/api/portraits/men/50.jpg,https://randomuser.me/api/portraits/med/men/50.jpg,https://randomuser.me/api/portraits/thumb/men/50.jpg,US
male,Mr,Jacob,Terry,9861,Cherry St,Vallejo,Nebraska,United States,65152,-39.1155,19.6806,-7:00,Mountain Time (US & Canada),jacob.terry@example.com,1965-12-27T18:37:59.931Z,56,2016-12-15T13:18:36.921Z,5,(382)-098-6709,(486)-682-7752,SSN,689-81-5319,https://randomuser.me/api/portraits/men/31.jpg,https://randomuser.me/api/portraits/med/men/31.jpg,https://randomuser.me/api/portraits/thumb/men/31.jpg,US
female,Ms,Julie,Neal,2528,Mockingbird Hill,Steilacoom,South Dakota,United States,46891,36.7084,104.4785,-2:00,Mid-Atlantic,julie.neal@example.com,1969-05-06T11:26:36.976Z,52,2004-07-21T18:37:40.909Z,17,(737)-324-5993,(762)-944-8505,SSN,033-72-6015,https://randomuser.me/api/portraits/women/69.jpg,https://randomuser.me/api/portraits/med/women/69.jpg,https://randomuser.me/api/portraits/thumb/women/69.jpg,US
female,Ms,June,Martinez,1666,W Pecan St,Irving,Utah,United States,37892,-62.7584,-129.1330,-9:00,Alaska,june.martinez@example.com,1962-02-02T13:39:18.279Z,59,2008-12-18T02:12:13.187Z,13,(041)-548-2293,(197)-078-2568,SSN,458-33-8692,https://randomuser.me/api/portraits/women/1.jpg,https://randomuser.me/api/portraits/med/women/1.jpg,https://randomuser.me/api/portraits/thumb/women/1.jpg,US
female,Miss,Charlotte,Welch,9928,Blossom Hill Rd,Moscow,Rhode Island,United States,72495,48.8483,82.8674,-7:00,Mountain Time (US & Canada),charlotte.welch@example.com,1974-09-08T15:55:50.473Z,47,2003-06-21T01:33:27.322Z,18,(045)-068-2730,(668)-990-8544,SSN,483-72-0962,https://randomuser.me/api/portraits/women/24.jpg,https://randomuser.me/api/portraits/med/women/24.jpg,https://randomuser.me/api/portraits/thumb/women/24.jpg,US
female,Miss,Irma,Cole,3785,W Campbell Ave,Portland,Pennsylvania,United States,23013,28.5495,-60.8173,+5:45,Kathmandu,irma.cole@example.com,1969-09-19T03:41:16.599Z,52,2006-04-19T19:21:45.442Z,15,(175)-172-7151,(933)-774-1734,SSN,733-18-7816,https://randomuser.me/api/portraits/women/52.jpg,https://randomuser.me/api/portraits/med/women/52.jpg,https://randomuser.me/api/portraits/thumb/women/52.jpg,US
female,Ms,Jessie,Hopkins,8025,Mcgowen St,Wilmington,Oregon,United States,84125,-34.2149,88.8026,-7:00,Mountain Time (US & Canada),jessie.hopkins@example.com,1957-01-28T20:28:50.811Z,64,2002-08-16T01:38:37.495Z,19,(450)-132-2691,(670)-879-0035,SSN,078-16-0147,https://randomuser.me/api/portraits/women/22.jpg,https://randomuser.me/api/portraits/med/women/22.jpg,https://randomuser.me/api/portraits/thumb/women/22.jpg,US
female,Miss,Christy,Bishop,549,Spring Hill Rd,El Paso,Indiana,United States,75043,86.0572,177.8533,-3:30,Newfoundland,christy.bishop@example.com,1985-11-13T04:56:04.365Z,36,2011-11-26T10:49:30.529Z,10,(086)-099-6912,(580)-746-5590,SSN,617-19-3241,https://randomuser.me/api/portraits/women/41.jpg,https://randomuser.me/api/portraits/med/women/41.jpg,https://randomuser.me/api/portraits/thumb/women/41.jpg,US
male,Mr,Matthew,Morrison,4442,Spring Hill Rd,Grand Rapids,Arizona,United States,37116,86.4955,-82.8477,+5:45,Kathmandu,matthew.morrison@example.com,1993-09-20T22:08:04.191Z,28,2019-07-09T15:59:20.076Z,2,(400)-250-0321,(850)-517-2949,SSN,482-69-5554,https://randomuser.me/api/portraits/men/49.jpg,https://randomuser.me/api/portraits/med/men/49.jpg,https://randomuser.me/api/portraits/thumb/men/49.jpg,US
male,Mr,Marc,Ray,531,Depaul Dr,Lakewood,Minnesota,United States,56432,-81.0574,-122.1640,-9:00,Alaska,marc.ray@example.com,1980-07-19T06:23:28.381Z,41,2002-12-03T11:59:33.544Z,19,(598)-352-2516,(577)-936-9969,SSN,792-05-5153,https://randomuser.me/api/portraits/men/41.jpg,https://randomuser.me/api/portraits/med/men/41.jpg,https://randomuser.me/api/portraits/thumb/men/41.jpg,US
male,Mr,Frank,Phillips,793,Elgin St,Minneapolis,South Dakota,United States,33678,-52.4083,-110.6080,-7:00,Mountain Time (US & Canada),frank.phillips@example.com,1981-06-21T22:24:55.963Z,40,2009-07-06T20:11:56.043Z,12,(394)-688-8481,(586)-147-1986,SSN,569-76-6015,https://randomuser.me/api/portraits/men/48.jpg,https://randomuser.me/api/portraits/med/men/48.jpg,https://randomuser.me/api/portraits/thumb/men/48.jpg,US
female,Miss,Annette,Cole,2026,Dane St,Hartford,Michigan,United States,74683,-13.0823,-125.0672,+4:30,Kabul,annette.cole@example.com,1988-11-22T18:01:07.108Z,33,2007-04-14T03:20:31.641Z,14,(409)-195-7650,(758)-170-9089,SSN,195-98-5982,https://randomuser.me/api/portraits/women/16.jpg,https://randomuser.me/api/portraits/med/women/16.jpg,https://randomuser.me/api/portraits/thumb/women/16.jpg,US
male,Mr,Sebastian,Collins,294,Lone Wolf Trail,Chattanooga,Alabama,United States,18631,9.2331,-136.5009,-8:00,Pacific Time (US & Canada),sebastian.collins@example.com,1955-04-21T14:25:11.633Z,66,2013-02-15T04:48:10.561Z,8,(430)-166-0827,(905)-091-7894,SSN,419-06-3726,https://randomuser.me/api/portraits/men/33.jpg,https://randomuser.me/api/portraits/med/men/33.jpg,https://randomuser.me/api/portraits/thumb/men/33.jpg,US
female,Mrs,Rosa,Ross,3755,Oak Ridge Ln,Cape Fear,Arkansas,United States,20454,81.1142,-114.4949,+5:45,Kathmandu,rosa.ross@example.com,1959-04-10T18:11:07.965Z,62,2011-03-13T03:27:39.829Z,10,(472)-755-1284,(113)-500-6439,SSN,268-62-6276,https://randomuser.me/api/portraits/women/14.jpg,https://randomuser.me/api/portraits/med/women/14.jpg,https://randomuser.me/api/portraits/thumb/women/14.jpg,US
male,Mr,Christopher,Carlson,1450,Parker Rd,Seattle,Washington,United States,73075,-48.3127,36.0268,-8:00,Pacific Time (US & Canada),christopher.carlson@example.com,1981-10-10T00:20:21.398Z,40,2011-09-14T15:24:02.088Z,10,(508)-589-0063,(744)-634-3225,SSN,734-06-5780,https://randomuser.me/api/portraits/men/96.jpg,https://randomuser.me/api/portraits/med/men/96.jpg,https://randomuser.me/api/portraits/thumb/men/96.jpg,US
male,Mr,Judd,Morales,7167,E Sandy Lake Rd,Pembroke Pines,Maryland,United States,46634,-13.1736,76.8270,+3:30,Tehran,judd.morales@example.com,1961-03-29T07:31:16.415Z,60,2007-10-11T16:18:40.613Z,14,(172)-587-3380,(134)-288-9558,SSN,907-53-7460,https://randomuser.me/api/portraits/men/60.jpg,https://randomuser.me/api/portraits/med/men/60.jpg,https://randomuser.me/api/portraits/thumb/men/60.jpg,US
female,Mrs,Kathryn,Griffin,4796,Spring St,Cedar Rapids,Utah,United States,60546,-56.5156,-13.7053,+4:30,Kabul,kathryn.griffin@example.com,1965-03-03T19:11:13.893Z,56,2006-04-01T21:57:59.226Z,15,(432)-459-2466,(621)-714-3996,SSN,446-32-9893,https://randomuser.me/api/portraits/women/4.jpg,https://randomuser.me/api/portraits/med/women/4.jpg,https://randomuser.me/api/portraits/thumb/women/4.jpg,US
female,Mrs,Mattie,Frazier,9682,Northaven Rd,Pearland,Arizona,United States,19446,5.3035,95.5298,-8:00,Pacific Time (US & Canada),mattie.frazier@example.com,1991-02-06T06:35:38.250Z,30,2016-08-22T14:10:10.224Z,5,(184)-628-8520,(542)-755-0480,SSN,923-61-6773,https://randomuser.me/api/portraits/women/11.jpg,https://randomuser.me/api/portraits/med/women/11.jpg,https://randomuser.me/api/portraits/thumb/women/11.jpg,US
female,Ms,Martha,Rogers,6106,Mockingbird Hill,Westminster,Texas,United States,77053,-43.3197,71.7853,+3:30,Tehran,martha.rogers@example.com,1955-02-08T16:31:13.477Z,66,2013-03-03T03:09:17.886Z,8,(352)-886-3396,(052)-324-4395,SSN,232-14-8004,https://randomuser.me/api/portraits/women/42.jpg,https://randomuser.me/api/portraits/med/women/42.jpg,https://randomuser.me/api/portraits/thumb/women/42.jpg,US
