gender,name.title,name.first,name.last,location.street.number,location.street.name,location.city,location.state,location.country,location.postcode,location.coordinates.latitude,location.coordinates.longitude,location.timezone.offset,location.timezone.description,email,dob.date,dob.age,registered.date,registered.age,phone,cell,id.name,id.value,picture.large,picture.medium,picture.thumbnail,nat
female,Miss,Joyce,Dean,8741,Forest Ln,Steilacoom,Ohio,United States,80632,-55.4406,-36.2730,+5:45,Kathmandu,joyce.dean@example.com,1973-12-28T15:32:52.470Z,48,2019-03-31T00:12:56.130Z,2,(787)-917-5966,(427)-818-6790,SSN,202-33-8439,https://randomuser.me/api/portraits/women/72.jpg,https://randomuser.me/api/portraits/med/women/72.jpg,https://randomuser.me/api/portraits/thumb/women/72.jpg,US
male,Mr,Danny,Scott,2098,Brown Terrace,Eugene,Kansas,United States,85554,13.2167,-9.3422,+3:30,Tehran,danny.scott@example.com,1965-12-21T17:37:41.910Z,56,2007-05-27T17:53:21.882Z,14,(812)-223-1178,(734)-790-6766,SSN,534-12-4439,https://randomuser.me/api/portraits/men/35.jpg,https://randomuser.me/api/portraits/med/men/35.jpg,https://randomuser.me/api/portraits/thumb/men/35.jpg,US
male,Mr,Dennis,Morrison,8137,Northaven Rd,Gilbert,Oregon,United States,25679,-53.9400,97.8559,-8:00,Pacific Time (US & Canada),dennis.morrison@example.com,1994-12-31T05:28:02.849Z,27,2018-09-18T04:54:46.112Z,3,(338)-642-4966,(679)-552-7555,SSN,353-25-9516,https://randomuser.me/api/portraits/men/68.jpg,https://randomuser.me/api/portraits/med/men/68.jpg,https://randomuser.me/api/portraits/thumb/men/68.jpg,US
male,Mr,Salvador,Peck,3173,Sunset St,Pembroke Pines,Arkansas,United States,14062,-61.1430,-68.7025,-7:00,Mountain Time (US & Canada),salvador.peck@example.com,1960-09-04T20:58:19.120Z,61,2004-08-08T19:01:52.314Z,17,(570)-404-7537,(424)-449-8039,SSN,118-01-5699,https://randomuser.me/api/portraits/men/34.jpg,https://randomuser.me/api/portraits/med/men/34.jpg,https://randomuser.me/api/portraits/thumb/men/34.jpg,US
male,Mr,Eddie,Wallace,4227,Fincher Rd,Savannah,South Dakota,United States,78078,47.5821,143.7311,-3:30,Newfoundland,eddie.wallace@example.com,1971-09-08T17:05:30.446Z,50,2018-07-01T21:48:29.969Z,3,(749)-357-5124,(130)-441-9673,SSN,168-56-6477,https://randomuser.me/api/portraits/men/82.jpg,https://randomuser.me/api/portraits/med/men/82.jpg,https://randomuser.me/api/portraits/thumb/men/82.jpg,US
male,Mr,Marc,Nelson,7188,Lakeview St,Cincinnati,Kansas,United States,96250,-24.2933,6.6470,+5:45,Kathmandu,marc.nelson@example.com,1952-11-04T08:13:34.559Z,69,2007-01-03T09:45:34.332Z,14,(435)-992-9211,(529)-003-4794,SSN,816-51-5317,https://randomuser.me/api/portraits/men/76.jpg,https://randomuser.me/api/portraits/med/men/76.jpg,https://randomuser.me/api/portraits/thumb/men/76.jpg,US
male,Mr,Luis,Mckinney,776,Homestead Rd,Flowermound,California,United States,28436,-71.5467,-136.7950,-2:00,Mid-Atlantic,luis.mckinney@example.com,1993-03-13T00:12:26.750Z,28,2004-03-04T02:01:15.409Z,17,(467)-765-4262,(203)-267-3888,SSN,849-80-7035,https://randomuser.me/api/portraits/men/29.jpg,https://randomuser.me/api/portraits/med/men/29.jpg,https://randomuser.me/api/portraits/thumb/men/29.jpg,US
female,Ms,Sylvia,Collins,8310,James St,High Point,Mississippi,United States,30376,47.7060,9.4532,-8:00,Pacific Time (US & Canada),sylvia.collins@example.com,1978-11-25T20:07:58.950Z,43,2010-08-11T20:02:32.172Z,11,(561)-543-0121,(506)-047-3206,SSN,025-19-2279,https://randomuser.me/api/portraits/women/44.jpg,https://randomuser.me/api/portraits/med/women/44.jpg,https://randomuser.me/api/portraits/thumb/women/44.jpg,US
male,Mr,Paul,Adams,5737,Stevens Creek Blvd,Raleigh,California,United States,27338,84.2362,51.0446,-3:30,Newfoundland,paul.adams@example.com,1995-02-16T22:44:58.913Z,26,2015-02-17T19:00:28.497Z,6,(996)-774-1319,(909)-873-4136,SSN,070-01-9543,https://randomuser.me/api/portraits/men/72.jpg,https://randomuser.me/api/portraits/med/men/72.jpg,https://randomuser.me/api/portraits/thumb/men/72.jpg,US
male,Mr,Tyler,Sims,1927,Thornridge Cir,Philadelphia,Delaware,United States,39074,-42.0578,-61.6420,-2:00,Mid-Atlantic,tyler.sims@example.com,1991-09-05T20:09:37.368Z,30,2009-03-18T07:57:36.189Z,12,(868)-821-2041,(305)-724-3693,SSN,472-43-1555,https://randomuser.me/api/portraits/men/66.jpg,https://randomuser.me/api/portraits/med/men/66.jpg,https://randomuser.me/api/portraits/thumb/men/66.jpg,US
female,Ms,Alicia,Baker,6684,Avondale Ave,Tampa,Maine,United States,91092,70.8275,136.9528,+3:30,Tehran,alicia.baker@example.com,1989-10-27T07:16:36.598Z,32,2006-09-06T18:14:02.217Z,15,(959)-443-0349,(506)-478-2511,SSN,065-16-0548,https://randomuser.me/api/portraits/women/91.jpg,https://randomuser.me/api/portraits/med/women/91.jpg,https://randomuser.me/api/portraits/thumb/women/91.jpg,US
male,Mr,Fred,Wright,2643,Mockingbird Hill,Stamford,Delaware,United States,13030,23.9631,-7.4975,-3:30,Newfoundland,fred.wright@example.com,1997-03-16T12:46:49.911Z,24,2011-01-19T20:03:28.971Z,10,(560)-006-3279,(731)-643-0006,SSN,294-57-7539,https://randomuser.me/api/portraits/men/6.jpg,https://randomuser.me/api/portraits/med/men/6.jpg,https://randomuser.me/api/portraits/thumb/men/6.jpg,US
female,Mrs,Margie,Hunt,7386,Fincher Rd,Palm Bay,Vermont,United States,84298,-25.7421,50.7035,+3:30,Tehran,margie.hunt@example.com,1966-01-22T10:15:51.097Z,55,2011-07-12T23:59:50.911Z,10,(968)-292-3598,(620)-936-0055,SSN,749-39-3094,https://randomuser.me/api/portraits/women/86.jpg,https://randomuser.me/api/portraits/med/women/86.jpg,https://randomuser.me/api/portraits/thumb/women/86.jpg,US
female,Miss,Joanne,Day,4784,Paddock Way,Bernalillo,Indiana,United States,68343,75.3565,2.1476,+3:30,Tehran,joanne.day@example.com,1952-04-27T12:22:26.841Z,69,2011-04-25T03:02:41.911Z,10,(866)-732-6434,(182)-617-9154,SSN,681-33-9219,https://randomuser.me/api/portraits/women/14.jpg,https://randomuser.me/api/portraits/med/women/14.jpg,https://randomuser.me/api/portraits/thumb/women/14.jpg,US
male,Mr,Brent,Gardner,9737,Hamilton Ave,Little Rock,Iowa,United States,46262,-3.3474,74.1434,-8:00,Pacific Time (US & Canada),brent.gardner@example.com,1993-05-27T23:39:41.321Z,28,2007-02-02T12:13:55.000Z,14,(435)-670-0794,(630)-427-1358,SSN,734-10-5279,https://randomuser.me/api/portraits/men/46.jpg,https://randomuser.me/api/portraits/med/men/46.jpg,https://randomuser.me/api/portraits/thumb/men/46.jpg,US
male,Mr,Reginald,Chapman,6126,Plum St,Arvada,Vermont,United States,25148,-69.6071,35.7577,+4:30,Kabul,reginald.chapman@example.com,1947-02-10T10:36:34.544Z,74,2011-05-13T21:04:51.867Z,10,(172)-122-8458,(071)-638-0000,SSN,184-07-6359,https://randomuser.me/api/portraits/men/63.jpg,https://randomuser.me/api/portraits/med/men/63.jpg,https://randomuser.me/api/portraits/thumb/men/63.jpg,US
female,Ms,Dana,Hamilton,8415,Pockrus Page Rd,Norman,North Dakota,United States,22410,27.2929,-89.8449,-9:00,Alaska,dana.hamilton@example.com,1968-01-01T18:00:51.334Z,53,2003-07-05T00:12:49.946Z,18,(448)-634-0890,(484)-140-5228,SSN,413-92-7121,https://randomuser.me/api/portraits/women/95.jpg,https://randomuser.me/api/portraits/med/women/95.jpg,https://randomuser.me/api/portraits/thumb/women/95.jpg,US
