gender,name.title,name.first,name.last,location.street.number,location.street.name,location.city,location.state,location.country,location.postcode,location.coordinates.latitude,location.coordinates.longitude,location.timezone.offset,location.timezone.description,email,dob.date,dob.age,registered.date,registered.age,phone,cell,id.name,id.value,picture.large,picture.medium,picture.thumbnail,nat
female,Miss,Naomi,Gonzalez,571,Hillcrest Rd,Phoenix,Pennsylvania,United States,22297,-41.7046,-18.2857,+4:30,Kabul,naomi.gonzalez@example.com,1958-12-17T23:42:48.332Z,63,2019-01-28T18:43:58.926Z,2,(801)-737-5342,(485)-090-9410,SSN,222-67-3999,https://randomuser.me/api/portraits/women/38.jpg,https://randomuser.me/api/portraits/med/women/38.jpg,https://randomuser.me/api/portraits/thumb/women/38.jpg,US
female,Mrs,Dora,Jimenez,7329,Camden Ave,Arlington,New Mexico,United States,97913,43.8594,89.8946,-2:00,Mid-Atlantic,dora.jimenez@example.com,1987-10-19T02:00:32.585Z,34,2008-02-01T19:02:11.965Z,13,(464)-478-5800,(133)-323-1182,SSN,286-59-2531,https://randomuser.me/api/portraits/women/75.jpg,https://randomuser.me/api/portraits/med/women/75.jpg,https://randomuser.me/api/portraits/thumb/women/75.jpg,US
male,Mr,Alvin,Hudson,1261,Royal Ln,Athens,Michigan,United States,61315,-42.3814,166.4871,-9:00,Alaska,alvin.hudson@example.com,1975-08-02T16:53:51.425Z,46,2011-12-13T16:00:22.423Z,10,(931)-884-0209,(180)-629-8149,SSN,266-26-0904,https://randomuser.me/api/portraits/men/47.jpg,https://randomuser.me/api/portraits/med/men/47.jpg,https://randomuser.me/api/portraits/thumb/men/47.jpg,US
male,Mr,Carlos,Bishop,5927,Pecan Acres Ln,Denton,Montana,United States,21590,16.9925,68.4186,-2:00,Mid-Atlantic,carlos.bishop@example.com,1947-01-04T22:26:37.669Z,74,2013-02-09T04:30:54.853Z,8,(954)-066-1522,(002)-211-4914,SSN,792-96-1538,https://randomuser.me/api/portraits/men/58.jpg,https://randomuser.me/api/portraits/med/men/58.jpg,https://randomuser.me/api/portraits/thumb/men/58.jpg,US
male,Mr,Robert,Welch,5787,Miller Ave,Baton Rouge,Alaska,United States,50434,-49.0558,40.5379,-3:30,Newfoundland,robert.welch@example.com,1995-08-05T23:41:18.521Z,26,2019-09-04T13:03:11.463Z,2,(442)-278-6956,(857)-128-9226,SSN,327-49-0662,https://randomuser.me/api/portraits/men/2.jpg,https://randomuser.me/api/portraits/med/men/2.jpg,https://randomuser.me/api/portraits/thumb/men/2.jpg,US
female,Mrs,Juanita,Rhodes,6229,Pockrus Page Rd,Jersey City,Arizona,United States,25630,-23.9711,82.3502,-10:00,Hawaii,juanita.rhodes@example.com,1993-03-17T01:21:06.898Z,28,2014-06-11T04:47:51.836Z,7,(068)-853-2218,(928)-204-4071,SSN,745-74-6464,https://randomuser.me/api/portraits/women/87.jpg,https://randomuser.me/api/portraits/med/women/87.jpg,https://randomuser.me/api/portraits/thumb/women/87.jpg,US
female,Miss,Pamela,Davidson,9589,W Campbell Ave,Inglewood,Nebraska,United States,48983,87.0867,-93.5850,+3:30,Tehran,pamela.davidson@example.com,1994-03-12T00:31:31.447Z,27,2006-01-28T12:38:06.535Z,15,(530)-450-8573,(675)-453-2654,SSN,354-70-4930,https://randomuser.me/api/portraits/women/56.jpg,https://randomuser.me/api/portraits/med/women/56.jpg,https://randomuser.me/api/portraits/thumb/women/56.jpg,US
female,Ms,Sharlene,Brooks,6052,Paddock Way,North Charleston,Wisconsin,United States,88490,-12.8026,-16.0651,-3:30,Newfoundland,sharlene.brooks@example.com,1976-01-06T16:37:51.330Z,45,2013-11-02T06:38:41.212Z,8,(698)-325-0179,(933)-865-1333,SSN,883-45-8262,https://randomuser.me/api/portraits/women/51.jpg,https://randomuser.me/api/portraits/med/women/51.jpg,https://randomuser.me/api/portraits/thumb/women/51.jpg,US
female,Ms,Lauren,Lucas,3801,Forest Ln,Jackson,New Jersey,United States,16555,56.3027,43.6374,-8:00,Pacific Time (US & Canada),lauren.lucas@example.com,1993-08-04T14:33:06.957Z,28,2008-11-20T00:10:58.446Z,13,(482)-439-7249,(118)-572-4178,SSN,883-17-9477,https://randomuser.me/api/portraits/women/62.jpg,https://randomuser.me/api/portraits/med/women/62.jpg,https://randomuser.me/api/portraits/thumb/women/62.jpg,US
male,Mr,Soham,Oliver,5196,Photinia Ave,Lancaster,Tennessee,United States,21559,-69.3759,-72.8768,-10:00,Hawaii,soham.oliver@example.com,1988-12-08T08:14:04.585Z,33,2004-09-03T15:54:56.062Z,17,(196)-748-0831,(676)-772-0344,SSN,985-76-4524,https://randomuser.me/api/portraits/men/91.jpg,https://randomuser.me/api/portraits/med/men/91.jpg,https://randomuser.me/api/portraits/thumb/men/91.jpg,US
female,Miss,Cherly,Ross,2723,N Stelling Rd,Hialeah,Washington,United States,27265,-75.9884,44.2525,+4:30,Kabul,cherly.ross@example.com,1989-08-27T03:15:08.690Z,32,2007-11-20T20:38:40.676Z,14,(674)-756-5609,(119)-533-5164,SSN,197-91-7320,https://randomuser.me/api/portraits/women/37.jpg,https://randomuser.me/api/portraits/med/women/37.jpg,https://randomuser.me/api/portraits/thumb/women/37.jpg,US
male,Mr,Willard,Mitchell,8305,Crockett St,Vancouver,Utah,United States,54806,65.1489,-107.2580,+3:30,Tehran,willard.mitchell@example.com,1954-02-23T01:41:11.657Z,67,2007-07-01T13:08:13.208Z,14,(018)-220-6933,(863)-905-2387,SSN,041-84-1143,https://randomuser.me/api/portraits/men/9.jpg,https://randomuser.me/api/portraits/med/men/9.jpg,https://randomuser.me/api/portraits/thumb/men/9.jpg,US
male,Mr,Marc,Price,5985,Hamilton Ave,Hartford,Mississippi,United States,76358,46.6487,-27.8876,+5:45,Kathmandu,marc.price@example.com,1970-03-16T17:13:40.990Z,51,2009-08-20T15:04:54.178Z,12,(184)-418-1580,(815)-170-2420,SSN,076-80-1092,https://randomuser.me/api/portraits/men/15.jpg,https://randomuser.me/api/portraits/med/men/15.jpg,https://randomuser.me/api/portraits/thumb/men/15.jpg,US
male,Mr,Darren,Berry,6227,Ranchview Dr,Bueblo,Rhode Island,United States,64575,-37.2362,1.6445,-8:00,Pacific Time (US & Canada),darren.berry@example.com,1997-09-17T07:00:44.412Z,24,2010-04-20T06:39:07.899Z,11,(260)-178-4277,(729)-689-7433,SSN,256-00-4237,https://randomuser.me/api/portraits/men/62.jpg,https://randomuser.me/api/portraits/med/men/62.jpg,https://randomuser.me/api/portraits/thumb/men/62.jpg,US
male,Mr,Lawrence,Mccoy,5176,Prospect Rd,Modesto,Ohio,United States,75889,47.9479,-96.4245,+3:30,Tehran,lawrence.mccoy@example.com,1974-01-10T00:01:52.378Z,47,2013-06-09T04:00:46.582Z,8,(381)-699-8428,(639)-857-8552,SSN,628-03-0479,https://randomuser.me/api/portraits/men/83.jpg,https://randomuser.me/api/portraits/med/men/83.jpg,https://randomuser.me/api/portraits/thumb/men/83.jpg,US
female,Miss,Hilda,Wells,8973,Ash Dr,Coral Springs,Arizona,United States,95016,15.5492,36.7264,-7:00,Mountain Time (US & Canada),hilda.wells@example.com,1989-04-19T20:41:56.592Z,32,2016-06-14T12:07:17.589Z,5,(693)-270-0165,(354)-939-4366,SSN,307-02-0882,https://randomuser.me/api/portraits/women/78.jpg,https://randomuser.me/api/portraits/med/women/78.jpg,https://randomuser.me/api/portraits/thumb/women/78.jpg,US
male,Mr,Claude,Medina,8676,Wycliff Ave,Fremont,Florida,United States,18175,38.9887,6.5144,-3:30,Newfoundland,claude.medina@example.com,1975-10-01T17:50:26.914Z,46,2005-08-09T21:42:58.761Z,16,(945)-993-0425,(863)-664-9088,SSN,767-31-2168,https://randomuser.me/api/portraits/men/27.jpg,https://randomuser.me/api/portraits/med/men/27.jpg,https://randomuser.me/api/portraits/thumb/men/27.jpg,US
female,Miss,Marian,Graham,6732,Photinia Ave,Tempe,New Jersey,United States,31155,-77.2127,110.3370,-3:30,Newfoundland,marian.graham@example.com,1995-07-16T03:23:07.244Z,26,2004-10-14T08:52:12.137Z,17,(696)-266-1628,(252)-486-8683,SSN,201-24-2191,https://randomuser.me/api/portraits/women/46.jpg,https://randomuser.me/api/portraits/med/women/46.jpg,https://randomuser.me/api/portraits/thumb/women/46.jpg,US
