gender,name.title,name.first,name.last,location.street.number,location.street.name,location.city,location.state,location.country,location.postcode,location.coordinates.latitude,location.coordinates.longitude,location.timezone.offset,location.timezone.description,email,dob.date,dob.age,registered.date,registered.age,phone,cell,id.name,id.value,picture.large,picture.medium,picture.thumbnail,nat
male,Mr,Jared,Rodriquez,3580,Bollinger Rd,Tempe,Michigan,United States,33889,-17.1296,62.5572,-2:00,Mid-Atlantic,jared.rodriquez@example.com,1964-06-27T11:53:30.372Z,57,2016-12-25T13:38:38.522Z,5,(793)-680-5500,(248)-331-3082,SSN,036-19-5330,https://randomuser.me/api/portraits/men/57.jpg,https://randomuser.me/api/portraits/med/men/57.jpg,https://randomuser.me/api/portraits/thumb/men/57.jpg,US
male,Mr,Peter,Burton,4107,Shady Ln Dr,Concord,Colorado,United States,66398,-58.6792,158.3794,+4:30,Kabul,peter.burton@example.com,1984-05-23T06:36:04.375Z,37,2011-12-14T22:07:03.733Z,10,(255)-928-4778,(290)-382-7651,SSN,600-50-1399,https://randomuser.me/api/portraits/men/88.jpg,https://randomuser.me/api/portraits/med/men/88.jpg,https://randomuser.me/api/portraits/thumb/men/88.jpg,US
male,Mr,Chester,Perkins,6067,Valley View Ln,Tallahassee,Wyoming,United States,79634,-38.5976,-110.1718,-8:00,Pacific Time (US & Canada),chester.perkins@example.com,1960-03-11T05:08:32.985Z,61,2019-07-13T01:49:41.224Z,2,(341)-740-7311,(224)-082-0107,SSN,311-96-4939,https://randomuser.me/api/portraits/men/71.jpg,https://randomuser.me/api/portraits/med/men/71.jpg,https://randomuser.me/api/portraits/thumb/men/71.jpg,US
female,Ms,Audrey,Sullivan,9332,Taylor St,Oklahoma City,Missouri,United States,92127,62.5601,102.8107,-10:00,Hawaii,audrey.sullivan@example.com,1986-05-09T08:59:33.621Z,35,2011-01-06T10:58:34.265Z,10,(734)-460-6466,(128)-714-2608,SSN,497-07-8593,https://randomuser.me/api/portraits/women/81.jpg,https://randomuser.me/api/portraits/med/women/81.jpg,https://randomuser.me/api/portraits/thumb/women/81.jpg,US
male,Mr,Joshua,Olson,9524,Walnut Hill Ln,Miami Gardens,Washington,United States,84613,11.9943,21.7556,-9:00,Alaska,joshua.olson@example.com,1962-05-09T14:48:53.412Z,59,2017-01-03T17:17:13.887Z,4,(727)-766-2704,(054)-474-2182,SSN,298-36-3383,https://randomuser.me/api/portraits/men/93.jpg,https://randomuser.me/api/portraits/med/men/93.jpg,https://randomuser.me/api/portraits/thumb/men/93.jpg,US
male,Mr,Same,Hudson,4038,Hunters Creek Dr,Santa Maria,Virginia,United States,32448,79.7816,119.8295,-8:00,Pacific Time (US & Canada),same.hudson@example.com,1971-02-22T17:53:31.079Z,50,2008-03-04T22:24:41.849Z,13,(185)-326-2932,(394)-732-7278,SSN,741-27-9200,https://randomuser.me/api/portraits/men/90.jpg,https://randomuser.me/api/portraits/med/men/90.jpg,https://randomuser.me/api/portraits/thumb/men/90.jpg,US
male,Mr,Andrew,Flores,5991,Crockett St,Wilmington,Missouri,United States,98273,-37.1551,70.5763,+5:45,Kathmandu,andrew.flores@example.com,1961-11-03T06:59:43.870Z,60,2007-03-06T13:15:25.968Z,14,(565)-398-5759,(312)-611-2464,SSN,804-27-3103,https://randomuser.me/api/portraits/men/33.jpg,https://randomuser.me/api/portraits/med/men/33.jpg,https://randomuser.me/api/portraits/thumb/men/33.jpg,US
male,Mr,Byron,Bowman,6031,Hunters Creek Dr,Aurora,Vermont,United States,80756,-47.8936,-139.1309,-9:00,Alaska,byron.bowman@example.com,1967-09-11T21:35:14.491Z,54,2018-02-11T18:07:43.343Z,3,(187)-583-7282,(499)-967-3397,SSN,607-66-7570,https://randomuser.me/api/portraits/men/53.jpg,https://randomuser.me/api/portraits/med/men/53.jpg,https://randomuser.me/api/portraits/thumb/men/53.jpg,US
male,Mr,Nicholas,Howell,2924,Mcgowen St,Charlotte,Kentucky,United States,91655,45.3542,173.5372,+5:45,Kathmandu,nicholas.howell@example.com,1958-02-20T02:54:27.500Z,63,2010-12-13T05:21:53.054Z,11,(202)-913-4286,(653)-224-7043,SSN,792-62-9960,https://randomuser.me/api/portraits/men/48.jpg,https://randomuser.me/api/portraits/med/men/48.jpg,https://randomuser.me/api/portraits/thumb/men/48.jpg,US
