gender,name.title,name.first,name.last,location.street.number,location.street.name,location.city,location.state,location.country,location.postcode,location.coordinates.latitude,location.coordinates.longitude,location.timezone.offset,location.timezone.description,email,dob.date,dob.age,registered.date,registered.age,phone,cell,id.name,id.value,picture.large,picture.medium,picture.thumbnail,nat
female,Mrs,Charlotte,Williams,3333,Paddock Way,Pearland,Minnesota,United States,61594,-5.0193,-19.4521,-8:00,Pacific Time (US & Canada),charlotte.williams@example.com,1954-07-11T17:37:17.172Z,67,2009-02-09T09:02:53.209Z,12,(690)-938-3438,(467)-953-7899,SSN,334-68-7606,https://randomuser.me/api/portraits/women/76.jpg,https://randomuser.me/api/portraits/med/women/76.jpg,https://randomuser.me/api/portraits/thumb/women/76.jpg,US
female,Miss,Michelle,Henry,9642,W Campbell Ave,Santa Clarita,Utah,United States,78836,48.4557,-57.9952,+3:30,Tehran,michelle.henry@example.com,1948-02-11T15:26:31.188Z,73,2016-10-25T06:13:06.232Z,5,(673)-158-9283,(019)-596-1380,SSN,158-61-4285,https://randomuser.me/api/portraits/women/67.jpg,https://randomuser.me/api/portraits/med/women/67.jpg,https://randomuser.me/api/portraits/thumb/women/67.jpg,US
female,Mrs,Alexis,Ryan,7278,Lone Wolf Trail,Great Falls,Kentucky,United States,11865,40.3585,-176.6570,-9:00,Alaska,alexis.ryan@example.com,1988-07-30T18:11:44.711Z,33,2019-03-21T06:59:39.333Z,2,(292)-318-4662,(499)-069-5509,SSN,429-73-4789,https://randomuser.me/api/portraits/women/88.jpg,https://randomuser.me/api/portraits/med/women/88.jpg,https://randomuser.me/api/portraits/thumb/women/88.jpg,US
female,Ms,Ellen,Perkins,1215,Spring St,Thornton,Iowa,United States,80991,-12.2243,-110.2705,-2:00,Mid-Atlantic,ellen.perkins@example.com,1948-07-30T02:49:23.375Z,73,2003-12-06T05:23:08.172Z,18,(768)-030-7395,(055)-196-5142,SSN,789-32-9564,https://randomuser.me/api/portraits/women/5.jpg,https://randomuser.me/api/portraits/med/women/5.jpg,https://randomuser.me/api/portraits/thumb/women/5.jpg,US
female,Mrs,Joann,Martinez,4643,Bollinger Rd,Red Oak,Alaska,United States,53527,80.1980,-130.8752,-8:00,Pacific Time (US & Canada),joann.martinez@example.com,1956-07-27T04:21:55.986Z,65,2017-04-27T04:31:16.024Z,4,(187)-952-6649,(429)-656-4357,SSN,823-59-6990,https://randomuser.me/api/portraits/women/22.jpg,https://randomuser.me/api/portraits/med/women/22.jpg,https://randomuser.me/api/portraits/thumb/women/22.jpg,US
female,Miss,Tamara,Vasquez,6652,Edwards Rd,Chesapeake,South Carolina,United States,98882,85.3555,-122.4494,+5:45,Kathmandu,tamara.vasquez@example.com,1969-07-18T21:14:21.717Z,52,2015-12-18T00:10:22.317Z,6,(698)-415-2552,(191)-797-4099,SSN,324-61-4765,https://randomuser.me/api/portraits/women/12.jpg,https://randomuser.me/api/portraits/med/women/12.jpg,https://randomuser.me/api/portraits/thumb/women/12.jpg,US
female,Mrs,Melissa,Garcia,4193,Crockett St,Caldwell,Michigan,United States,58906,-38.8061,103.9662,-7:00,Mountain Time (US & Canada),melissa.garcia@example.com,1945-07-26T08:09:21.799Z,76,2002-11-13T19:03:08.780Z,19,(254)-813-8157,(121)-471-5784,SSN,702-87-8607,https://randomuser.me/api/portraits/women/68.jpg,https://randomuser.me/api/portraits/med/women/68.jpg,https://randomuser.me/api/portraits/thumb/women/68.jpg,US
female,Mrs,Zoe,Parker,4610,Frances Ct,Altoona,North Carolina,United States,90783,87.1487,147.1516,-10:00,Hawaii,zoe.parker@example.com,1964-04-26T00:39:37.945Z,57,2017-01-25T02:33:35.460Z,4,(752)-425-1016,(439)-262-4389,SSN,662-69-7432,https://randomuser.me/api/portraits/women/53.jpg,https://randomuser.me/api/portraits/med/women/53.jpg,https://randomuser.me/api/portraits/thumb/women/53.jpg,US
female,Mrs,Beverly,Hicks,8191,Green Rd,Anchorage,Michigan,United States,15254,77.7448,-85.6007,-8:00,Pacific Time (US & Canada),beverly.hicks@example.com,1979-03-27T06:57:21.875Z,42,2010-02-03T09:37:10.128Z,11,(494)-717-7273,(650)-242-2490,SSN,446-30-1130,https://randomuser.me/api/portraits/women/3.jpg,https://randomuser.me/api/portraits/med/women/3.jpg,https://randomuser.me/api/portraits/thumb/women/3.jpg,US
