gender,name.title,name.first,name.last,location.street.number,location.street.name,location.city,location.state,location.country,location.postcode,location.coordinates.latitude,location.coordinates.longitude,location.timezone.offset,location.timezone.description,email,dob.date,dob.age,registered.date,registered.age,phone,cell,id.name,id.value,picture.large,picture.medium,picture.thumbnail,nat
female,Mrs,Sonia,Chapman,8824,Paddock Way,San Francisco,Nevada,United States,69954,-50.8348,116.3451,-3:30,Newfoundland,sonia.chapman@example.com,1983-12-01T13:27:25.956Z,38,2019-06-13T22:30:59.040Z,2,(140)-270-4424,(267)-512-1743,SSN,860-40-2229,https://randomuser.me/api/portraits/women/61.jpg,https://randomuser.me/api/portraits/med/women/61.jpg,https://randomuser.me/api/portraits/thumb/women/61.jpg,US
male,Mr,Rene,Henry,417,Marsh Ln,Westminster,Florida,United States,73524,-5.5111,-84.4705,-7:00,Mountain Time (US & Canada),rene.henry@example.com,1984-06-25T20:10:14.056Z,37,2005-01-09T10:59:39.219Z,16,(449)-802-4231,(844)-697-0583,SSN,479-01-1396,https://randomuser.me/api/portraits/men/9.jpg,https://randomuser.me/api/portraits/med/men/9.jpg,https://randomuser.me/api/portraits/thumb/men/9.jpg,US
female,Mrs,Claire,Spencer,5295,Rolling Green Rd,Grand Prairie,Minnesota,United States,15210,-7.8715,-55.8265,-10:00,Hawaii,claire.spencer@example.com,1980-01-14T20:57:25.343Z,41,2018-03-23T21:11:58.891Z,3,(984)-974-7754,(852)-077-0426,SSN,200-84-9345,https://randomuser.me/api/portraits/women/60.jpg,https://randomuser.me/api/portraits/med/women/60.jpg,https://randomuser.me/api/portraits/thumb/women/60.jpg,US
female,Mrs,Melanie,Meyer,2391,Timber Wolf Trail,North Las Vegas,Idaho,United States,57568,84.1037,-30.2830,-2:00,Mid-Atlantic,melanie.meyer@example.com,1977-05-16T13:14:49.983Z,44,2003-06-20T00:26:22.529Z,18,(281)-531-7036,(220)-238-5487,SSN,033-48-5259,https://randomuser.me/api/portraits/women/57.jpg,https://randomuser.me/api/portraits/med/women/57.jpg,https://randomuser.me/api/portraits/thumb/women/57.jpg,US
female,Ms,Eleanor,Wright,7813,Frances Ct,Ennis,North Dakota,United States,98380,-7.0516,167.4654,-2:00,Mid-Atlantic,eleanor.wright@example.com,1987-03-22T05:17:22.821Z,34,2006-01-14T03:26:48.208Z,15,(876)-818-7709,(148)-114-5776,SSN,523-78-9834,https://randomuser.me/api/portraits/women/74.jpg,https://randomuser.me/api/portraits/med/women/74.jpg,https://randomuser.me/api/portraits/thumb/women/74.jpg,US
male,Mr,Dennis,Flores,6971,Washington Ave,San Diego,Utah,United States,46324,80.0467,44.4735,-10:00,Hawaii,dennis.flores@example.com,1994-09-20T18:09:24.806Z,27,2018-10-26T05:06:42.635Z,3,(362)-290-3557,(903)-829-6590,SSN,390-70-0438,https://randomuser.me/api/portraits/men/70.jpg,https://randomuser.me/api/portraits/med/men/70.jpg,https://randomuser.me/api/portraits/thumb/men/70.jpg,US
female,Ms,Isobel,Douglas,302,Brown Terrace,Plano,Oklahoma,United States,77625,-16.1055,-177.1088,+3:30,Tehran,isobel.douglas@example.com,1962-05-09T11:59:54.315Z,59,2018-03-14T14:29:42.971Z,3,(996)-968-6081,(488)-099-4306,SSN,334-99-8876,https://randomuser.me/api/portraits/women/71.jpg,https://randomuser.me/api/portraits/med/women/71.jpg,https://randomuser.me/api/portraits/thumb/women/71.jpg,US
female,Mrs,Priscilla,Mitchelle,5899,First Street,Paterson,Texas,United States,50255,-1.2261,37.6446,-8:00,Pacific Time (US & Canada),priscilla.mitchelle@example.com,1991-06-23T01:43:30.317Z,30,2014-07-06T19:28:55.324Z,7,(522)-975-9403,(649)-931-0811,SSN,718-61-6001,https://randomuser.me/api/portraits/women/82.jpg,https://randomuser.me/api/portraits/med/women/82.jpg,https://randomuser.me/api/portraits/thumb/women/82.jpg,US
male,Mr,Tyrone,Horton,4507,First Street,West Jordan,New York,United States,75099,48.6955,51.5397,-8:00,Pacific Time (US & Canada),tyrone.horton@example.com,1991-10-29T01:04:32.603Z,30,2015-01-02T21:12:50.764Z,6,(197)-470-2807,(073)-416-3394,SSN,262-55-1845,https://randomuser.me/api/portraits/men/76.jpg,https://randomuser.me/api/portraits/med/men/76.jpg,https://randomuser.me/api/portraits/thumb/men/76.jpg,US
female,Ms,Charlotte,Meyer,2283,Sunset St,Cape Fear,Virginia,United States,12184,43.3569,149.2181,+3:30,Tehran,charlotte.meyer@example.com,1946-08-27T19:40:43.994Z,75,2011-11-20T18:44:08.621Z,10,(042)-048-6732,(848)-913-7743,SSN,279-39-6731,https://randomuser.me/api/portraits/women/34.jpg,https://randomuser.me/api/portraits/med/women/34.jpg,https://randomuser.me/api/portraits/thumb/women/34.jpg,US
female,Ms,Lauren,Barnes,6604,W Belt Line Rd,Rochester,Oregon,United States,90890,17.8645,-46.7637,-2:00,Mid-Atlantic,lauren.barnes@example.com,1985-08-01T06:53:32.282Z,36,2002-05-18T14:51:39.026Z,19,(892)-907-5702,(286)-914-9429,SSN,685-75-8253,https://randomuser.me/api/portraits/women/36.jpg,https://randomuser.me/api/portraits/med/women/36.jpg,https://randomuser.me/api/portraits/thumb/women/36.jpg,US
male,Mr,Owen,Beck,2029,Lone Wolf Trail,Roanoke,Hawaii,United States,31900,57.7826,166.4581,-3:30,Newfoundland,owen.beck@example.com,1975-05-06T13:09:13.104Z,46,2017-01-17T18:39:34.728Z,4,(844)-074-0903,(983)-155-9412,SSN,498-92-9025,https://randomuser.me/api/portraits/men/64.jpg,https://randomuser.me/api/portraits/med/men/64.jpg,https://randomuser.me/api/portraits/thumb/men/64.jpg,US
male,Mr,Zack,Graham,390,W Dallas St,Arlington,Wyoming,United States,27731,35.3404,41.7352,-3:30,Newfoundland,zack.graham@example.com,1990-12-11T18:20:32.343Z,31,2003-03-14T15:05:37.662Z,18,(251)-229-2970,(855)-616-6545,SSN,823-02-4382,https://randomuser.me/api/portraits/men/25.jpg,https://randomuser.me/api/portraits/med/men/25.jpg,https://randomuser.me/api/portraits/thumb/men/25.jpg,US
female,Mrs,Hilda,Crawford,8300,Daisy Dr,Ontario,Utah,United States,81376,-1.7695,-115.6542,-2:00,Mid-Atlantic,hilda.crawford@example.com,1970-03-15T14:37:30.485Z,51,2019-08-10T04:34:07.462Z,2,(263)-345-6372,(610)-418-9896,SSN,131-65-6948,https://randomuser.me/api/portraits/women/74.jpg,https://randomuser.me/api/portraits/med/women/74.jpg,https://randomuser.me/api/portraits/thumb/women/74.jpg,US
male,Mr,Jeremy,Romero,9321,Mcgowen St,Cambridge,Ohio,United States,19969,33.1110,-37.9459,+4:30,Kabul,jeremy.romero@example.com,1959-05-29T18:57:17.370Z,62,2015-09-14T20:53:25.078Z,6,(649)-530-5472,(144)-279-5435,SSN,854-75-5734,https://randomuser.me/api/portraits/men/14.jpg,https://randomuser.me/api/portraits/med/men/14.jpg,https://randomuser.me/api/portraits/thumb/men/14.jpg,US
female,Mrs,Linda,Gonzalez,8548,Fincher Rd,Fort Lauderdale,Maryland,United States,50914,-26.2388,-171.9746,+5:45,Kathmandu,linda.gonzalez@example.com,1954-12-21T03:25:38.168Z,67,2016-08-13T09:27:39.866Z,5,(470)-736-0539,(258)-608-4249,SSN,751-36-4608,https://randomuser.me/api/portraits/women/21.jpg,https://randomuser.me/api/portraits/med/women/21.jpg,https://randomuser.me/api/portraits/thumb/women/21.jpg,US
male,Mr,Clinton,Taylor,5126,Mcgowen St,Murfreesboro,Indiana,United States,99406,38.8452,-32.9494,+3:30,Tehran,clinton.taylor@example.com,1945-05-15T00:40:25.354Z,76,2003-11-26T02:18:10.980Z,18,(669)-877-8569,(537)-621-0993,SSN,069-53-7923,https://randomuser.me/api/portraits/men/60.jpg,https://randomuser.me/api/portraits/med/men/60.jpg,https://randomuser.me/api/portraits/thumb/men/60.jpg,US
female,Mrs,Lynn,Mcdonalid,8943,Camden Ave,Little Rock,Tennessee,United States,88109,87.8507,172.2373,-7:00,Mountain Time (US & Canada),lynn.mcdonalid@example.com,1982-02-20T17:58:57.679Z,39,2002-06-15T11:49:27.651Z,19,(566)-450-4828,(134)-885-2734,SSN,057-66-8305,https://randomuser.me/api/portraits/women/30.jpg,https://randomuser.me/api/portraits/med/women/30.jpg,https://randomuser.me/api/portraits/thumb/women/30.jpg,US
female,Mrs,Juanita,Price,3412,Spring Hill Rd,Lowell,Massachusetts,United States,92007,-63.2283,-12.9666,-2:00,Mid-Atlantic,juanita.price@example.com,1945-09-01T13:31:08.459Z,76,2012-11-24T07:50:58.603Z,9,(611)-779-8908,(138)-782-6520,SSN,080-13-2563,https://randomuser.me/api/portraits/women/81.jpg,https://randomuser.me/api/portraits/med/women/81.jpg,https://randomuser.me/api/portraits/thumb/women/81.jpg,US
