gender,name.title,name.first,name.last,location.street.number,location.street.name,location.city,location.state,location.country,location.postcode,location.coordinates.latitude,location.coordinates.longitude,location.timezone.offset,location.timezone.description,email,dob.date,dob.age,registered.date,registered.age,phone,cell,id.name,id.value,picture.large,picture.medium,picture.thumbnail,nat
male,Mr,Billy,Powell,1801,Wycliff Ave,Beaumont,Oklahoma,United States,32319,5.7731,-92.3634,-3:30,Newfoundland,billy.powell@example.com,1987-05-21T06:43:01.290Z,34,2015-04-25T01:42:22.487Z,6,(302)-291-4908,(024)-854-8085,SSN,515-23-3330,https://randomuser.me/api/portraits/men/64.jpg,https://randomuser.me/api/portraits/med/men/64.jpg,https://randomuser.me/api/portraits/thumb/men/64.jpg,US
female,Miss,Hazel,Cox,3212,Cherry St,Salinas,South Dakota,United States,12685,-55.2978,-139.0642,-9:00,Alaska,hazel.cox@example.com,1947-06-08T10:19:54.480Z,74,2019-02-23T10:30:03.559Z,2,(255)-870-2899,(702)-319-8745,SSN,137-43-4710,https://randomuser.me/api/portraits/women/49.jpg,https://randomuser.me/api/portraits/med/women/49.jpg,https://randomuser.me/api/portraits/thumb/women/49.jpg,US
female,Ms,Misty,Holt,9224,Forest Ln,Laredo,Connecticut,United States,83955,83.9919,164.2756,+4:30,Kabul,misty.holt@example.com,1948-09-24T18:12:27.973Z,73,2009-07-12T15:15:50.142Z,12,(031)-294-2396,(606)-764-3960,SSN,832-47-7092,https://randomuser.me/api/portraits/women/3.jpg,https://randomuser.me/api/portraits/med/women/3.jpg,https://randomuser.me/api/portraits/thumb/women/3.jpg,US
female,Miss,Judy,Ross,6957,Valwood Pkwy,Pueblo,Wisconsin,United States,19870,-53.8730,165.9767,+5:45,Kathmandu,judy.ross@example.com,1945-07-27T12:41:18.787Z,76,2019-03-26T17:10:40.051Z,2,(795)-551-5369,(902)-645-8264,SSN,195-32-9121,https://randomuser.me/api/portraits/women/29.jpg,https://randomuser.me/api/portraits/med/women/29.jpg,https://randomuser.me/api/portraits/thumb/women/29.jpg,US
female,Miss,Misty,Roberts,592,Shady Ln Dr,Clearwater,Alaska,United States,61098,-51.3348,-128.7957,+3:30,Tehran,misty.roberts@example.com,1965-05-18T19:51:25.988Z,56,2016-05-18T03:32:56.279Z,5,(211)-745-3820,(587)-356-7841,SSN,046-20-5010,https://randomuser.me/api/portraits/women/11.jpg,https://randomuser.me/api/portraits/med/women/11.jpg,https://randomuser.me/api/portraits/thumb/women/11.jpg,US
male,Mr,Brayden,Peck,7728,Lakeview St,Tucson,North Carolina,United States,12297,-39.5709,171.1845,-7:00,Mountain Time (US & Canada),brayden.peck@example.com,1972-06-08T07:08:42.536Z,49,2018-01-13T07:19:45.909Z,3,(290)-780-5589,(713)-477-2318,SSN,630-00-9835,https://randomuser.me/api/portraits/men/84.jpg,https://randomuser.me/api/portraits/med/men/84.jpg,https://randomuser.me/api/portraits/thumb/men/84.jpg,US
female,Ms,Sophia,Olson,1873,Harrison Ct,Fremont,New York,United States,15668,21.1750,61.9872,-8:00,Pacific Time (US & Canada),sophia.olson@example.com,1981-01-15T21:24:35.021Z,40,2005-04-10T01:38:58.407Z,16,(303)-275-2494,(853)-373-0292,SSN,560-38-6327,https://randomuser.me/api/portraits/women/42.jpg,https://randomuser.me/api/portraits/med/women/42.jpg,https://randomuser.me/api/portraits/thumb/women/42.jpg,US
male,Mr,Lloyd,Morrison,5556,Daisy Dr,Peoria,Minnesota,United States,66659,83.8981,5.3010,-3:30,Newfoundland,lloyd.morrison@example.com,1989-05-28T05:15:29.455Z,32,2011-01-17T09:06:37.714Z,10,(846)-194-7139,(281)-705-9549,SSN,584-12-5647,https://randomuser.me/api/portraits/men/78.jpg,https://randomuser.me/api/portraits/med/men/78.jpg,https://randomuser.me/api/portraits/thumb/men/78.jpg,US
female,Miss,Juanita,George,5040,Cackson St,Norfolk,Illinois,United States,30346,-20.2639,-175.8124,-3:30,Newfoundland,juanita.george@example.com,1947-11-23T18:00:23.278Z,74,2015-03-05T03:05:16.715Z,6,(227)-301-6929,(880)-257-2249,SSN,845-49-0507,https://randomuser.me/api/portraits/women/87.jpg,https://randomuser.me/api/portraits/med/women/87.jpg,https://randomuser.me/api/portraits/thumb/women/87.jpg,US
male,Mr,Roy,Ramirez,3278,Woodland St,Virginia Beach,Alaska,United States,59849,87.2836,149.1173,-2:00,Mid-Atlantic,roy.ramirez@example.com,1963-03-21T20:02:32.798Z,58,2013-09-01T14:20:23.263Z,8,(092)-279-9136,(678)-519-7079,SSN,171-87-0924,https://randomuser.me/api/portraits/men/60.jpg,https://randomuser.me/api/portraits/med/men/60.jpg,https://randomuser.me/api/portraits/thumb/men/60.jpg,US
male,Mr,Johnny,Dunn,3880,Lone Wolf Trail,Alexandria,Alaska,United States,76155,-42.3245,42.1859,-9:00,Alaska,johnny.dunn@example.com,1982-08-25T22:51:40.405Z,39,2008-10-25T07:42:18.351Z,13,(024)-802-1483,(577)-909-1759,SSN,925-89-2344,https://randomuser.me/api/portraits/men/28.jpg,https://randomuser.me/api/portraits/med/men/28.jpg,https://randomuser.me/api/portraits/thumb/men/28.jpg,US
male,Mr,Darryl,Brewer,889,W Campbell Ave,Lexington,Nevada,United States,45218,-4.2449,130.4846,-7:00,Mountain Time (US & Canada),darryl.brewer@example.com,1988-04-21T02:09:57.429Z,33,2018-07-12T17:35:06.703Z,3,(124)-308-1283,(169)-192-6404,SSN,487-97-7742,https://randomuser.me/api/portraits/men/13.jpg,https://randomuser.me/api/portraits/med/men/13.jpg,https://randomuser.me/api/portraits/thumb/men/13.jpg,US
female,Miss,Sara,Fuller,4395,Robinson Rd,Ventura,Indiana,United States,51733,50.5467,21.3191,-7:00,Mountain Time (US & Canada),sara.fuller@example.com,1994-12-25T09:07:53.358Z,27,2012-05-17T00:18:02.278Z,9,(738)-250-4175,(580)-974-8711,SSN,409-14-9889,https://randomuser.me/api/portraits/women/15.jpg,https://randomuser.me/api/portraits/med/women/15.jpg,https://randomuser.me/api/portraits/thumb/women/15.jpg,US
male,Mr,Tim,Fuller,8941,Shady Ln Dr,Richmond,Illinois,United States,34695,-74.4412,154.7773,-7:00,Mountain Time (US & Canada),tim.fuller@example.com,1944-11-06T05:53:43.345Z,77,2018-03-07T16:05:43.024Z,3,(533)-739-6903,(267)-256-6616,SSN,431-07-7938,https://randomuser.me/api/portraits/men/55.jpg,https://randomuser.me/api/portraits/med/men/55.jpg,https://randomuser.me/api/portraits/thumb/men/55.jpg,US
female,Ms,Camila,Newman,7820,Stevens Creek Blvd,Thornton,South Carolina,United States,20064,-55.1166,-139.0965,-2:00,Mid-Atlantic,camila.newman@example.com,1990-08-29T03:21:48.544Z,31,2002-12-03T09:50:23.763Z,19,(117)-592-1470,(592)-817-8098,SSN,150-08-0980,https://randomuser.me/api/portraits/women/4.jpg,https://randomuser.me/api/portraits/med/women/4.jpg,https://randomuser.me/api/portraits/thumb/women/4.jpg,US
female,Ms,Sara,Sutton,3412,Green Rd,Caldwell,Wyoming,United States,63107,-83.5784,-1.0031,-2:00,Mid-Atlantic,sara.sutton@example.com,1986-08-20T23:25:51.971Z,35,2012-06-07T11:09:30.396Z,9,(186)-290-0416,(832)-588-3644,SSN,458-83-3338,https://randomuser.me/api/portraits/women/94.jpg,https://randomuser.me/api/portraits/med/women/94.jpg,https://randomuser.me/api/portraits/thumb/women/94.jpg,US
female,Mrs,Herminia,Mccoy,5961,W Campbell Ave,Miramar,Idaho,United States,79557,-6.6755,-49.1358,-2:00,Mid-Atlantic,herminia.mccoy@example.com,1995-01-24T15:47:28.258Z,26,2008-06-28T12:25:08.057Z,13,(159)-645-3524,(295)-635-2629,SSN,339-97-1040,https://randomuser.me/api/portraits/women/44.jpg,https://randomuser.me/api/portraits/med/women/44.jpg,https://randomuser.me/api/portraits/thumb/women/44.jpg,US
female,Mrs,Brandy,Simmons,5848,Royal Ln,Miami,Iowa,United States,56025,26.2856,87.4800,-7:00,Mountain Time (US & Canada),brandy.simmons@example.com,1987-06-10T10:11:27.606Z,34,2013-07-29T06:27:45.647Z,8,(719)-826-4188,(453)-826-1859,SSN,776-10-7168,https://randomuser.me/api/portraits/women/38.jpg,https://randomuser.me/api/portraits/med/women/38.jpg,https://randomuser.me/api/portraits/thumb/women/38.jpg,US
female,Miss,Lesa,Mcdonalid,4395,Lakeshore Rd,Roanoke,Arizona,United States,35578,-85.9955,84.6204,-7:00,Mountain Time (US & Canada),lesa.mcdonalid@example.com,1989-02-19T01:57:14.828Z,32,2002-06-27T18:50:36.030Z,19,(232)-407-8494,(211)-340-2618,SSN,125-47-6437,https://randomuser.me/api/portraits/women/43.jpg,https://randomuser.me/api/portraits/med/women/43.jpg,https://randomuser.me/api/portraits/thumb/women/43.jpg,US
female,Miss,Kristina,Fuller,4406,Walnut Hill Ln,Reno,Michigan,United States,77450,-67.3361,-109.9280,-10:00,Hawaii,kristina.fuller@example.com,1947-02-23T01:25:40.265Z,74,2013-01-07T23:21:53.870Z,8,(733)-170-3587,(585)-807-6710,SSN,261-52-1921,https://randomuser.me/api/portraits/women/49.jpg,https://randomuser.me/api/portraits/med/women/49.jpg,https://randomuser.me/api/portraits/thumb/women/49.jpg,US
