gender,name.title,name.first,name.last,location.street.number,location.street.name,location.city,location.state,location.country,location.postcode,location.coordinates.latitude,location.coordinates.longitude,location.timezone.offset,location.timezone.description,email,dob.date,dob.age,registered.date,registered.age,phone,cell,id.name,id.value,picture.large,picture.medium,picture.thumbnail,nat
female,Ms,Pamela,Mccoy,6828,Lone Wolf Trail,Miami Gardens,Alaska,United States,43746,18.0591,-76.4856,-10:00,Hawaii,pamela.mccoy@example.com,1984-12-26T16:25:07.316Z,37,2017-01-26T13:29:52.387Z,4,(251)-725-0365,(814)-003-7321,SSN,147-46-8355,https://randomuser.me/api/portraits/women/59.jpg,https://randomuser.me/api/portraits/med/women/59.jpg,https://randomuser.me/api/portraits/thumb/women/59.jpg,US
male,Mr,Ramon,Terry,5034,Harrison Ct,Princeton,Vermont,United States,17490,-26.0633,147.6462,+3:30,Tehran,ramon.terry@example.com,1986-03-27T21:43:26.630Z,35,2019-07-16T14:38:11.653Z,2,(998)-143-8717,(122)-496-7371,SSN,927-82-8743,https://randomuser.me/api/portraits/men/10.jpg,https://randomuser.me/api/portraits/med/men/10.jpg,https://randomuser.me/api/portraits/thumb/men/10.jpg,US
female,Miss,Kenzi,Pierce,2912,W Pecan St,Gainesville,Tennessee,United States,62264,49.8883,140.4649,-9:00,Alaska,kenzi.pierce@example.com,1971-09-21T21:52:10.840Z,50,2009-11-05T14:40:36.725Z,12,(839)-307-3211,(477)-649-5868,SSN,288-96-7417,https://randomuser.me/api/portraits/women/53.jpg,https://randomuser.me/api/portraits/med/women/53.jpg,https://randomuser.me/api/portraits/thumb/women/53.jpg,US
female,Mrs,Meghan,Henderson,8057,Hamilton Ave,Arvada,Nebraska,United States,71149,65.8266,-66.6873,-2:00,Mid-Atlantic,meghan.henderson@example.com,1962-10-12T02:09:03.732Z,59,2005-08-19T17:07:02.764Z,16,(817)-365-8597,(578)-947-2091,SSN,713-12-4867,https://randomuser.me/api/portraits/women/53.jpg,https://randomuser.me/api/portraits/med/women/53.jpg,https://randomuser.me/api/portraits/thumb/women/53.jpg,US
male,Mr,Evan,Ray,6995,N Stelling Rd,Boise,Alabama,United States,63868,88.8523,136.6470,-9:00,Alaska,evan.ray@example.com,1962-01-21T11:09:03.880Z,59,2004-09-08T22:51:10.848Z,17,(688)-764-8223,(754)-147-4070,SSN,410-63-7784,https://randomuser.me/api/portraits/men/69.jpg,https://randomuser.me/api/portraits/med/men/69.jpg,https://randomuser.me/api/portraits/thumb/men/69.jpg,US
female,Ms,Aubree,Walters,9800,Royal Ln,Bueblo,Vermont,United States,14850,-40.7861,-51.7261,-8:00,Pacific Time (US & Canada),aubree.walters@example.com,1970-12-29T12:17:37.884Z,51,2011-08-17T08:30:35.617Z,10,(620)-729-3007,(698)-872-3646,SSN,666-46-7108,https://randomuser.me/api/portraits/women/8.jpg,https://randomuser.me/api/portraits/med/women/8.jpg,https://randomuser.me/api/portraits/thumb/women/8.jpg,US
male,Mr,Reginald,Webb,8365,White Oak Dr,Norfolk,Connecticut,United States,73098,59.8885,-93.2108,+3:30,Tehran,reginald.webb@example.com,1953-05-22T20:15:06.954Z,68,2010-01-05T09:52:10.939Z,11,(589)-353-7905,(393)-032-8276,SSN,153-96-0300,https://randomuser.me/api/portraits/men/37.jpg,https://randomuser.me/api/portraits/med/men/37.jpg,https://randomuser.me/api/portraits/thumb/men/37.jpg,US
male,Mr,Don,Prescott,5786,Blossom Hill Rd,Richmond,Mississippi,United States,47786,66.9138,105.3439,+3:30,Tehran,don.prescott@example.com,1967-03-10T13:30:47.448Z,54,2015-04-30T13:05:14.130Z,6,(844)-515-6095,(675)-148-9318,SSN,948-77-2214,https://randomuser.me/api/portraits/men/81.jpg,https://randomuser.me/api/portraits/med/men/81.jpg,https://randomuser.me/api/portraits/thumb/men/81.jpg,US
female,Ms,Ella,Grant,7030,James St,Fort Wayne,Delaware,United States,20291,21.0615,-170.2025,-9:00,Alaska,ella.grant@example.com,1994-04-10T11:53:25.900Z,27,2014-03-07T04:42:36.553Z,7,(488)-787-6018,(678)-144-0770,SSN,355-00-8926,https://randomuser.me/api/portraits/women/81.jpg,https://randomuser.me/api/portraits/med/women/81.jpg,https://randomuser.me/api/portraits/thumb/women/81.jpg,US
male,Mr,Aiden,Powell,5703,Adams St,Miami Gardens,Hawaii,United States,88855,-35.0380,84.1446,+5:45,Kathmandu,aiden.powell@example.com,1975-03-07T16:34:57.701Z,46,2010-06-05T02:45:44.134Z,11,(236)-251-8601,(524)-083-6055,SSN,293-14-1506,https://randomuser.me/api/portraits/men/50.jpg,https://randomuser.me/api/portraits/med/men/50.jpg,https://randomuser.me/api/portraits/thumb/men/50.jpg,US
female,Mrs,Erika,Willis,2183,Spring St,Chesapeake,Colorado,United States,20319,72.6672,-157.7615,+4:30,Kabul,erika.willis@example.com,1950-07-03T12:17:31.593Z,71,2016-05-02T02:45:23.141Z,5,(868)-071-4331,(742)-778-3565,SSN,324-98-8658,https://randomuser.me/api/portraits/women/79.jpg,https://randomuser.me/api/portraits/med/women/79.jpg,https://randomuser.me/api/portraits/thumb/women/79.jpg,US
