gender,name.title,name.first,name.last,location.street.number,location.street.name,location.city,location.state,location.country,location.postcode,location.coordinates.latitude,location.coordinates.longitude,location.timezone.offset,location.timezone.description,email,dob.date,dob.age,registered.date,registered.age,phone,cell,id.name,id.value,picture.large,picture.medium,picture.thumbnail,nat
male,Mr,Morris,Jennings,3321,Mockingbird Ln,Des Moines,Georgia,United States,97585,79.9145,-179.8792,+5:45,Kathmandu,morris.jennings@example.com,1965-09-28T04:10:29.975Z,56,2008-08-04T02:36:17.758Z,13,(127)-003-6599,(524)-651-9052,SSN,028-77-7209,https://randomuser.me/api/portraits/men/30.jpg,https://randomuser.me/api/portraits/med/men/30.jpg,https://randomuser.me/api/portraits/thumb/men/30.jpg,US
female,Mrs,Brandy,Murphy,9111,Woodland St,New Haven,Alabama,United States,31782,79.9281,151.1826,+3:30,Tehran,brandy.murphy@example.com,1986-03-12T12:07:07.015Z,35,2006-05-29T20:06:45.806Z,15,(538)-881-1208,(477)-300-6043,SSN,873-98-3548,https://randomuser.me/api/portraits/women/6.jpg,https://randomuser.me/api/portraits/med/women/6.jpg,https://randomuser.me/api/portraits/thumb/women/6.jpg,US
female,Mrs,Mattie,Hill,2925,E Center St,Hayward,Indiana,United States,86478,-39.2657,74.2215,-8:00,Pacific Time (US & Canada),mattie.hill@example.com,1978-12-14T11:34:59.187Z,43,2010-05-15T19:17:26.033Z,11,(152)-375-8248,(505)-570-2344,SSN,844-01-0712,https://randomuser.me/api/portraits/women/60.jpg,https://randomuser.me/api/portraits/med/women/60.jpg,https://randomuser.me/api/portraits/thumb/women/60.jpg,US
male,Mr,Ray,Fuller,1481,Oak Ridge Ln,Garland,Alabama,United States,30518,67.5227,-3.3617,-9:00,Alaska,ray.fuller@example.com,1963-06-17T04:49:01.272Z,58,2007-10-01T07:14:32.142Z,14,(931)-710-1900,(367)-886-6640,SSN,736-05-8183,https://randomuser.me/api/portraits/men/64.jpg,https://randomuser.me/api/portraits/med/men/64.jpg,https://randomuser.me/api/portraits/thumb/men/64.jpg,US
male,Mr,Ben,Lawrence,3396,Dane St,Saint Paul,Rhode Island,United States,50527,60.9929,50.1903,-8:00,Pacific Time (US & Canada),ben.lawrence@example.com,1966-12-02T21:09:40.744Z,55,2007-03-06T23:02:53.083Z,14,(637)-171-7128,(579)-676-2425,SSN,174-47-0948,https://randomuser.me/api/portraits/men/42.jpg,https://randomuser.me/api/portraits/med/men/42.jpg,https://randomuser.me/api/portraits/thumb/men/42.jpg,US
female,Ms,Suzanne,Smith,3814,Hunters Creek Dr,Santa Ana,Missouri,United States,15953,-26.3764,103.4788,-3:30,Newfoundland,suzanne.smith@example.com,1955-02-23T09:29:31.285Z,66,2006-11-20T14:21:17.664Z,15,(266)-131-1654,(873)-070-5112,SSN,677-71-3549,https://randomuser.me/api/portraits/women/30.jpg,https://randomuser.me/api/portraits/med/women/30.jpg,https://randomuser.me/api/portraits/thumb/women/30.jpg,US
male,Mr,Carlos,Willis,7985,White Oak Dr,Bernalillo,Michigan,United States,65466,-87.1351,-60.5743,+5:45,Kathmandu,carlos.willis@example.com,1973-08-11T00:48:11.717Z,48,2019-01-02T10:44:44.269Z,2,(532)-200-9639,(714)-692-8144,SSN,247-90-1337,https://randomuser.me/api/portraits/men/84.jpg,https://randomuser.me/api/portraits/med/men/84.jpg,https://randomuser.me/api/portraits/thumb/men/84.jpg,US
female,Ms,Isabella,Cox,929,Lovers Ln,Cupertino,Rhode Island,United States,66173,-49.9417,-144.9092,-8:00,Pacific Time (US & Canada),isabella.cox@example.com,1954-01-04T07:39:36.235Z,67,2003-10-06T04:05:47.314Z,18,(100)-089-7156,(351)-629-0050,SSN,648-82-1633,https://randomuser.me/api/portraits/women/40.jpg,https://randomuser.me/api/portraits/med/women/40.jpg,https://randomuser.me/api/portraits/thumb/women/40.jpg,US
male,Mr,Nelson,Boyd,76,Harrison Ct,Torrance,Oklahoma,United States,25976,-26.3749,90.1566,-2:00,Mid-Atlantic,nelson.boyd@example.com,1966-03-14T00:32:44.706Z,55,2016-07-04T05:43:33.335Z,5,(763)-340-9126,(248)-550-0828,SSN,457-44-6427,https://randomuser.me/api/portraits/men/69.jpg,https://randomuser.me/api/portraits/med/men/69.jpg,https://randomuser.me/api/portraits/thumb/men/69.jpg,US
male,Mr,Adrian,Dixon,5037,Crockett St,South Bend,Kansas,United States,77850,-77.1619,-122.6177,-2:00,Mid-Atlantic,adrian.dixon@example.com,1992-08-26T08:19:06.037Z,29,2008-06-02T13:03:51.288Z,13,(040)-953-7428,(885)-632-9314,SSN,943-58-7264,https://randomuser.me/api/portraits/men/10.jpg,https://randomuser.me/api/portraits/med/men/10.jpg,https://randomuser.me/api/portraits/thumb/men/10.jpg,US
male,Mr,Mathew,Hayes,3842,Fairview St,Bridgeport,Nebraska,United States,49387,-63.7915,65.8989,+3:30,Tehran,mathew.hayes@example.com,1963-01-30T04:49:22.935Z,58,2009-10-04T23:18:46.335Z,12,(942)-729-7017,(020)-879-3106,SSN,295-07-6875,https://randomuser.me/api/portraits/men/83.jpg,https://randomuser.me/api/portraits/med/men/83.jpg,https://randomuser.me/api/portraits/thumb/men/83.jpg,US
female,Miss,Eileen,Welch,913,Thornridge Cir,Westminster,Minnesota,United States,10270,69.8698,121.0249,-8:00,Pacific Time (US & Canada),eileen.welch@example.com,1989-06-04T18:06:15.317Z,32,2002-09-26T17:24:25.264Z,19,(896)-879-2231,(431)-656-9461,SSN,395-91-8928,https://randomuser.me/api/portraits/women/9.jpg,https://randomuser.me/api/portraits/med/women/9.jpg,https://randomuser.me/api/portraits/thumb/women/9.jpg,US
male,Mr,Billy,Bailey,9867,Avondale Ave,Pasadena,Rhode Island,United States,85384,38.8622,171.2791,-3:30,Newfoundland,billy.bailey@example.com,1965-12-19T15:41:04.253Z,56,2019-08-12T10:16:10.622Z,2,(224)-154-5393,(415)-924-9778,SSN,031-24-0007,https://randomuser.me/api/portraits/men/21.jpg,https://randomuser.me/api/portraits/med/men/21.jpg,https://randomuser.me/api/portraits/thumb/men/21.jpg,US
female,Mrs,Carmen,Jones,8074,Prospect Rd,Omaha,Nebraska,United States,15829,19.2584,155.8275,-3:30,Newfoundland,carmen.jones@example.com,1962-02-18T07:41:39.139Z,59,2013-02-14T14:26:21.340Z,8,(261)-017-2797,(813)-405-1107,SSN,548-64-5069,https://randomuser.me/api/portraits/women/96.jpg,https://randomuser.me/api/portraits/med/women/96.jpg,https://randomuser.me/api/portraits/thumb/women/96.jpg,US
female,Mrs,Miriam,Howard,2596,Eason Rd,Daly City,Kentucky,United States,17651,36.3533,-116.0930,-10:00,Hawaii,miriam.howard@example.com,1998-07-21T15:09:27.646Z,23,2004-06-23T06:09:13.089Z,17,(264)-641-7347,(577)-617-4179,SSN,973-82-2989,https://randomuser.me/api/portraits/women/21.jpg,https://randomuser.me/api/portraits/med/women/21.jpg,https://randomuser.me/api/portraits/thumb/women/21.jpg,US
male,Mr,Enrique,Anderson,6080,Fairview St,Baltimore,West Virginia,United States,61316,-78.5303,120.1520,+5:45,Kathmandu,enrique.anderson@example.com,1952-07-01T04:35:14.574Z,69,2010-05-27T21:34:29.682Z,11,(665)-760-5836,(720)-495-0802,SSN,170-42-2399,https://randomuser.me/api/portraits/men/67.jpg,https://randomuser.me/api/portraits/med/men/67.jpg,https://randomuser.me/api/portraits/thumb/men/67.jpg,US
male,Mr,Henry,Peters,5002,Railroad St,Hampton,Wisconsin,United States,85122,-26.2650,-143.1243,-8:00,Pacific Time (US & Canada),henry.peters@example.com,1945-12-25T18:51:48.383Z,76,2005-10-07T02:19:44.413Z,16,(272)-891-0047,(234)-863-7119,SSN,640-21-8435,https://randomuser.me/api/portraits/men/84.jpg,https://randomuser.me/api/portraits/med/men/84.jpg,https://randomuser.me/api/portraits/thumb/men/84.jpg,US
female,Mrs,Felecia,Jordan,1820,Edwards Rd,Belen,Iowa,United States,82186,-51.3174,-40.7984,+3:30,Tehran,felecia.jordan@example.com,1987-04-18T15:19:53.097Z,34,2005-03-27T22:30:35.778Z,16,(865)-136-7859,(760)-747-7262,SSN,157-59-1212,https://randomuser.me/api/portraits/women/21.jpg,https://randomuser.me/api/portraits/med/women/21.jpg,https://randomuser.me/api/portraits/thumb/women/21.jpg,US
