gender,name.title,name.first,name.last,location.street.number,location.street.name,location.city,location.state,location.country,location.postcode,location.coordinates.latitude,location.coordinates.longitude,location.timezone.offset,location.timezone.description,email,dob.date,dob.age,registered.date,registered.age,phone,cell,id.name,id.value,picture.large,picture.medium,picture.thumbnail,nat
female,Mrs,Joann,Butler,2163,Shady Ln Dr,Richmond,Hawaii,United States,54777,-18.5917,-20.0079,+4:30,Kabul,joann.butler@example.com,1976-09-26T21:46:17.734Z,45,2017-08-27T17:15:01.247Z,4,(478)-979-0909,(522)-738-6332,SSN,839-96-2323,https://randomuser.me/api/portraits/women/89.jpg,https://randomuser.me/api/portraits/med/women/89.jpg,https://randomuser.me/api/portraits/thumb/women/89.jpg,US
male,Mr,Arron,Weaver,5482,Sunset St,Palm Bay,North Dakota,United States,59407,-53.6654,139.5590,+5:45,Kathmandu,arron.weaver@example.com,1995-02-24T06:04:59.842Z,26,2012-08-06T17:39:55.908Z,9,(679)-222-5059,(034)-121-7130,SSN,237-87-6343,https://randomuser.me/api/portraits/men/31.jpg,https://randomuser.me/api/portraits/med/men/31.jpg,https://randomuser.me/api/portraits/thumb/men/31.jpg,US
male,Mr,Neil,Thompson,8934,Railroad St,Mesa,New York,United States,77131,-64.7019,-155.9179,-7:00,Mountain Time (US & Canada),neil.thompson@example.com,1985-10-12T05:45:10.164Z,36,2012-09-08T13:07:11.699Z,9,(190)-332-5987,(693)-740-2601,SSN,943-47-4109,https://randomuser.me/api/portraits/men/50.jpg,https://randomuser.me/api/portraits/med/men/50.jpg,https://randomuser.me/api/portraits/thumb/men/50.jpg,US
male,Mr,Nathaniel,Caldwell,7665,Preston Rd,Great Falls,Oklahoma,United States,98520,-48.7273,120.6321,-7:00,Mountain Time (US & Canada),nathaniel.caldwell@example.com,1962-10-31T11:41:07.561Z,59,2017-07-06T04:32:35.215Z,4,(525)-394-2566,(788)-597-8269,SSN,784-13-4087,https://randomuser.me/api/portraits/men/84.jpg,https://randomuser.me/api/portraits/med/men/84.jpg,https://randomuser.me/api/portraits/thumb/men/84.jpg,US
male,Mr,Joe,Gilbert,4366,Forest Ln,Bernalillo,Vermont,United States,22639,-46.1200,-150.1346,-3:30,Newfoundland,joe.gilbert@example.com,1995-10-31T18:05:04.654Z,26,2019-01-04T13:07:49.503Z,2,(617)-004-6732,(422)-045-4292,SSN,720-78-6464,https://randomuser.me/api/portraits/men/40.jpg,https://randomuser.me/api/portraits/med/men/40.jpg,https://randomuser.me/api/portraits/thumb/men/40.jpg,US
male,Mr,Guy,Wright,7033,Cherry St,Tampa,Rhode Island,United States,70300,33.8385,86.0007,-3:30,Newfoundland,guy.wright@example.com,1976-03-24T20:25:29.820Z,45,2004-06-13T03:47:47.343Z,17,(071)-751-2069,(023)-219-1836,SSN,013-39-3869,https://randomuser.me/api/portraits/men/26.jpg,https://randomuser.me/api/portraits/med/men/26.jpg,https://randomuser.me/api/portraits/thumb/men/26.jpg,US
male,Mr,Derek,Vargas,5354,First Street,Grants Pass,Nebraska,United States,31400,-52.1093,12.0794,-9:00,Alaska,derek.vargas@example.com,1992-06-07T01:53:35.932Z,29,2018-02-20T16:49:26.541Z,3,(155)-872-3848,(179)-926-8069,SSN,897-14-2176,https://randomuser.me/api/portraits/men/2.jpg,https://randomuser.me/api/portraits/med/men/2.jpg,https://randomuser.me/api/portraits/thumb/men/2.jpg,US
female,Ms,Annette,Dixon,5433,Lakeshore Rd,Norman,South Carolina,United States,69073,-61.6491,42.6106,-3:30,Newfoundland,annette.dixon@example.com,1977-09-19T06:20:47.851Z,44,2009-07-13T15:45:26.165Z,12,(699)-908-0976,(957)-924-0607,SSN,138-04-2965,https://randomuser.me/api/portraits/women/86.jpg,https://randomuser.me/api/portraits/med/women/86.jpg,https://randomuser.me/api/portraits/thumb/women/86.jpg,US
male,Mr,Julio,Larson,3002,Miller Ave,Ironville,Missouri,United States,86326,-67.2957,-66.5721,-9:00,Alaska,julio.larson@example.com,1957-10-21T11:30:56.565Z,64,2013-06-30T12:32:27.340Z,8,(003)-118-5888,(221)-456-5791,SSN,496-38-2270,https://randomuser.me/api/portraits/men/19.jpg,https://randomuser.me/api/portraits/med/men/19.jpg,https://randomuser.me/api/portraits/thumb/men/19.jpg,US
female,Ms,Vickie,Clark,2045,Camden Ave,San Mateo,Georgia,United States,97042,-89.8354,-61.0338,-2:00,Mid-Atlantic,vickie.clark@example.com,1983-07-04T08:06:51.175Z,38,2003-05-13T17:58:42.806Z,18,(762)-011-1229,(077)-849-9155,SSN,355-96-1218,https://randomuser.me/api/portraits/women/7.jpg,https://randomuser.me/api/portraits/med/women/7.jpg,https://randomuser.me/api/portraits/thumb/women/7.jpg,US
female,Ms,Margie,Jenkins,6422,Prospect Rd,Henderson,Georgia,United States,56632,54.4138,67.1948,-2:00,Mid-Atlantic,margie.jenkins@example.com,1947-08-11T14:25:23.313Z,74,2007-09-20T20:01:58.806Z,14,(518)-960-7126,(964)-096-3571,SSN,370-54-3006,https://randomuser.me/api/portraits/women/15.jpg,https://randomuser.me/api/portraits/med/women/15.jpg,https://randomuser.me/api/portraits/thumb/women/15.jpg,US
male,Mr,Melvin,Richards,1402,Camden Ave,Altoona,Iowa,United States,51986,-44.8271,-58.0679,-2:00,Mid-Atlantic,melvin.richards@example.com,1991-05-16T04:03:48.224Z,30,2015-08-13T20:18:24.323Z,6,(862)-388-1769,(643)-038-6261,SSN,225-50-0752,https://randomuser.me/api/portraits/men/11.jpg,https://randomuser.me/api/portraits/med/men/11.jpg,https://randomuser.me/api/portraits/thumb/men/11.jpg,US
female,Ms,Andrea,James,4449,Parker Rd,Santa Clara,Utah,United States,28748,-70.7330,42.2936,-9:00,Alaska,andrea.james@example.com,1978-07-24T05:53:08.716Z,43,2011-02-09T10:50:19.339Z,10,(984)-958-4897,(214)-865-4916,SSN,237-85-7953,https://randomuser.me/api/portraits/women/61.jpg,https://randomuser.me/api/portraits/med/women/61.jpg,https://randomuser.me/api/portraits/thumb/women/61.jpg,US
female,Mrs,Leslie,Mills,6480,Marsh Ln,Norman,Kentucky,United States,51757,-89.3191,-169.5642,+5:45,Kathmandu,leslie.mills@example.com,1956-05-26T16:36:30.477Z,65,2008-01-10T18:29:12.249Z,13,(869)-081-2833,(883)-102-0277,SSN,409-70-5383,https://randomuser.me/api/portraits/women/61.jpg,https://randomuser.me/api/portraits/med/women/61.jpg,https://randomuser.me/api/portraits/thumb/women/61.jpg,US
male,Mr,Alvin,Adams,8908,Oak Ridge Ln,Surprise,Nebraska,United States,23991,37.9062,-129.7510,+4:30,Kabul,alvin.adams@example.com,1965-02-14T13:32:35.814Z,56,2011-05-21T22:18:58.439Z,10,(440)-968-9434,(513)-327-1984,SSN,648-11-2533,https://randomuser.me/api/portraits/men/25.jpg,https://randomuser.me/api/portraits/med/men/25.jpg,https://randomuser.me/api/portraits/thumb/men/25.jpg,US
