gender,name.title,name.first,name.last,location.street.number,location.street.name,location.city,location.state,location.country,location.postcode,location.coordinates.latitude,location.coordinates.longitude,location.timezone.offset,location.timezone.description,email,dob.date,dob.age,registered.date,registered.age,phone,cell,id.name,id.value,picture.large,picture.medium,picture.thumbnail,nat
male,Mr,Shane,Sullivan,9578,Depaul Dr,Madison,Connecticut,United States,56414,39.5685,-27.0549,-2:00,Mid-Atlantic,shane.sullivan@example.com,1992-11-11T06:05:26.235Z,29,2014-12-24T16:38:08.100Z,7,(078)-134-5757,(171)-872-7820,SSN,588-32-6954,https://randomuser.me/api/portraits/men/12.jpg,https://randomuser.me/api/portraits/med/men/12.jpg,https://randomuser.me/api/portraits/thumb/men/12.jpg,US
female,Mrs,Grace,Chapman,5100,Lakeshore Rd,Irving,New Jersey,United States,75226,41.8796,-54.8176,+5:45,Kathmandu,grace.chapman@example.com,1996-02-02T09:13:56.964Z,25,2007-05-23T11:07:37.178Z,14,(212)-692-6584,(771)-015-8105,SSN,811-30-2615,https://randomuser.me/api/portraits/women/9.jpg,https://randomuser.me/api/portraits/med/women/9.jpg,https://randomuser.me/api/portraits/thumb/women/9.jpg,US
female,Mrs,Samantha,Young,4691,Cackson St,Antioch,Arizona,United States,25869,-14.1901,-127.8325,-10:00,Hawaii,samantha.young@example.com,1951-05-25T04:06:30.916Z,70,2007-09-14T00:58:22.371Z,14,(084)-998-5515,(035)-880-0759,SSN,180-47-0387,https://randomuser.me/api/portraits/women/49.jpg,https://randomuser.me/api/portraits/med/women/49.jpg,https://randomuser.me/api/portraits/thumb/women/49.jpg,US
male,Mr,Jackson,Beck,3062,Mockingbird Hill,North Las Vegas,Oregon,United States,15366,24.1842,-178.2013,-2:00,Mid-Atlantic,jackson.beck@example.com,1969-02-19T07:26:13.224Z,52,2012-01-26T08:49:52.380Z,9,(692)-062-8292,(131)-046-4921,SSN,377-77-4332,https://randomuser.me/api/portraits/men/10.jpg,https://randomuser.me/api/portraits/med/men/10.jpg,https://randomuser.me/api/portraits/thumb/men/10.jpg,US
male,Mr,Erik,Perkins,4725,Westheimer Rd,Milwaukee,Georgia,United States,97321,-63.8965,-53.0495,-2:00,Mid-Atlantic,erik.perkins@example.com,1957-02-15T10:33:36.893Z,64,2006-06-02T03:40:31.099Z,15,(450)-884-5484,(826)-182-1389,SSN,343-54-9438,https://randomuser.me/api/portraits/men/61.jpg,https://randomuser.me/api/portraits/med/men/61.jpg,https://randomuser.me/api/portraits/thumb/men/61.jpg,US
female,Ms,Terra,Bell,20,W Belt Line Rd,Sioux Falls,Vermont,United States,11234,46.3989,103.2590,+5:45,Kathmandu,terra.bell@example.com,1955-03-16T08:50:45.127Z,66,2010-09-15T20:09:20.556Z,11,(766)-251-6142,(564)-448-0341,SSN,077-15-6244,https://randomuser.me/api/portraits/women/34.jpg,https://randomuser.me/api/portraits/med/women/34.jpg,https://randomuser.me/api/portraits/thumb/women/34.jpg,US
male,Mr,Terrance,Martin,865,Taylor St,Pembroke Pines,Kansas,United States,20261,52.7917,157.9906,-2:00,Mid-Atlantic,terrance.martin@example.com,1946-12-03T17:46:10.480Z,75,2007-05-22T20:27:13.417Z,14,(843)-605-4669,(693)-763-3383,SSN,421-53-7453,https://randomuser.me/api/portraits/men/33.jpg,https://randomuser.me/api/portraits/med/men/33.jpg,https://randomuser.me/api/portraits/thumb/men/33.jpg,US
male,Mr,Armando,Garza,1813,Adams St,Stanley,Iowa,United States,54908,-58.8207,-153.1272,-2:00,Mid-Atlantic,armando.garza@example.com,1958-12-27T22:03:23.933Z,63,2004-09-15T22:25:47.974Z,17,(021)-269-6145,(909)-800-1185,SSN,047-72-1911,https://randomuser.me/api/portraits/men/56.jpg,https://randomuser.me/api/portraits/med/men/56.jpg,https://randomuser.me/api/portraits/thumb/men/56.jpg,US
male,Mr,Edgar,Murphy,1759,Hogan St,Hartford,Virginia,United States,58603,34.1583,-51.6933,-9:00,Alaska,edgar.murphy@example.com,1967-09-12T22:25:59.786Z,54,2011-07-17T00:42:45.290Z,10,(135)-876-7829,(409)-590-4234,SSN,973-68-8862,https://randomuser.me/api/portraits/men/33.jpg,https://randomuser.me/api/portraits/med/men/33.jpg,https://randomuser.me/api/portraits/thumb/men/33.jpg,US
female,Ms,Denise,Gutierrez,8962,Timber Wolf Trail,Lewisville,New Hampshire,United States,33779,-49.3346,50.7627,-3:30,Newfoundland,denise.gutierrez@example.com,1976-01-13T20:52:48.859Z,45,2015-05-09T01:06:22.708Z,6,(362)-154-1399,(571)-821-2679,SSN,488-19-2262,https://randomuser.me/api/portraits/women/76.jpg,https://randomuser.me/api/portraits/med/women/76.jpg,https://randomuser.me/api/portraits/thumb/women/76.jpg,US
female,Miss,Diane,Holmes,2755,E Center St,Pasadena,Michigan,United States,87720,65.9294,22.8050,-3:30,Newfoundland,diane.holmes@example.com,1960-03-22T01:19:19.979Z,61,2004-12-05T18:39:59.955Z,17,(021)-946-2920,(567)-857-6920,SSN,814-17-4053,https://randomuser.me/api/portraits/women/11.jpg,https://randomuser.me/api/portraits/med/women/11.jpg,https://randomuser.me/api/portraits/thumb/women/11.jpg,US
female,Ms,Addison,Banks,9138,Mcgowen St,Tyler,New Hampshire,United States,85535,3.5746,64.1729,-9:00,Alaska,addison.banks@example.com,1970-07-08T23:29:14.741Z,51,2009-07-07T17:33:39.903Z,12,(377)-068-1487,(051)-549-0317,SSN,999-96-8550,https://randomuser.me/api/portraits/women/51.jpg,https://randomuser.me/api/portraits/med/women/51.jpg,https://randomuser.me/api/portraits/thumb/women/51.jpg,US
female,Miss,Kitty,Miles,4704,Photinia Ave,Long Beach,Utah,United States,43778,55.4105,13.0688,+5:45,Kathmandu,kitty.miles@example.com,1948-11-19T03:39:43.002Z,73,2004-01-01T14:50:36.762Z,17,(336)-882-7207,(931)-656-8975,SSN,167-30-5581,https://randomuser.me/api/portraits/women/65.jpg,https://randomuser.me/api/portraits/med/women/65.jpg,https://randomuser.me/api/portraits/thumb/women/65.jpg,US
male,Mr,Floyd,King,4663,W Dallas St,Shelby,Wisconsin,United States,83187,-73.4401,29.0191,-3:30,Newfoundland,floyd.king@example.com,1990-12-08T19:54:35.418Z,31,2013-03-19T11:05:59.072Z,8,(372)-983-9889,(699)-563-5471,SSN,137-85-1612,https://randomuser.me/api/portraits/men/82.jpg,https://randomuser.me/api/portraits/med/men/82.jpg,https://randomuser.me/api/portraits/thumb/men/82.jpg,US
male,Mr,David,Howard,29,W Sherman Dr,El Paso,Florida,United States,21286,-62.2661,3.6074,-9:00,Alaska,david.howard@example.com,1983-03-04T07:13:34.773Z,38,2014-01-04T02:37:12.082Z,7,(424)-375-2405,(555)-515-6495,SSN,516-86-5048,https://randomuser.me/api/portraits/men/98.jpg,https://randomuser.me/api/portraits/med/men/98.jpg,https://randomuser.me/api/portraits/thumb/men/98.jpg,US
male,Mr,Cameron,Ramirez,9118,Rolling Green Rd,Washington,Ohio,United States,74112,-48.1643,-161.0507,+5:45,Kathmandu,cameron.ramirez@example.com,1972-11-13T08:00:36.036Z,49,2017-07-12T05:50:01.079Z,4,(057)-055-2885,(304)-515-4248,SSN,079-99-0913,https://randomuser.me/api/portraits/men/72.jpg,https://randomuser.me/api/portraits/med/men/72.jpg,https://randomuser.me/api/portraits/thumb/men/72.jpg,US
male,Mr,Ross,Schmidt,9156,Fincher Rd,Evansville,Hawaii,United States,38020,-89.5548,-86.4198,+4:30,Kabul,ross.schmidt@example.com,1960-10-18T14:07:24.761Z,61,2018-07-31T10:58:07.117Z,3,(143)-782-7864,(269)-167-7743,SSN,737-25-1014,https://randomuser.me/api/portraits/men/1.jpg,https://randomuser.me/api/portraits/med/men/1.jpg,https://randomuser.me/api/portraits/thumb/men/1.jpg,US
female,Ms,Colleen,Foster,6515,Nowlin Rd,St. Petersburg,Alabama,United States,23982,65.6842,-133.7548,-3:30,Newfoundland,colleen.foster@example.com,1968-12-05T17:13:26.721Z,53,2011-05-13T13:40:36.101Z,10,(645)-914-8755,(475)-810-2752,SSN,454-39-2472,https://randomuser.me/api/portraits/women/87.jpg,https://randomuser.me/api/portraits/med/women/87.jpg,https://randomuser.me/api/portraits/thumb/women/87.jpg,US
female,Miss,Violet,Simpson,9766,W Campbell Ave,Thousand Oaks,Hawaii,United States,15839,10.2272,-121.2951,+3:30,Tehran,violet.simpson@example.com,1956-06-29T04:57:16.798Z,65,2013-04-28T00:16:12.059Z,8,(150)-553-7593,(648)-665-2445,SSN,297-73-1389,https://randomuser.me/api/portraits/women/37.jpg,https://randomuser.me/api/portraits/med/women/37.jpg,https://randomuser.me/api/portraits/thumb/women/37.jpg,US
male,Mr,Ted,Hudson,2844,Mcclellan Rd,Las Cruces,Minnesota,United States,51250,42.8585,-63.1436,-8:00,Pacific Time (US & Canada),ted.hudson@example.com,1955-08-27T16:39:14.688Z,66,2019-02-21T03:06:28.785Z,2,(190)-546-6834,(542)-244-0307,SSN,754-44-8758,https://randomuser.me/api/portraits/men/21.jpg,https://randomuser.me/api/portraits/med/men/21.jpg,https://randomuser.me/api/portraits/thumb/men/21.jpg,US
male,Mr,Eugene,Chavez,8983,Saddle Dr,Fresno,Connecticut,United States,77922,7.8513,-122.2569,-2:00,Mid-Atlantic,eugene.chavez@example.com,1984-04-15T11:06:11.038Z,37,2016-05-29T22:21:38.346Z,5,(928)-953-1912,(794)-439-1363,SSN,449-42-4713,https://randomuser.me/api/portraits/men/83.jpg,https://randomuser.me/api/portraits/med/men/83.jpg,https://randomuser.me/api/portraits/thumb/men/83.jpg,US
