gender,name.title,name.first,name.last,location.street.number,location.street.name,location.city,location.state,location.country,location.postcode,location.coordinates.latitude,location.coordinates.longitude,location.timezone.offset,location.timezone.description,email,dob.date,dob.age,registered.date,registered.age,phone,cell,id.name,id.value,picture.large,picture.medium,picture.thumbnail,nat
male,Mr,Dave,Lambert,9159,Eason Rd,Oklahoma City,New Jersey,United States,20776,-33.6711,-19.2251,+3:30,Tehran,dave.lambert@example.com,1984-02-08T10:29:54.796Z,37,2013-08-19T03:29:00.290Z,8,(252)-801-9025,(823)-142-5365,SSN,856-53-4529,https://randomuser.me/api/portraits/men/25.jpg,https://randomuser.me/api/portraits/med/men/25.jpg,https://randomuser.me/api/portraits/thumb/men/25.jpg,US
female,Mrs,Rosa,Allen,7052,Dane St,Warren,Washington,United States,90659,-65.0398,165.9369,-7:00,Mountain Time (US & Canada),rosa.allen@example.com,1987-06-05T01:01:27.896Z,34,2015-03-15T02:44:11.015Z,6,(339)-084-3688,(585)-456-7352,SSN,653-02-6657,https://randomuser.me/api/portraits/women/81.jpg,https://randomuser.me/api/portraits/med/women/81.jpg,https://randomuser.me/api/portraits/thumb/women/81.jpg,US
male,Mr,Gene,Martin,6217,Avondale Ave,Hollywood,Pennsylvania,United States,43253,-79.7520,-75.2321,+3:30,Tehran,gene.martin@example.com,1985-11-19T09:49:11.270Z,36,2015-07-28T18:36:10.115Z,6,(750)-416-6646,(027)-244-4289,SSN,422-31-6704,https://randomuser.me/api/portraits/men/85.jpg,https://randomuser.me/api/portraits/med/men/85.jpg,https://randomuser.me/api/portraits/thumb/men/85.jpg,US
male,Mr,Harry,Fernandez,2330,Robinson Rd,Greensboro,West Virginia,United States,97592,-34.6809,163.8469,-7:00,Mountain Time (US & Canada),harry.fernandez@example.com,1971-04-09T10:07:46.620Z,50,2010-07-22T18:37:23.444Z,11,(542)-450-3253,(439)-008-8572,SSN,209-13-6805,https://randomuser.me/api/portraits/men/66.jpg,https://randomuser.me/api/portraits/med/men/66.jpg,https://randomuser.me/api/portraits/thumb/men/66.jpg,US
female,Miss,Tracy,Johnston,7964,Fairview St,Tucson,New Jersey,United States,77404,-60.9287,126.5805,+5:45,Kathmandu,tracy.johnston@example.com,1989-02-28T01:56:59.469Z,32,2007-05-20T23:05:10.541Z,14,(677)-902-7888,(833)-219-1444,SSN,393-22-6016,https://randomuser.me/api/portraits/women/23.jpg,https://randomuser.me/api/portraits/med/women/23.jpg,https://randomuser.me/api/portraits/thumb/women/23.jpg,US
female,Miss,Alexa,Burns,7284,Valley View Ln,Tulsa,Colorado,United States,73513,-42.0200,-120.0528,-8:00,Pacific Time (US & Canada),alexa.burns@example.com,1969-11-28T20:14:36.636Z,52,2015-07-25T22:11:54.056Z,6,(220)-283-9649,(744)-517-5702,SSN,234-18-0091,https://randomuser.me/api/portraits/women/7.jpg,https://randomuser.me/api/portraits/med/women/7.jpg,https://randomuser.me/api/portraits/thumb/women/7.jpg,US
male,Mr,Hector,Newman,3335,Depaul Dr,Tampa,Nevada,United States,75105,-58.8830,73.8821,-2:00,Mid-Atlantic,hector.newman@example.com,1970-04-13T16:28:58.132Z,51,2003-08-28T04:27:57.020Z,18,(447)-582-3116,(318)-759-7526,SSN,559-68-4579,https://randomuser.me/api/portraits/men/76.jpg,https://randomuser.me/api/portraits/med/men/76.jpg,https://randomuser.me/api/portraits/thumb/men/76.jpg,US
female,Ms,Charlene,Ruiz,9542,Lakeshore Rd,Nashville,Illinois,United States,63186,-21.4625,91.3180,-3:30,Newfoundland,charlene.ruiz@example.com,1975-05-28T13:19:09.020Z,46,2018-07-28T03:50:39.038Z,3,(096)-023-5753,(257)-058-7121,SSN,810-84-0268,https://randomuser.me/api/portraits/women/65.jpg,https://randomuser.me/api/portraits/med/women/65.jpg,https://randomuser.me/api/portraits/thumb/women/65.jpg,US
female,Miss,Phyllis,Chambers,2110,Lakeview St,Sunnyvale,Iowa,United States,27146,-50.6832,-132.7135,-9:00,Alaska,phyllis.chambers@example.com,1986-01-27T22:15:44.372Z,35,2016-01-11T08:37:30.263Z,5,(859)-372-4978,(162)-901-8489,SSN,196-97-1488,https://randomuser.me/api/portraits/women/82.jpg,https://randomuser.me/api/portraits/med/women/82.jpg,https://randomuser.me/api/portraits/thumb/women/82.jpg,US
male,Mr,Austin,Little,9118,Oak Ridge Ln,Nampa,Florida,United States,73522,8.1801,80.4225,+5:45,Kathmandu,austin.little@example.com,1974-08-23T11:23:46.490Z,47,2019-09-16T00:33:47.131Z,2,(270)-294-8686,(750)-648-4828,SSN,683-36-1629,https://randomuser.me/api/portraits/men/66.jpg,https://randomuser.me/api/portraits/med/men/66.jpg,https://randomuser.me/api/portraits/thumb/men/66.jpg,US
male,Mr,Jeffrey,Hudson,8901,Spring St,Peoria,New Jersey,United States,30356,-26.0021,-167.3671,-8:00,Pacific Time (US & Canada),jeffrey.hudson@example.com,1950-03-04T11:37:49.393Z,71,2011-01-31T04:32:18.240Z,10,(877)-061-8411,(532)-877-6997,SSN,253-41-5706,https://randomuser.me/api/portraits/men/50.jpg,https://randomuser.me/api/portraits/med/men/50.jpg,https://randomuser.me/api/portraits/thumb/men/50.jpg,US
male,Mr,Craig,Frazier,6110,Plum St,Visalia,Kansas,United States,82929,-79.2543,-93.6383,-8:00,Pacific Time (US & Canada),craig.frazier@example.com,1982-10-16T05:53:11.320Z,39,2002-05-24T03:02:38.305Z,19,(429)-779-4334,(469)-632-4511,SSN,699-48-7317,https://randomuser.me/api/portraits/men/58.jpg,https://randomuser.me/api/portraits/med/men/58.jpg,https://randomuser.me/api/portraits/thumb/men/58.jpg,US
male,Mr,Terrence,Jennings,9259,Spring Hill Rd,Stamford,Pennsylvania,United States,79584,15.9735,84.9753,+3:30,Tehran,terrence.jennings@example.com,1997-01-15T11:36:01.018Z,24,2010-01-10T00:59:01.437Z,11,(168)-950-4497,(443)-629-7564,SSN,407-22-0625,https://randomuser.me/api/portraits/men/22.jpg,https://randomuser.me/api/portraits/med/men/22.jpg,https://randomuser.me/api/portraits/thumb/men/22.jpg,US
male,Mr,Francis,Clark,2836,Paddock Way,Daly City,Montana,United States,53084,73.4499,148.1533,+4:30,Kabul,francis.clark@example.com,1947-01-05T20:22:00.293Z,74,2006-09-28T03:57:14.725Z,15,(659)-018-0504,(921)-780-5608,SSN,194-52-5888,https://randomuser.me/api/portraits/men/72.jpg,https://randomuser.me/api/portraits/med/men/72.jpg,https://randomuser.me/api/portraits/thumb/men/72.jpg,US
male,Mr,Nathaniel,Carlson,135,Daisy Dr,Vallejo,Tennessee,United States,70755,-84.1850,169.9772,-7:00,Mountain Time (US & Canada),nathaniel.carlson@example.com,1987-08-09T10:56:04.041Z,34,2003-01-10T22:20:27.138Z,18,(751)-337-1414,(543)-010-7072,SSN,230-99-5877,https://randomuser.me/api/portraits/men/24.jpg,https://randomuser.me/api/portraits/med/men/24.jpg,https://randomuser.me/api/portraits/thumb/men/24.jpg,US
male,Mr,Dylan,Nguyen,3257,Brown Terrace,Waterbury,Colorado,United States,88907,-71.5640,5.4936,-8:00,Pacific Time (US & Canada),dylan.nguyen@example.com,1980-07-28T13:53:21.067Z,41,2003-08-13T17:32:57.092Z,18,(691)-358-8992,(335)-866-4967,SSN,867-15-3044,https://randomuser.me/api/portraits/men/51.jpg,https://randomuser.me/api/portraits/med/men/51.jpg,https://randomuser.me/api/portraits/thumb/men/51.jpg,US
male,Mr,Juan,Carroll,9804,Valley View Ln,Allen,Nevada,United States,37049,38.5928,83.6498,-9:00,Alaska,juan.carroll@example.com,1962-10-13T18:16:14.987Z,59,2017-09-02T08:17:53.361Z,4,(214)-679-8827,(033)-290-3241,SSN,067-15-7093,https://randomuser.me/api/portraits/men/60.jpg,https://randomuser.me/api/portraits/med/men/60.jpg,https://randomuser.me/api/portraits/thumb/men/60.jpg,US
