gender,name.title,name.first,name.last,location.street.number,location.street.name,location.city,location.state,location.country,location.postcode,location.coordinates.latitude,location.coordinates.longitude,location.timezone.offset,location.timezone.description,email,dob.date,dob.age,registered.date,registered.age,phone,cell,id.name,id.value,picture.large,picture.medium,picture.thumbnail,nat
male,Mr,Kyle,Kelley,1297,Walnut Hill Ln,Bueblo,Vermont,United States,40382,-20.0583,140.3619,-2:00,Mid-Atlantic,kyle.kelley@example.com,1945-09-27T18:22:24.649Z,76,2005-10-03T10:06:31.656Z,16,(394)-393-3935,(019)-586-6277,SSN,416-13-3792,https://randomuser.me/api/portraits/men/63.jpg,https://randomuser.me/api/portraits/med/men/63.jpg,https://randomuser.me/api/portraits/thumb/men/63.jpg,US
male,Mr,Willard,Crawford,1946,Wycliff Ave,Buffalo,Utah,United States,28879,30.7467,-158.6851,-9:00,Alaska,willard.crawford@example.com,1960-08-22T06:16:09.419Z,61,2011-11-02T10:27:41.919Z,10,(235)-939-8436,(603)-753-6307,SSN,249-96-5738,https://randomuser.me/api/portraits/men/28.jpg,https://randomuser.me/api/portraits/med/men/28.jpg,https://randomuser.me/api/portraits/thumb/men/28.jpg,US
female,Ms,Kristen,Roberts,4398,Pecan Acres Ln,Torrance,Wyoming,United States,66084,3.1115,137.5040,-8:00,Pacific Time (US & Canada),kristen.roberts@example.com,1991-06-16T04:09:54.138Z,30,2005-08-19T19:07:49.973Z,16,(884)-190-0808,(155)-697-4972,SSN,257-92-1145,https://randomuser.me/api/portraits/women/49.jpg,https://randomuser.me/api/portraits/med/women/49.jpg,https://randomuser.me/api/portraits/thumb/women/49.jpg,US
male,Mr,Devon,Mason,437,Timber Wolf Trail,Downey,North Dakota,United States,25968,84.4317,-4.5722,-9:00,Alaska,devon.mason@example.com,1971-09-26T06:05:46.596Z,50,2018-10-24T23:37:21.087Z,3,(584)-569-5533,(519)-797-3924,SSN,191-42-5171,https://randomuser.me/api/portraits/men/21.jpg,https://randomuser.me/api/portraits/med/men/21.jpg,https://randomuser.me/api/portraits/thumb/men/21.jpg,US
female,Ms,Hailey,Davis,3743,Preston Rd,Rockford,Nevada,United States,21493,36.7353,-123.7376,+4:30,Kabul,hailey.davis@example.com,1997-03-26T05:23:15.668Z,24,2015-11-26T17:59:56.047Z,6,(196)-843-7639,(347)-601-4272,SSN,432-84-3000,https://randomuser.me/api/portraits/women/80.jpg,https://randomuser.me/api/portraits/med/women/80.jpg,https://randomuser.me/api/portraits/thumb/women/80.jpg,US
male,Mr,Lee,Jones,9336,Harrison Ct,Moscow,Oklahoma,United States,54657,-70.3757,-92.7877,-3:30,Newfoundland,lee.jones@example.com,1945-03-18T11:19:54.513Z,76,2010-10-11T01:05:36.389Z,11,(493)-566-9866,(612)-618-9074,SSN,096-49-3909,https://randomuser.me/api/portraits/men/49.jpg,https://randomuser.me/api/portraits/med/men/49.jpg,https://randomuser.me/api/portraits/thumb/men/49.jpg,US
female,Mrs,Irene,Howard,6754,Dogwood Ave,Helena,Mississippi,United States,27174,-69.3508,50.3737,-2:00,Mid-Atlantic,irene.howard@example.com,1990-12-12T15:47:05.104Z,31,2011-08-30T09:21:42.622Z,10,(444)-428-7885,(963)-333-9092,SSN,936-40-3021,https://randomuser.me/api/portraits/women/26.jpg,https://randomuser.me/api/portraits/med/women/26.jpg,https://randomuser.me/api/portraits/thumb/women/26.jpg,US
female,Ms,Gwendolyn,Dixon,4059,E Center St,Stamford,New York,United States,55535,52.1682,146.9645,+3:30,Tehran,gwendolyn.dixon@example.com,1966-05-03T10:15:55.347Z,55,2009-07-08T06:00:37.771Z,12,(327)-248-2074,(230)-430-3916,SSN,934-29-6814,https://randomuser.me/api/portraits/women/32.jpg,https://randomuser.me/api/portraits/med/women/32.jpg,https://randomuser.me/api/portraits/thumb/women/32.jpg,US
