gender,name.title,name.first,name.last,location.street.number,location.street.name,location.city,location.state,location.country,location.postcode,location.coordinates.latitude,location.coordinates.longitude,location.timezone.offset,location.timezone.description,email,dob.date,dob.age,registered.date,registered.age,phone,cell,id.name,id.value,picture.large,picture.medium,picture.thumbnail,nat
male,Mr,Byron,Burke,363,Sunset St,Yonkers,Hawaii,United States,91710,36.5821,-132.3323,-2:00,Mid-Atlantic,byron.burke@example.com,1976-02-06T19:59:17.942Z,45,2009-09-26T11:38:43.004Z,12,(095)-241-9005,(375)-144-0476,SSN,489-58-5193,https://randomuser.me/api/portraits/men/90.jpg,https://randomuser.me/api/portraits/med/men/90.jpg,https://randomuser.me/api/portraits/thumb/men/90.jpg,US
male,Mr,Frank,Green,4560,Valley View Ln,Charlotte,Illinois,United States,34005,-76.6733,21.2906,+5:45,Kathmandu,frank.green@example.com,1955-01-08T13:54:09.233Z,66,2005-01-12T13:54:32.008Z,16,(918)-813-7692,(345)-328-2884,SSN,569-38-6391,https://randomuser.me/api/portraits/men/30.jpg,https://randomuser.me/api/portraits/med/men/30.jpg,https://randomuser.me/api/portraits/thumb/men/30.jpg,US
female,Ms,Kristen,Hamilton,2347,Sunset St,Chicago,New Jersey,United States,88581,-27.9155,-83.5025,-3:30,Newfoundland,kristen.hamilton@example.com,1975-04-05T06:00:12.418Z,46,2017-05-02T06:57:47.466Z,4,(624)-109-4314,(527)-505-5991,SSN,940-63-5926,https://randomuser.me/api/portraits/women/89.jpg,https://randomuser.me/api/portraits/med/women/89.jpg,https://randomuser.me/api/portraits/thumb/women/89.jpg,US
female,Ms,Tanya,Duncan,9574,Wycliff Ave,Oxnard,Louisiana,United States,26972,20.1533,88.9648,-3:30,Newfoundland,tanya.duncan@example.com,1950-03-30T21:46:58.597Z,71,2017-02-08T23:15:55.296Z,4,(221)-894-6542,(847)-853-3057,SSN,943-37-4132,https://randomuser.me/api/portraits/women/91.jpg,https://randomuser.me/api/portraits/med/women/91.jpg,https://randomuser.me/api/portraits/thumb/women/91.jpg,US
male,Mr,Angel,Mccoy,367,N Stelling Rd,West Palm Beach,Maine,United States,56813,-5.7893,139.7528,+5:45,Kathmandu,angel.mccoy@example.com,1953-10-09T23:00:55.752Z,68,2010-07-23T19:43:11.403Z,11,(130)-652-7551,(491)-644-3485,SSN,971-72-4378,https://randomuser.me/api/portraits/men/81.jpg,https://randomuser.me/api/portraits/med/men/81.jpg,https://randomuser.me/api/portraits/thumb/men/81.jpg,US
female,Ms,Cassandra,Ray,8067,Stevens Creek Blvd,Pearland,Hawaii,United States,55253,-9.2305,150.3866,+3:30,Tehran,cassandra.ray@example.com,1979-04-16T15:54:45.405Z,42,2013-01-18T06:40:01.488Z,8,(007)-958-6702,(234)-387-0945,SSN,996-80-4768,https://randomuser.me/api/portraits/women/8.jpg,https://randomuser.me/api/portraits/med/women/8.jpg,https://randomuser.me/api/portraits/thumb/women/8.jpg,US
female,Mrs,Jessie,Ross,2618,Homestead Rd,Rio Rancho,New York,United States,22254,76.5854,-7.8268,+3:30,Tehran,jessie.ross@example.com,1996-08-22T22:18:29.110Z,25,2018-06-11T13:15:17.029Z,3,(904)-639-9776,(355)-401-3713,SSN,428-87-0162,https://randomuser.me/api/portraits/women/61.jpg,https://randomuser.me/api/portraits/med/women/61.jpg,https://randomuser.me/api/portraits/thumb/women/61.jpg,US
male,Mr,Angel,Ford,6796,Shady Ln Dr,Savannah,Wisconsin,United States,55995,-71.9561,42.8409,-2:00,Mid-Atlantic,angel.ford@example.com,1965-09-21T21:47:26.787Z,56,2004-07-08T09:59:01.616Z,17,(308)-838-6562,(762)-057-2837,SSN,881-04-5218,https://randomuser.me/api/portraits/men/13.jpg,https://randomuser.me/api/portraits/med/men/13.jpg,https://randomuser.me/api/portraits/thumb/men/13.jpg,US
female,Mrs,Myrtle,Morrison,3461,Hunters Creek Dr,Huntington Beach,Maryland,United States,51607,85.3581,66.9139,-3:30,Newfoundland,myrtle.morrison@example.com,1998-06-02T18:13:59.532Z,23,2010-06-19T01:40:40.474Z,11,(613)-094-5325,(323)-100-4742,SSN,251-50-2710,https://randomuser.me/api/portraits/women/60.jpg,https://randomuser.me/api/portraits/med/women/60.jpg,https://randomuser.me/api/portraits/thumb/women/60.jpg,US
male,Mr,Philip,Byrd,3288,Oak Ridge Ln,Lousville,Ohio,United States,22029,-26.0616,85.1580,-7:00,Mountain Time (US & Canada),philip.byrd@example.com,1972-10-03T23:58:28.555Z,49,2012-01-04T04:51:50.131Z,9,(277)-595-0901,(449)-743-3143,SSN,885-07-4756,https://randomuser.me/api/portraits/men/7.jpg,https://randomuser.me/api/portraits/med/men/7.jpg,https://randomuser.me/api/portraits/thumb/men/7.jpg,US
male,Mr,Lewis,Adams,433,Bollinger Rd,Hialeah,Wisconsin,United States,25824,63.8315,98.6662,-8:00,Pacific Time (US & Canada),lewis.adams@example.com,1982-06-23T13:24:07.893Z,39,2016-09-16T06:38:41.858Z,5,(824)-613-8551,(675)-158-7262,SSN,736-40-7218,https://randomuser.me/api/portraits/men/75.jpg,https://randomuser.me/api/portraits/med/men/75.jpg,https://randomuser.me/api/portraits/thumb/men/75.jpg,US
male,Mr,Jeremiah,Richards,1500,Oak Lawn Ave,Jersey City,Arkansas,United States,60917,-64.3787,166.9210,-10:00,Hawaii,jeremiah.richards@example.com,1994-04-26T13:58:43.957Z,27,2002-06-22T22:07:50.130Z,19,(287)-933-0713,(146)-907-7066,SSN,656-39-7195,https://randomuser.me/api/portraits/men/88.jpg,https://randomuser.me/api/portraits/med/men/88.jpg,https://randomuser.me/api/portraits/thumb/men/88.jpg,US
male,Mr,Mitchell,Ray,8574,Valley View Ln,Arvada,Maine,United States,84252,38.7023,28.2842,-10:00,Hawaii,mitchell.ray@example.com,1952-07-09T21:36:36.323Z,69,2011-01-07T01:32:45.955Z,10,(129)-389-5221,(840)-487-6046,SSN,900-51-8882,https://randomuser.me/api/portraits/men/38.jpg,https://randomuser.me/api/portraits/med/men/38.jpg,https://randomuser.me/api/portraits/thumb/men/38.jpg,US
male,Mr,Howard,Bowman,2221,W Dallas St,Yakima,Michigan,United States,71544,-30.0720,175.6457,-8:00,Pacific Time (US & Canada),howard.bowman@example.com,1954-11-29T13:09:38.547Z,67,2011-12-11T05:19:30.365Z,10,(061)-489-0553,(501)-569-2903,SSN,010-21-9800,https://randomuser.me/api/portraits/men/4.jpg,https://randomuser.me/api/portraits/med/men/4.jpg,https://randomuser.me/api/portraits/thumb/men/4.jpg,US
female,Ms,Krin,Day,1943,Mcgowen St,Yonkers,Connecticut,United States,28121,3.2297,-80.1210,+5:45,Kathmandu,krin.day@example.com,1973-09-12T13:54:36.574Z,48,2004-03-18T10:50:17.834Z,17,(583)-328-7458,(277)-323-0375,SSN,697-17-1046,https://randomuser.me/api/portraits/women/5.jpg,https://randomuser.me/api/portraits/med/women/5.jpg,https://randomuser.me/api/portraits/thumb/women/5.jpg,US
male,Mr,Marvin,Rice,8543,W 6th St,Santa Clara,Mississippi,United States,50677,-31.9659,-153.2741,-7:00,Mountain Time (US & Canada),marvin.rice@example.com,1981-11-14T16:38:25.203Z,40,2011-12-21T23:44:39.985Z,10,(685)-244-4019,(289)-901-3425,SSN,394-56-0970,https://randomuser.me/api/portraits/men/13.jpg,https://randomuser.me/api/portraits/med/men/13.jpg,https://randomuser.me/api/portraits/thumb/men/13.jpg,US
male,Mr,Gavin,Rice,4320,Taylor St,Celina,California,United States,14284,-19.0190,-27.4895,-10:00,Hawaii,gavin.rice@example.com,1951-06-26T20:15:48.003Z,70,2012-08-05T22:47:52.713Z,9,(782)-549-6567,(590)-079-1463,SSN,454-84-1662,https://randomuser.me/api/portraits/men/18.jpg,https://randomuser.me/api/portraits/med/men/18.jpg,https://randomuser.me/api/portraits/thumb/men/18.jpg,US
male,Mr,Eli,Cruz,2737,Lovers Ln,Fayetteville,Florida,United States,65443,-86.8829,-1.6126,-2:00,Mid-Atlantic,eli.cruz@example.com,1948-02-09T11:31:46.339Z,73,2009-06-13T12:37:16.702Z,12,(446)-969-6447,(858)-239-3371,SSN,908-90-3722,https://randomuser.me/api/portraits/men/23.jpg,https://randomuser.me/api/portraits/med/men/23.jpg,https://randomuser.me/api/portraits/thumb/men/23.jpg,US
male,Mr,Curtis,Rodriguez,116,Forest Ln,Irvine,South Dakota,United States,44079,81.7862,162.0040,-9:00,Alaska,curtis.rodriguez@example.com,1966-02-16T16:35:33.988Z,55,2012-03-06T13:50:31.945Z,9,(862)-983-1152,(987)-293-9488,SSN,663-00-4204,https://randomuser.me/api/portraits/men/20.jpg,https://randomuser.me/api/portraits/med/men/20.jpg,https://randomuser.me/api/portraits/thumb/men/20.jpg,US
