gender,name.title,name.first,name.last,location.street.number,location.street.name,location.city,location.state,location.country,location.postcode,location.coordinates.latitude,location.coordinates.longitude,location.timezone.offset,location.timezone.description,email,dob.date,dob.age,registered.date,registered.age,phone,cell,id.name,id.value,picture.large,picture.medium,picture.thumbnail,nat
male,Mr,Adam,Wade,1027,Hunters Creek Dr,Cambridge,West Virginia,United States,42699,34.5486,-4.7043,-2:00,Mid-Atlantic,adam.wade@example.com,1987-05-07T06:14:39.559Z,34,2017-09-18T15:32:24.568Z,4,(142)-558-1300,(789)-818-5283,SSN,990-16-4991,https://randomuser.me/api/portraits/men/17.jpg,https://randomuser.me/api/portraits/med/men/17.jpg,https://randomuser.me/api/portraits/thumb/men/17.jpg,US
male,Mr,Ricky,Porter,3128,Shady Ln Dr,Irving,Illinois,United States,83113,33.2081,162.5598,-8:00,Pacific Time (US & Canada),ricky.porter@example.com,1974-05-09T22:35:07.994Z,47,2014-03-14T00:59:55.238Z,7,(460)-236-0337,(276)-431-9868,SSN,521-28-2148,https://randomuser.me/api/portraits/men/98.jpg,https://randomuser.me/api/portraits/med/men/98.jpg,https://randomuser.me/api/portraits/thumb/men/98.jpg,US
female,Ms,Dawn,Evans,7099,Elgin St,Buffalo,Mississippi,United States,14732,-34.1238,80.0461,-10:00,Hawaii,dawn.evans@example.com,1995-01-13T21:20:14.781Z,26,2006-12-01T19:47:17.472Z,15,(373)-117-5526,(268)-268-3739,SSN,684-43-9838,https://randomuser.me/api/portraits/women/41.jpg,https://randomuser.me/api/portraits/med/women/41.jpg,https://randomuser.me/api/portraits/thumb/women/41.jpg,US
male,Mr,Ted,Ford,7153,Lakeshore Rd,The Colony,Virginia,United States,17743,80.5851,-31.2695,-9:00,Alaska,ted.ford@example.com,1985-03-14T06:42:45.473Z,36,2009-07-16T22:54:34.243Z,12,(628)-738-9378,(601)-849-6615,SSN,582-55-2874,https://randomuser.me/api/portraits/men/55.jpg,https://randomuser.me/api/portraits/med/men/55.jpg,https://randomuser.me/api/portraits/thumb/men/55.jpg,US
female,Ms,Susan,Lambert,6719,Eason Rd,Toledo,North Carolina,United States,29601,82.2077,100.0065,-10:00,Hawaii,susan.lambert@example.com,1969-09-17T02:57:13.809Z,52,2009-08-22T11:16:41.366Z,12,(494)-726-8652,(340)-178-6564,SSN,877-92-4536,https://randomuser.me/api/portraits/women/50.jpg,https://randomuser.me/api/portraits/med/women/50.jpg,https://randomuser.me/api/portraits/thumb/women/50.jpg,US
female,Miss,Shelly,Terry,9204,W Belt Line Rd,Concord,Wyoming,United States,55343,-19.5647,57.1707,-3:30,Newfoundland,shelly.terry@example.com,1994-11-23T07:41:24.189Z,27,2013-09-15T01:41:04.016Z,8,(259)-263-3454,(239)-573-1798,SSN,518-34-8396,https://randomuser.me/api/portraits/women/67.jpg,https://randomuser.me/api/portraits/med/women/67.jpg,https://randomuser.me/api/portraits/thumb/women/67.jpg,US
male,Mr,Willard,Garrett,8618,Brown Terrace,Bernalillo,Massachusetts,United States,25712,-42.6890,16.6555,-8:00,Pacific Time (US & Canada),willard.garrett@example.com,1983-02-24T21:13:40.099Z,38,2003-01-07T20:15:15.807Z,18,(610)-441-2641,(667)-422-2042,SSN,505-24-2561,https://randomuser.me/api/portraits/men/14.jpg,https://randomuser.me/api/portraits/med/men/14.jpg,https://randomuser.me/api/portraits/thumb/men/14.jpg,US
female,Miss,Celina,Bowman,3869,W Pecan St,Van Alstyne,West Virginia,United States,18295,19.2480,134.2936,-9:00,Alaska,celina.bowman@example.com,1985-08-07T19:15:17.798Z,36,2015-05-07T03:41:06.397Z,6,(060)-622-4937,(132)-140-5822,SSN,023-48-5830,https://randomuser.me/api/portraits/women/91.jpg,https://randomuser.me/api/portraits/med/women/91.jpg,https://randomuser.me/api/portraits/thumb/women/91.jpg,US
male,Mr,Ted,Griffin,2072,Blossom Hill Rd,Redding,Michigan,United States,65731,-23.8065,-75.4453,+3:30,Tehran,ted.griffin@example.com,1978-02-02T01:50:54.531Z,43,2003-12-31T10:11:26.787Z,18,(382)-039-5739,(458)-872-2091,SSN,222-74-7025,https://randomuser.me/api/portraits/men/4.jpg,https://randomuser.me/api/portraits/med/men/4.jpg,https://randomuser.me/api/portraits/thumb/men/4.jpg,US
male,Mr,Devon,Garza,9011,Pecan Acres Ln,Houston,Texas,United States,48838,40.7442,-32.5946,-7:00,Mountain Time (US & Canada),devon.garza@example.com,1983-01-04T08:03:34.203Z,38,2004-10-04T20:49:57.569Z,17,(474)-731-5929,(396)-253-2710,SSN,288-22-9802,https://randomuser.me/api/portraits/men/51.jpg,https://randomuser.me/api/portraits/med/men/51.jpg,https://randomuser.me/api/portraits/thumb/men/51.jpg,US
male,Mr,Ethan,Rhodes,3962,Spring Hill Rd,Atlanta,Illinois,United States,27860,1.1702,-171.9446,+5:45,Kathmandu,ethan.rhodes@example.com,1991-01-29T17:36:52.223Z,30,2002-06-16T22:10:39.179Z,19,(372)-654-7433,(072)-420-7975,SSN,603-66-9422,https://randomuser.me/api/portraits/men/85.jpg,https://randomuser.me/api/portraits/med/men/85.jpg,https://randomuser.me/api/portraits/thumb/men/85.jpg,US
