gender,name.title,name.first,name.last,location.street.number,location.street.name,location.city,location.state,location.country,location.postcode,location.coordinates.latitude,location.coordinates.longitude,location.timezone.offset,location.timezone.description,email,dob.date,dob.age,registered.date,registered.age,phone,cell,id.name,id.value,picture.large,picture.medium,picture.thumbnail,nat
male,Mr,Samuel,Steeves ,3381,James St,Hialeah,Oklahoma,United States,38317,49.9060,173.4056,-3:30,Newfoundland,samuel.steeves@example.com,1996-11-18T16:07:21.430Z,25,2007-09-19T19:22:32.694Z,14,(056)-377-2339,(012)-340-7492,SSN,867-90-8059,https://randomuser.me/api/portraits/men/34.jpg,https://randomuser.me/api/portraits/med/men/34.jpg,https://randomuser.me/api/portraits/thumb/men/34.jpg,US
female,Mrs,Amber,Hopkins,3296,Groveland Terrace,Provo,North Carolina,United States,47157,-5.8535,134.2225,-7:00,Mountain Time (US & Canada),amber.hopkins@example.com,1952-07-11T18:16:37.681Z,69,2004-11-25T00:00:47.867Z,17,(091)-063-8812,(985)-176-6235,SSN,306-40-5832,https://randomuser.me/api/portraits/women/59.jpg,https://randomuser.me/api/portraits/med/women/59.jpg,https://randomuser.me/api/portraits/thumb/women/59.jpg,US
male,Mr,Noah,Fisher,9413,Valley View Ln,Baton Rouge,Virginia,United States,20088,-77.8443,73.6660,-10:00,Hawaii,noah.fisher@example.com,1963-03-03T06:06:42.380Z,58,2019-01-19T22:57:10.287Z,2,(053)-142-2088,(965)-661-5310,SSN,865-13-8768,https://randomuser.me/api/portraits/men/25.jpg,https://randomuser.me/api/portraits/med/men/25.jpg,https://randomuser.me/api/portraits/thumb/men/25.jpg,US
female,Miss,Addison,Oliver,6647,Edwards Rd,Vernon,North Carolina,United States,56260,32.7125,45.2648,+5:45,Kathmandu,addison.oliver@example.com,1946-10-29T05:53:20.065Z,75,2011-09-18T15:34:32.844Z,10,(570)-855-0523,(931)-314-8228,SSN,064-12-5809,https://randomuser.me/api/portraits/women/42.jpg,https://randomuser.me/api/portraits/med/women/42.jpg,https://randomuser.me/api/portraits/thumb/women/42.jpg,US
male,Mr,Hunter,Bates,1953,Karen Dr,Lancaster,South Carolina,United States,83115,-8.9383,-151.2206,-9:00,Alaska,hunter.bates@example.com,1951-10-22T06:59:22.533Z,70,2018-03-08T10:32:38.760Z,3,(814)-564-9676,(757)-461-7033,SSN,559-26-9240,https://randomuser.me/api/portraits/men/15.jpg,https://randomuser.me/api/portraits/med/men/15.jpg,https://randomuser.me/api/portraits/thumb/men/15.jpg,US
male,Mr,Stanley,Lane,1276,Cackson St,Riverside,Arkansas,United States,14120,-81.6825,-138.5252,-3:30,Newfoundland,stanley.lane@example.com,1945-02-26T22:33:51.471Z,76,2007-08-29T23:18:24.938Z,14,(247)-933-8064,(478)-852-3762,SSN,582-69-4278,https://randomuser.me/api/portraits/men/6.jpg,https://randomuser.me/api/portraits/med/men/6.jpg,https://randomuser.me/api/portraits/thumb/men/6.jpg,US
female,Miss,Genesis,Fields,2885,Fairview St,Dallas,Pennsylvania,United States,51379,67.6214,-34.9137,-2:00,Mid-Atlantic,genesis.fields@example.com,1985-01-29T12:07:17.795Z,36,2002-10-28T12:25:12.675Z,19,(668)-784-9915,(027)-577-7653,SSN,143-62-8869,https://randomuser.me/api/portraits/women/89.jpg,https://randomuser.me/api/portraits/med/women/89.jpg,https://randomuser.me/api/portraits/thumb/women/89.jpg,US
female,Ms,Nicole,Stephens,9772,Green Rd,Cincinnati,Iowa,United States,11669,37.8064,-109.9737,+4:30,Kabul,nicole.stephens@example.com,1983-06-11T13:40:31.169Z,38,2003-02-08T14:24:40.603Z,18,(339)-458-2584,(588)-537-0907,SSN,132-57-9577,https://randomuser.me/api/portraits/women/8.jpg,https://randomuser.me/api/portraits/med/women/8.jpg,https://randomuser.me/api/portraits/thumb/women/8.jpg,US
male,Mr,Kurt,Johnson,1626,W Dallas St,Atlanta,Utah,United States,60012,-37.5636,125.9260,-9:00,Alaska,kurt.johnson@example.com,1978-01-21T05:40:32.829Z,43,2003-10-18T11:31:42.561Z,18,(446)-749-2365,(443)-831-1996,SSN,450-54-6960,https://randomuser.me/api/portraits/men/23.jpg,https://randomuser.me/api/portraits/med/men/23.jpg,https://randomuser.me/api/portraits/thumb/men/23.jpg,US
female,Miss,Brittany,Peck,3161,Wycliff Ave,Chattanooga,Louisiana,United States,43287,79.0930,-158.3060,-8:00,Pacific Time (US & Canada),brittany.peck@example.com,1960-05-31T01:37:47.823Z,61,2007-08-25T06:58:33.374Z,14,(577)-045-6435,(092)-279-6577,SSN,254-18-5158,https://randomuser.me/api/portraits/women/9.jpg,https://randomuser.me/api/portraits/med/women/9.jpg,https://randomuser.me/api/portraits/thumb/women/9.jpg,US
male,Mr,Marion,Coleman,1125,Avondale Ave,Baton Rouge,Colorado,United States,10843,66.3956,19.5452,-7:00,Mountain Time (US & Canada),marion.coleman@example.com,1987-02-05T21:03:29.207Z,34,2005-10-06T12:15:17.401Z,16,(493)-629-1411,(473)-312-3020,SSN,570-14-2596,https://randomuser.me/api/portraits/men/48.jpg,https://randomuser.me/api/portraits/med/men/48.jpg,https://randomuser.me/api/portraits/thumb/men/48.jpg,US
female,Miss,Kathryn,Williams,5801,W Pecan St,Carlsbad,Wyoming,United States,14186,55.7867,46.5289,-9:00,Alaska,kathryn.williams@example.com,1974-07-10T19:22:20.383Z,47,2018-09-12T02:01:45.647Z,3,(686)-958-1049,(976)-272-9718,SSN,247-89-6895,https://randomuser.me/api/portraits/women/83.jpg,https://randomuser.me/api/portraits/med/women/83.jpg,https://randomuser.me/api/portraits/thumb/women/83.jpg,US
female,Mrs,Celina,Harris,8455,Nowlin Rd,Waterbury,Oklahoma,United States,41102,61.0299,145.3393,+3:30,Tehran,celina.harris@example.com,1982-09-14T00:28:38.855Z,39,2019-08-14T19:36:56.133Z,2,(142)-104-1198,(896)-120-3162,SSN,226-25-9020,https://randomuser.me/api/portraits/women/21.jpg,https://randomuser.me/api/portraits/med/women/21.jpg,https://randomuser.me/api/portraits/thumb/women/21.jpg,US
male,Mr,Arron,Barnes,1662,Hogan St,Durham,North Dakota,United States,98867,57.7048,-151.9260,+4:30,Kabul,arron.barnes@example.com,1945-08-07T11:41:17.199Z,76,2016-04-19T03:58:46.895Z,5,(281)-305-0404,(989)-580-5298,SSN,392-42-4025,https://randomuser.me/api/portraits/men/94.jpg,https://randomuser.me/api/portraits/med/men/94.jpg,https://randomuser.me/api/portraits/thumb/men/94.jpg,US
female,Ms,Laurie,Cruz,3099,Depaul Dr,Chesapeake,Alaska,United States,91579,-7.2419,75.2052,-8:00,Pacific Time (US & Canada),laurie.cruz@example.com,1951-10-29T08:02:28.442Z,70,2009-06-06T19:25:23.977Z,12,(047)-297-0567,(474)-303-7555,SSN,406-80-1689,https://randomuser.me/api/portraits/women/44.jpg,https://randomuser.me/api/portraits/med/women/44.jpg,https://randomuser.me/api/portraits/thumb/women/44.jpg,US
female,Ms,Katherine,Lawson,6641,Country Club Rd,Grapevine,Georgia,United States,33267,-21.7538,107.7402,-10:00,Hawaii,katherine.lawson@example.com,1946-07-08T12:29:19.780Z,75,2019-05-16T17:15:41.996Z,2,(001)-517-6491,(301)-535-8600,SSN,515-31-8747,https://randomuser.me/api/portraits/women/49.jpg,https://randomuser.me/api/portraits/med/women/49.jpg,https://randomuser.me/api/portraits/thumb/women/49.jpg,US
female,Ms,Marsha,Edwards,3732,W Campbell Ave,The Colony,Montana,United States,35708,13.9631,57.2536,+5:45,Kathmandu,marsha.edwards@example.com,1958-03-03T12:50:57.267Z,63,2005-04-23T22:23:31.607Z,16,(007)-570-1459,(019)-124-2813,SSN,216-75-7541,https://randomuser.me/api/portraits/women/70.jpg,https://randomuser.me/api/portraits/med/women/70.jpg,https://randomuser.me/api/portraits/thumb/women/70.jpg,US
female,Miss,Dolores,Stone,4254,Shady Ln Dr,New Haven,Maine,United States,58475,42.3948,75.6452,+3:30,Tehran,dolores.stone@example.com,1968-02-02T15:03:24.623Z,53,2015-09-19T10:55:07.996Z,6,(152)-838-9915,(249)-275-1300,SSN,003-06-2826,https://randomuser.me/api/portraits/women/51.jpg,https://randomuser.me/api/portraits/med/women/51.jpg,https://randomuser.me/api/portraits/thumb/women/51.jpg,US
male,Mr,Jerry,Simmmons,860,Railroad St,Salinas,Kansas,United States,78726,-37.3870,60.0335,+5:45,Kathmandu,jerry.simmmons@example.com,1979-06-19T05:17:15.587Z,42,2012-06-23T02:29:15.695Z,9,(305)-676-9543,(050)-749-8963,SSN,260-63-0851,https://randomuser.me/api/portraits/men/55.jpg,https://randomuser.me/api/portraits/med/men/55.jpg,https://randomuser.me/api/portraits/thumb/men/55.jpg,US
male,Mr,Manuel,Hansen,5772,Pockrus Page Rd,Pasadena,Mississippi,United States,85056,85.5300,-156.8708,+5:45,Kathmandu,manuel.hansen@example.com,1958-11-30T12:35:53.979Z,63,2012-04-28T21:52:47.319Z,9,(577)-162-9029,(215)-458-7515,SSN,980-15-7787,https://randomuser.me/api/portraits/men/88.jpg,https://randomuser.me/api/portraits/med/men/88.jpg,https://randomuser.me/api/portraits/thumb/men/88.jpg,US
male,Mr,Gary,Ryan,5917,Washington Ave,Augusta,Virginia,United States,43853,36.2475,29.4110,-9:00,Alaska,gary.ryan@example.com,1973-09-19T03:40:49.254Z,48,2008-12-23T04:22:56.499Z,13,(595)-505-6517,(698)-798-8199,SSN,864-81-6071,https://randomuser.me/api/portraits/men/27.jpg,https://randomuser.me/api/portraits/med/men/27.jpg,https://randomuser.me/api/portraits/thumb/men/27.jpg,US
female,Miss,Annette,Matthews,7774,Wheeler Ridge Dr,Lewiston,New Jersey,United States,38024,76.9161,-88.4345,+3:30,Tehran,annette.matthews@example.com,1968-09-01T17:42:32.702Z,53,2011-07-09T23:44:08.670Z,10,(257)-268-4682,(796)-558-8360,SSN,018-83-5631,https://randomuser.me/api/portraits/women/53.jpg,https://randomuser.me/api/portraits/med/women/53.jpg,https://randomuser.me/api/portraits/thumb/women/53.jpg,US
male,Mr,Ian,Morales,3699,Spring Hill Rd,Ontario,Maine,United States,72400,72.4435,-20.9027,-3:30,Newfoundland,ian.morales@example.com,1947-08-26T08:09:35.308Z,74,2008-09-08T20:12:56.665Z,13,(285)-099-3802,(922)-975-4505,SSN,430-04-5229,https://randomuser.me/api/portraits/men/3.jpg,https://randomuser.me/api/portraits/med/men/3.jpg,https://randomuser.me/api/portraits/thumb/men/3.jpg,US
female,Ms,Brittany,Hudson,4659,Hamilton Ave,Norman,New Hampshire,United States,23756,-22.6377,-78.7798,+5:45,Kathmandu,brittany.hudson@example.com,1995-05-19T13:37:14.426Z,26,2014-09-06T06:41:55.445Z,7,(932)-272-6227,(023)-700-7155,SSN,209-95-9311,https://randomuser.me/api/portraits/women/83.jpg,https://randomuser.me/api/portraits/med/women/83.jpg,https://randomuser.me/api/portraits/thumb/women/83.jpg,US
