gender,name.title,name.first,name.last,location.street.number,location.street.name,location.city,location.state,location.country,location.postcode,location.coordinates.latitude,location.coordinates.longitude,location.timezone.offset,location.timezone.description,email,dob.date,dob.age,registered.date,registered.age,phone,cell,id.name,id.value,picture.large,picture.medium,picture.thumbnail,nat
female,Ms,Melissa,Holland,8246,Valwood Pkwy,El Cajon,Utah,United States,22597,17.2159,94.7742,+3:30,Tehran,melissa.holland@example.com,1979-05-23T17:53:55.722Z,42,2014-08-20T11:11:21.194Z,7,(938)-557-7380,(887)-008-5375,SSN,726-40-0228,https://randomuser.me/api/portraits/women/96.jpg,https://randomuser.me/api/portraits/med/women/96.jpg,https://randomuser.me/api/portraits/thumb/women/96.jpg,US
male,Mr,Theodore,Torres,5252,Timber Wolf Trail,Cape Coral,Arkansas,United States,87431,-20.4140,-101.9805,-7:00,Mountain Time (US & Canada),theodore.torres@example.com,1986-03-11T04:14:57.972Z,35,2012-02-04T15:21:43.334Z,9,(046)-244-7952,(182)-700-6903,SSN,965-54-8403,https://randomuser.me/api/portraits/men/40.jpg,https://randomuser.me/api/portraits/med/men/40.jpg,https://randomuser.me/api/portraits/thumb/men/40.jpg,US
male,Mr,Erik,Hernandez,4526,Washington Ave,Fort Wayne,Oregon,United States,84996,-23.7053,-131.8802,-3:30,Newfoundland,erik.hernandez@example.com,1997-03-01T14:21:50.034Z,24,2012-08-03T22:04:16.313Z,9,(026)-906-0116,(028)-782-0462,SSN,754-86-9884,https://randomuser.me/api/portraits/men/74.jpg,https://randomuser.me/api/portraits/med/men/74.jpg,https://randomuser.me/api/portraits/thumb/men/74.jpg,US
female,Mrs,Cindy,Richardson,6116,Pecan Acres Ln,Centennial,Georgia,United States,33703,-7.8950,140.1056,-3:30,Newfoundland,cindy.richardson@example.com,1964-10-08T04:26:52.373Z,57,2017-11-24T20:47:11.130Z,4,(601)-025-8220,(414)-959-9903,SSN,547-94-0037,https://randomuser.me/api/portraits/women/86.jpg,https://randomuser.me/api/portraits/med/women/86.jpg,https://randomuser.me/api/portraits/thumb/women/86.jpg,US
male,Mr,Tim,Matthews,710,E Little York Rd,Riverside,Delaware,United States,80343,-38.7620,-143.9708,-2:00,Mid-Atlantic,tim.matthews@example.com,1948-11-10T05:17:26.189Z,73,2010-11-12T23:50:03.285Z,11,(867)-169-5035,(484)-261-5605,SSN,455-81-1094,https://randomuser.me/api/portraits/men/83.jpg,https://randomuser.me/api/portraits/med/men/83.jpg,https://randomuser.me/api/portraits/thumb/men/83.jpg,US
male,Mr,Clarence,Dunn,1060,Camden Ave,Portland,Hawaii,United States,69233,81.0757,-35.2635,-3:30,Newfoundland,clarence.dunn@example.com,1947-01-28T03:31:41.777Z,74,2011-02-09T10:35:01.067Z,10,(790)-184-3553,(456)-795-6996,SSN,266-32-1422,https://randomuser.me/api/portraits/men/82.jpg,https://randomuser.me/api/portraits/med/men/82.jpg,https://randomuser.me/api/portraits/thumb/men/82.jpg,US
female,Ms,Ruby,Anderson,6263,Hamilton Ave,Roanoke,Maryland,United States,21768,48.9246,101.4562,+4:30,Kabul,ruby.anderson@example.com,1951-07-10T01:13:38.957Z,70,2017-09-21T07:07:03.980Z,4,(115)-392-0566,(975)-853-8943,SSN,477-08-5241,https://randomuser.me/api/portraits/women/52.jpg,https://randomuser.me/api/portraits/med/women/52.jpg,https://randomuser.me/api/portraits/thumb/women/52.jpg,US
female,Miss,Bernice,Burton,2387,Preston Rd,Elk Grove,Delaware,United States,65172,4.7742,-170.2486,-9:00,Alaska,bernice.burton@example.com,1975-07-13T04:31:34.418Z,46,2006-10-02T21:04:41.749Z,15,(199)-825-5350,(986)-231-5992,SSN,328-21-5837,https://randomuser.me/api/portraits/women/88.jpg,https://randomuser.me/api/portraits/med/women/88.jpg,https://randomuser.me/api/portraits/thumb/women/88.jpg,US
male,Mr,Darren,Johnson,3807,Valley View Ln,Fontana,Kansas,United States,18133,13.7686,-120.4897,-3:30,Newfoundland,darren.johnson@example.com,1961-05-22T13:58:00.968Z,60,2015-12-31T13:50:42.836Z,6,(179)-198-6562,(051)-544-5939,SSN,145-61-8560,https://randomuser.me/api/portraits/men/91.jpg,https://randomuser.me/api/portraits/med/men/91.jpg,https://randomuser.me/api/portraits/thumb/men/91.jpg,US
male,Mr,Julian,Fernandez,197,Westheimer Rd,Edison,Delaware,United States,65602,-7.3065,102.0940,+4:30,Kabul,julian.fernandez@example.com,1963-10-01T17:47:08.720Z,58,2002-06-20T00:24:44.100Z,19,(269)-450-8353,(512)-943-8406,SSN,975-24-8892,https://randomuser.me/api/portraits/men/86.jpg,https://randomuser.me/api/portraits/med/men/86.jpg,https://randomuser.me/api/portraits/thumb/men/86.jpg,US
female,Ms,Vickie,Mitchell,5288,Spring St,Westminster,Missouri,United States,73406,2.9141,39.8307,-8:00,Pacific Time (US & Canada),vickie.mitchell@example.com,1965-11-09T23:09:36.136Z,56,2015-03-26T04:05:57.462Z,6,(306)-775-7165,(256)-979-0884,SSN,599-64-2775,https://randomuser.me/api/portraits/women/86.jpg,https://randomuser.me/api/portraits/med/women/86.jpg,https://randomuser.me/api/portraits/thumb/women/86.jpg,US
female,Ms,Shannon,Jimenez,5919,Dane St,Helena,Utah,United States,13588,39.9987,128.0487,-8:00,Pacific Time (US & Canada),shannon.jimenez@example.com,1956-09-09T02:26:39.085Z,65,2016-01-09T20:42:19.758Z,5,(608)-790-7589,(562)-467-0168,SSN,637-22-8443,https://randomuser.me/api/portraits/women/71.jpg,https://randomuser.me/api/portraits/med/women/71.jpg,https://randomuser.me/api/portraits/thumb/women/71.jpg,US
