gender,name.title,name.first,name.last,location.street.number,location.street.name,location.city,location.state,location.country,location.postcode,location.coordinates.latitude,location.coordinates.longitude,location.timezone.offset,location.timezone.description,email,dob.date,dob.age,registered.date,registered.age,phone,cell,id.name,id.value,picture.large,picture.medium,picture.thumbnail,nat
female,Ms,Myrtle,Holt,5625,Pecan Acres Ln,Wilmington,Delaware,United States,69287,79.2407,-112.9965,-3:30,Newfoundland,myrtle.holt@example.com,1980-10-10T22:25:50.902Z,41,2008-05-01T22:56:43.766Z,13,(171)-918-9726,(461)-033-2473,SSN,169-57-3991,https://randomuser.me/api/portraits/women/22.jpg,https://randomuser.me/api/portraits/med/women/22.jpg,https://randomuser.me/api/portraits/thumb/women/22.jpg,US
male,Mr,Philip,Hansen,3872,Cackson St,Murfreesboro,Wisconsin,United States,91238,43.9841,-89.7322,-7:00,Mountain Time (US & Canada),philip.hansen@example.com,1969-10-07T23:27:53.554Z,52,2013-03-25T03:17:54.029Z,8,(686)-734-5242,(325)-233-0012,SSN,817-71-2357,https://randomuser.me/api/portraits/men/7.jpg,https://randomuser.me/api/portraits/med/men/7.jpg,https://randomuser.me/api/portraits/thumb/men/7.jpg,US
female,Miss,Isobel,Hanson,5498,Country Club Rd,Lowell,Arizona,United States,97368,-6.4256,46.3139,+5:45,Kathmandu,isobel.hanson@example.com,1955-10-17T06:55:51.205Z,66,2014-02-26T17:46:09.043Z,7,(769)-782-6972,(652)-465-5410,SSN,834-87-6261,https://randomuser.me/api/portraits/women/63.jpg,https://randomuser.me/api/portraits/med/women/63.jpg,https://randomuser.me/api/portraits/thumb/women/63.jpg,US
female,Ms,Madison,Porter,8502,Washington Ave,Tallahassee,Virginia,United States,77681,61.6863,-71.4872,+5:45,Kathmandu,madison.porter@example.com,1969-01-19T23:03:07.192Z,52,2012-08-01T15:29:07.835Z,9,(731)-199-5056,(469)-504-8580,SSN,100-67-6296,https://randomuser.me/api/portraits/women/44.jpg,https://randomuser.me/api/portraits/med/women/44.jpg,https://randomuser.me/api/portraits/thumb/women/44.jpg,US
male,Mr,Devon,Hayes,5117,Rolling Green Rd,Rochmond,Florida,United States,64278,59.5427,77.3177,-8:00,Pacific Time (US & Canada),devon.hayes@example.com,1950-07-21T10:52:51.598Z,71,2002-07-22T08:16:34.676Z,19,(460)-326-7325,(067)-353-8824,SSN,539-76-5148,https://randomuser.me/api/portraits/men/42.jpg,https://randomuser.me/api/portraits/med/men/42.jpg,https://randomuser.me/api/portraits/thumb/men/42.jpg,US
male,Mr,Carl,Hudson,9133,Mockingbird Hill,Fayetteville,New Mexico,United States,35004,-65.1664,20.9409,-8:00,Pacific Time (US & Canada),carl.hudson@example.com,1952-09-25T16:49:35.641Z,69,2009-09-12T07:02:51.262Z,12,(835)-954-3479,(235)-879-7309,SSN,165-20-8390,https://randomuser.me/api/portraits/men/10.jpg,https://randomuser.me/api/portraits/med/men/10.jpg,https://randomuser.me/api/portraits/thumb/men/10.jpg,US
female,Miss,Jennifer,Caldwell,8552,Hillcrest Rd,Syracuse,Pennsylvania,United States,93269,-23.3868,-140.6388,-3:30,Newfoundland,jennifer.caldwell@example.com,1992-09-17T20:24:53.599Z,29,2007-09-15T15:02:34.936Z,14,(366)-927-2356,(900)-934-5483,SSN,737-48-0981,https://randomuser.me/api/portraits/women/77.jpg,https://randomuser.me/api/portraits/med/women/77.jpg,https://randomuser.me/api/portraits/thumb/women/77.jpg,US
female,Mrs,Jamie,Evans,2592,Hogan St,Richardson,Connecticut,United States,96453,-23.6902,71.2035,-9:00,Alaska,jamie.evans@example.com,1959-10-28T14:11:38.418Z,62,2015-04-21T11:03:47.060Z,6,(387)-836-6724,(561)-925-6769,SSN,583-89-9669,https://randomuser.me/api/portraits/women/41.jpg,https://randomuser.me/api/portraits/med/women/41.jpg,https://randomuser.me/api/portraits/thumb/women/41.jpg,US
female,Ms,Alicia,Weaver,4430,Poplar Dr,Broken Arrow,Minnesota,United States,70810,53.6135,-110.9799,-7:00,Mountain Time (US & Canada),alicia.weaver@example.com,1971-02-25T11:06:18.001Z,50,2011-12-15T16:05:13.735Z,10,(337)-629-6312,(956)-052-3184,SSN,728-56-5794,https://randomuser.me/api/portraits/women/6.jpg,https://randomuser.me/api/portraits/med/women/6.jpg,https://randomuser.me/api/portraits/thumb/women/6.jpg,US
male,Mr,Tim,Ray,8345,Hickory Creek Dr,Cape Coral,Arkansas,United States,91386,54.0118,-63.1135,+5:45,Kathmandu,tim.ray@example.com,1970-08-03T14:04:39.990Z,51,2003-09-20T09:23:13.587Z,18,(149)-115-8321,(623)-657-7611,SSN,247-18-0862,https://randomuser.me/api/portraits/men/99.jpg,https://randomuser.me/api/portraits/med/men/99.jpg,https://randomuser.me/api/portraits/thumb/men/99.jpg,US
male,Mr,Calvin,Gordon,2933,Mockingbird Hill,Amarillo,Indiana,United States,85317,-80.7087,109.4253,-7:00,Mountain Time (US & Canada),calvin.gordon@example.com,1944-11-05T14:28:39.062Z,77,2016-03-22T17:31:24.913Z,5,(573)-041-2501,(871)-069-0039,SSN,248-81-6234,https://randomuser.me/api/portraits/men/96.jpg,https://randomuser.me/api/portraits/med/men/96.jpg,https://randomuser.me/api/portraits/thumb/men/96.jpg,US
female,Mrs,Tara,Burton,1608,E Sandy Lake Rd,Greeley,Montana,United States,40378,-30.9674,37.6777,-3:30,Newfoundland,tara.burton@example.com,1974-01-17T12:25:05.887Z,47,2019-08-03T00:06:06.533Z,2,(342)-738-2945,(784)-110-1232,SSN,114-76-1858,https://randomuser.me/api/portraits/women/45.jpg,https://randomuser.me/api/portraits/med/women/45.jpg,https://randomuser.me/api/portraits/thumb/women/45.jpg,US
female,Mrs,Robin,Newman,9825,Taylor St,West Valley City,Maine,United States,25686,40.5672,88.6882,+5:45,Kathmandu,robin.newman@example.com,1957-11-27T14:56:11.430Z,64,2016-01-18T10:45:07.024Z,5,(025)-328-1622,(647)-100-8423,SSN,518-27-2638,https://randomuser.me/api/portraits/women/43.jpg,https://randomuser.me/api/portraits/med/women/43.jpg,https://randomuser.me/api/portraits/thumb/women/43.jpg,US
male,Mr,Arthur,Lopez,5340,Samaritan Dr,South Valley,North Dakota,United States,61182,-70.1524,-16.9635,-7:00,Mountain Time (US & Canada),arthur.lopez@example.com,1956-11-09T15:52:53.948Z,65,2009-02-18T23:28:24.659Z,12,(399)-936-5269,(183)-244-7451,SSN,684-00-7017,https://randomuser.me/api/portraits/men/21.jpg,https://randomuser.me/api/portraits/med/men/21.jpg,https://randomuser.me/api/portraits/thumb/men/21.jpg,US
female,Mrs,Megan,Garrett,5966,Photinia Ave,Saint Paul,Maryland,United States,51635,35.7456,-102.7811,-3:30,Newfoundland,megan.garrett@example.com,1978-07-14T02:37:14.736Z,43,2018-03-10T14:06:58.240Z,3,(557)-180-1551,(140)-936-6984,SSN,628-11-9555,https://randomuser.me/api/portraits/women/52.jpg,https://randomuser.me/api/portraits/med/women/52.jpg,https://randomuser.me/api/portraits/thumb/women/52.jpg,US
male,Mr,Glen,Shaw,760,Northaven Rd,San Antonio,Kentucky,United States,88402,20.4659,-137.8882,-10:00,Hawaii,glen.shaw@example.com,1982-01-14T22:48:10.048Z,39,2002-03-29T11:25:51.144Z,19,(514)-328-6004,(793)-755-0404,SSN,767-88-8007,https://randomuser.me/api/portraits/men/38.jpg,https://randomuser.me/api/portraits/med/men/38.jpg,https://randomuser.me/api/portraits/thumb/men/38.jpg,US
male,Mr,Willard,Cunningham,8193,Royal Ln,Eugene,Nevada,United States,79727,-7.3464,-155.3057,-2:00,Mid-Atlantic,willard.cunningham@example.com,1951-07-30T20:58:03.051Z,70,2013-07-27T20:34:08.554Z,8,(205)-045-7719,(748)-668-9595,SSN,721-36-1991,https://randomuser.me/api/portraits/men/53.jpg,https://randomuser.me/api/portraits/med/men/53.jpg,https://randomuser.me/api/portraits/thumb/men/53.jpg,US
