gender,name.title,name.first,name.last,location.street.number,location.street.name,location.city,location.state,location.country,location.postcode,location.coordinates.latitude,location.coordinates.longitude,location.timezone.offset,location.timezone.description,email,dob.date,dob.age,registered.date,registered.age,phone,cell,id.name,id.value,picture.large,picture.medium,picture.thumbnail,nat
male,Mr,Ron,Palmer,6126,Samaritan Dr,Port St. Lucie,North Dakota,United States,70331,-18.1824,-112.5772,-2:00,Mid-Atlantic,ron.palmer@example.com,1969-07-21T11:13:44.803Z,52,2002-04-28T22:22:20.126Z,19,(781)-443-5521,(721)-273-9721,SSN,329-99-7387,https://randomuser.me/api/portraits/men/69.jpg,https://randomuser.me/api/portraits/med/men/69.jpg,https://randomuser.me/api/portraits/thumb/men/69.jpg,US
male,Mr,Pat,Harrison,8541,Westheimer Rd,Grand Rapids,New York,United States,33215,-7.0057,-157.4717,-3:30,Newfoundland,pat.harrison@example.com,1969-05-14T19:19:16.869Z,52,2008-01-02T04:16:08.511Z,13,(975)-243-3843,(158)-696-6804,SSN,265-70-8260,https://randomuser.me/api/portraits/men/33.jpg,https://randomuser.me/api/portraits/med/men/33.jpg,https://randomuser.me/api/portraits/thumb/men/33.jpg,US
male,Mr,Daniel,Ramos,8247,Spring St,Saginaw,Alabama,United States,22179,41.3846,148.4783,-10:00,Hawaii,daniel.ramos@example.com,1954-06-16T09:27:45.538Z,67,2019-04-24T01:56:05.033Z,2,(458)-778-1248,(126)-809-2550,SSN,556-50-8583,https://randomuser.me/api/portraits/men/26.jpg,https://randomuser.me/api/portraits/med/men/26.jpg,https://randomuser.me/api/portraits/thumb/men/26.jpg,US
male,Mr,Clayton,Porter,8996,Bruce St,Amarillo,West Virginia,United States,67764,68.4187,75.8262,-2:00,Mid-Atlantic,clayton.porter@example.com,1982-08-28T12:53:03.532Z,39,2005-02-27T08:01:26.671Z,16,(444)-949-2100,(572)-713-1066,SSN,319-49-7222,https://randomuser.me/api/portraits/men/51.jpg,https://randomuser.me/api/portraits/med/men/51.jpg,https://randomuser.me/api/portraits/thumb/men/51.jpg,US
female,Mrs,Joann,Martinez,439,W Dallas St,Salem,Rhode Island,United States,65748,62.5131,41.1025,+4:30,Kabul,joann.martinez@example.com,1990-07-08T04:38:11.805Z,31,2005-01-16T01:09:43.615Z,16,(915)-163-7830,(887)-572-2140,SSN,789-90-6940,https://randomuser.me/api/portraits/women/86.jpg,https://randomuser.me/api/portraits/med/women/86.jpg,https://randomuser.me/api/portraits/thumb/women/86.jpg,US
male,Mr,Owen,Roberts,3173,Elgin St,Roseville,Alabama,United States,35073,-84.0614,-169.1942,-9:00,Alaska,owen.roberts@example.com,1997-10-27T21:13:32.481Z,24,2003-03-23T00:24:29.207Z,18,(414)-649-6390,(293)-387-1894,SSN,834-92-6747,https://randomuser.me/api/portraits/men/77.jpg,https://randomuser.me/api/portraits/med/men/77.jpg,https://randomuser.me/api/portraits/thumb/men/77.jpg,US
male,Mr,Theodore,Richardson,2995,W Dallas St,Seymour,Virginia,United States,24012,28.6926,-164.8453,-8:00,Pacific Time (US & Canada),theodore.richardson@example.com,1984-04-19T21:00:27.801Z,37,2011-09-22T14:48:35.580Z,10,(801)-942-4556,(619)-196-5295,SSN,961-62-4176,https://randomuser.me/api/portraits/men/97.jpg,https://randomuser.me/api/portraits/med/men/97.jpg,https://randomuser.me/api/portraits/thumb/men/97.jpg,US
male,Mr,Steve,Kelly,1086,W Dallas St,Roanoke,Iowa,United States,10481,-39.7720,10.2014,-3:30,Newfoundland,steve.kelly@example.com,1987-02-22T15:01:42.582Z,34,2012-06-08T03:05:25.287Z,9,(771)-864-2393,(862)-248-4485,SSN,173-18-9144,https://randomuser.me/api/portraits/men/81.jpg,https://randomuser.me/api/portraits/med/men/81.jpg,https://randomuser.me/api/portraits/thumb/men/81.jpg,US
male,Mr,Daniel,Watson,3230,Lone Wolf Trail,Virginia Beach,Delaware,United States,80268,-78.3178,-103.6435,-2:00,Mid-Atlantic,daniel.watson@example.com,1963-05-11T03:54:50.302Z,58,2018-12-30T16:35:30.370Z,3,(199)-367-1084,(480)-597-9320,SSN,307-29-4306,https://randomuser.me/api/portraits/men/75.jpg,https://randomuser.me/api/portraits/med/men/75.jpg,https://randomuser.me/api/portraits/thumb/men/75.jpg,US
