gender,name.title,name.first,name.last,location.street.number,location.street.name,location.city,location.state,location.country,location.postcode,location.coordinates.latitude,location.coordinates.longitude,location.timezone.offset,location.timezone.description,email,dob.date,dob.age,registered.date,registered.age,phone,cell,id.name,id.value,picture.large,picture.medium,picture.thumbnail,nat
male,Mr,Javier,Hayes,68,E Center St,Springfield,South Dakota,United States,41062,-31.8229,130.7048,-2:00,Mid-Atlantic,javier.hayes@example.com,1961-11-07T13:38:39.140Z,60,2007-08-29T22:59:20.798Z,14,(068)-046-8835,(282)-449-6823,SSN,249-08-9628,https://randomuser.me/api/portraits/men/55.jpg,https://randomuser.me/api/portraits/med/men/55.jpg,https://randomuser.me/api/portraits/thumb/men/55.jpg,US
female,Ms,Sofia,Meyer,2583,Pecan Acres Ln,Houston,Iowa,United States,29281,-0.2675,-78.2228,-9:00,Alaska,sofia.meyer@example.com,1949-07-14T17:01:53.680Z,72,2006-11-10T16:22:08.801Z,15,(576)-892-3019,(627)-218-9551,SSN,231-63-0238,https://randomuser.me/api/portraits/women/72.jpg,https://randomuser.me/api/portraits/med/women/72.jpg,https://randomuser.me/api/portraits/thumb/women/72.jpg,US
female,Miss,Mary,Walker,4637,Groveland Terrace,Vallejo,Washington,United States,89238,-40.3933,-4.1930,+5:45,Kathmandu,mary.walker@example.com,1974-05-15T11:33:41.402Z,47,2007-08-02T01:58:05.997Z,14,(445)-836-5776,(045)-283-0513,SSN,476-81-5217,https://randomuser.me/api/portraits/women/25.jpg,https://randomuser.me/api/portraits/med/women/25.jpg,https://randomuser.me/api/portraits/thumb/women/25.jpg,US
female,Mrs,Abigail,Henry,9935,Parker Rd,Louisville,South Dakota,United States,83326,24.7700,137.4779,-8:00,Pacific Time (US & Canada),abigail.henry@example.com,1981-03-31T20:10:12.033Z,40,2015-07-14T11:38:05.069Z,6,(421)-028-7749,(310)-782-7617,SSN,826-71-6773,https://randomuser.me/api/portraits/women/96.jpg,https://randomuser.me/api/portraits/med/women/96.jpg,https://randomuser.me/api/portraits/thumb/women/96.jpg,US
male,Mr,Jim,Ruiz,4454,Shady Ln Dr,Shiloh,Maine,United States,25024,56.1692,89.6844,-9:00,Alaska,jim.ruiz@example.com,1976-09-15T17:28:19.153Z,45,2012-09-20T17:28:45.850Z,9,(910)-071-1811,(111)-808-1733,SSN,154-46-2944,https://randomuser.me/api/portraits/men/61.jpg,https://randomuser.me/api/portraits/med/men/61.jpg,https://randomuser.me/api/portraits/thumb/men/61.jpg,US
female,Miss,Pauline,Jackson,5986,Blossom Hill Rd,Durham,Kentucky,United States,59737,14.6610,49.2791,-2:00,Mid-Atlantic,pauline.jackson@example.com,1968-11-27T09:53:48.300Z,53,2006-07-18T10:20:01.596Z,15,(682)-896-8470,(568)-871-8738,SSN,273-52-1301,https://randomuser.me/api/portraits/women/19.jpg,https://randomuser.me/api/portraits/med/women/19.jpg,https://randomuser.me/api/portraits/thumb/women/19.jpg,US
male,Mr,Jeremiah,Jacobs,4717,Shady Ln Dr,Cedar Rapids,Delaware,United States,82968,-33.6740,64.6233,+3:30,Tehran,jeremiah.jacobs@example.com,1987-07-31T15:31:32.996Z,34,2015-12-19T17:49:01.376Z,6,(463)-455-8352,(841)-874-3921,SSN,677-54-9929,https://randomuser.me/api/portraits/men/99.jpg,https://randomuser.me/api/portraits/med/men/99.jpg,https://randomuser.me/api/portraits/thumb/men/99.jpg,US
female,Mrs,Carrie,Walker,2299,Forest Ln,Detroit,Washington,United States,20839,-35.8095,112.5659,+3:30,Tehran,carrie.walker@example.com,1989-01-20T09:09:08.117Z,32,2004-05-24T21:34:49.271Z,17,(386)-275-5963,(053)-545-1940,SSN,920-08-2065,https://randomuser.me/api/portraits/women/19.jpg,https://randomuser.me/api/portraits/med/women/19.jpg,https://randomuser.me/api/portraits/thumb/women/19.jpg,US
