gender,name.title,name.first,name.last,location.street.number,location.street.name,location.city,location.state,location.country,location.postcode,location.coordinates.latitude,location.coordinates.longitude,location.timezone.offset,location.timezone.description,email,dob.date,dob.age,registered.date,registered.age,phone,cell,id.name,id.value,picture.large,picture.medium,picture.thumbnail,nat
male,Mr,Wallace,Adams,7168,Hickory Creek Dr,Grapevine,Nebraska,United States,40672,-0.3602,-104.3269,-8:00,Pacific Time (US & Canada),wallace.adams@example.com,1952-01-06T20:10:10.296Z,69,2004-03-30T17:53:02.223Z,17,(516)-557-4051,(984)-334-7471,SSN,268-13-2471,https://randomuser.me/api/portraits/men/6.jpg,https://randomuser.me/api/portraits/med/men/6.jpg,https://randomuser.me/api/portraits/thumb/men/6.jpg,US
female,Miss,Peyton,Nichols,3243,Groveland Terrace,Thousand Oaks,Colorado,United States,10260,-29.2086,-130.6103,+4:30,Kabul,peyton.nichols@example.com,1948-03-17T10:20:07.839Z,73,2015-09-30T11:55:35.168Z,6,(351)-238-5309,(072)-968-0794,SSN,620-70-6461,https://randomuser.me/api/portraits/women/78.jpg,https://randomuser.me/api/portraits/med/women/78.jpg,https://randomuser.me/api/portraits/thumb/women/78.jpg,US
male,Mr,Herman,Lambert,4283,Avondale Ave,Gresham,Tennessee,United States,29187,17.2813,-167.1060,+5:45,Kathmandu,herman.lambert@example.com,1973-11-08T19:36:53.640Z,48,2015-05-22T12:08:08.716Z,6,(520)-096-6751,(939)-654-4933,SSN,445-82-3004,https://randomuser.me/api/portraits/men/6.jpg,https://randomuser.me/api/portraits/med/men/6.jpg,https://randomuser.me/api/portraits/thumb/men/6.jpg,US
male,Mr,Jeffrey,Scott,119,Northaven Rd,Alexandria,Wisconsin,United States,95199,9.3755,85.4482,-3:30,Newfoundland,jeffrey.scott@example.com,1964-02-28T23:24:41.863Z,57,2003-02-08T08:25:30.225Z,18,(348)-807-9488,(374)-716-8353,SSN,528-43-4892,https://randomuser.me/api/portraits/men/70.jpg,https://randomuser.me/api/portraits/med/men/70.jpg,https://randomuser.me/api/portraits/thumb/men/70.jpg,US
female,Mrs,Valerie,Palmer,4929,E Center St,Wilmington,New Mexico,United States,84013,28.2982,83.9289,-2:00,Mid-Atlantic,valerie.palmer@example.com,1983-06-08T05:03:26.072Z,38,2013-12-19T16:59:21.772Z,8,(579)-822-4374,(293)-408-5712,SSN,481-14-0609,https://randomuser.me/api/portraits/women/10.jpg,https://randomuser.me/api/portraits/med/women/10.jpg,https://randomuser.me/api/portraits/thumb/women/10.jpg,US
male,Mr,Carlos,Mcdonalid,1098,W Dallas St,Spokane,Alaska,United States,92701,6.8043,-7.9007,+5:45,Kathmandu,carlos.mcdonalid@example.com,1993-10-05T13:56:09.432Z,28,2011-04-27T05:41:08.249Z,10,(592)-439-2496,(102)-216-3021,SSN,827-76-3417,https://randomuser.me/api/portraits/men/30.jpg,https://randomuser.me/api/portraits/med/men/30.jpg,https://randomuser.me/api/portraits/thumb/men/30.jpg,US
male,Mr,Rafael,Flores,5079,Royal Ln,New Orleans,Wyoming,United States,34896,85.6015,178.7108,+4:30,Kabul,rafael.flores@example.com,1997-10-12T11:20:59.023Z,24,2005-12-11T06:01:41.560Z,16,(684)-056-7594,(579)-721-5838,SSN,237-26-9805,https://randomuser.me/api/portraits/men/34.jpg,https://randomuser.me/api/portraits/med/men/34.jpg,https://randomuser.me/api/portraits/thumb/men/34.jpg,US
male,Mr,Reginald,James,109,Lakeshore Rd,Seymour,Virginia,United States,84926,58.4515,-161.9251,-9:00,Alaska,reginald.james@example.com,1966-09-08T06:40:04.334Z,55,2005-10-08T13:28:49.677Z,16,(506)-756-6556,(591)-055-3204,SSN,580-16-7193,https://randomuser.me/api/portraits/men/87.jpg,https://randomuser.me/api/portraits/med/men/87.jpg,https://randomuser.me/api/portraits/thumb/men/87.jpg,US
female,Mrs,Beverly,Carpenter,7975,Blossom Hill Rd,Coral Springs,Wyoming,United States,64974,-11.8542,46.9231,+4:30,Kabul,beverly.carpenter@example.com,1979-04-03T22:29:04.683Z,42,2019-07-13T22:26:48.259Z,2,(706)-340-9605,(485)-353-1169,SSN,381-94-8746,https://randomuser.me/api/portraits/women/41.jpg,https://randomuser.me/api/portraits/med/women/41.jpg,https://randomuser.me/api/portraits/thumb/women/41.jpg,US
