gender,name.title,name.first,name.last,location.street.number,location.street.name,location.city,location.state,location.country,location.postcode,location.coordinates.latitude,location.coordinates.longitude,location.timezone.offset,location.timezone.description,email,dob.date,dob.age,registered.date,registered.age,phone,cell,id.name,id.value,picture.large,picture.medium,picture.thumbnail,nat
male,Mr,Andy,Graham,8221,Westheimer Rd,Edgewood,North Carolina,United States,45465,32.0531,-168.3393,-2:00,Mid-Atlantic,andy.graham@example.com,1959-06-07T01:55:12.431Z,62,2006-08-19T10:35:34.529Z,15,(373)-263-2186,(378)-489-5171,SSN,540-68-4763,https://randomuser.me/api/portraits/men/29.jpg,https://randomuser.me/api/portraits/med/men/29.jpg,https://randomuser.me/api/portraits/thumb/men/29.jpg,US
male,Mr,Clarence,Silva,9854,Prospect Rd,Grapevine,Michigan,United States,63733,55.3422,49.7144,-2:00,Mid-Atlantic,clarence.silva@example.com,1967-01-04T18:29:48.714Z,54,2016-09-22T08:45:05.035Z,5,(112)-392-4867,(829)-111-8307,SSN,583-27-5574,https://randomuser.me/api/portraits/men/81.jpg,https://randomuser.me/api/portraits/med/men/81.jpg,https://randomuser.me/api/portraits/thumb/men/81.jpg,US
male,Mr,Kent,Walker,8681,Poplar Dr,Garden Grove,Maine,United States,44007,-16.9331,109.6984,+3:30,Tehran,kent.walker@example.com,1988-05-01T12:41:52.410Z,33,2008-11-29T06:26:09.661Z,13,(142)-228-9095,(852)-420-4050,SSN,950-10-0951,https://randomuser.me/api/portraits/men/60.jpg,https://randomuser.me/api/portraits/med/men/60.jpg,https://randomuser.me/api/portraits/thumb/men/60.jpg,US
male,Mr,Joel,Coleman,3482,Green Rd,Alexandria,Nebraska,United States,41712,-0.0887,-168.0790,-10:00,Hawaii,joel.coleman@example.com,1967-11-26T13:54:19.877Z,54,2009-11-02T00:29:58.641Z,12,(214)-083-6564,(242)-492-3836,SSN,321-04-6928,https://randomuser.me/api/portraits/men/61.jpg,https://randomuser.me/api/portraits/med/men/61.jpg,https://randomuser.me/api/portraits/thumb/men/61.jpg,US
male,Mr,Noah,Cook,1699,Spring St,Houston,Texas,United States,91353,-62.9990,-177.4364,-2:00,Mid-Atlantic,noah.cook@example.com,1983-01-16T09:12:20.705Z,38,2017-04-25T22:46:21.402Z,4,(120)-232-6847,(284)-754-2444,SSN,275-10-2371,https://randomuser.me/api/portraits/men/40.jpg,https://randomuser.me/api/portraits/med/men/40.jpg,https://randomuser.me/api/portraits/thumb/men/40.jpg,US
female,Ms,Isobel,Ray,4546,W Campbell Ave,Garden Grove,New York,United States,39792,80.9117,-80.5760,+5:45,Kathmandu,isobel.ray@example.com,1987-05-15T14:03:12.613Z,34,2005-07-22T06:19:45.710Z,16,(400)-402-0534,(919)-268-9361,SSN,983-54-3215,https://randomuser.me/api/portraits/women/40.jpg,https://randomuser.me/api/portraits/med/women/40.jpg,https://randomuser.me/api/portraits/thumb/women/40.jpg,US
male,Mr,George,Meyer,2223,Karen Dr,Burbank,Idaho,United States,68111,28.0093,-166.4623,+3:30,Tehran,george.meyer@example.com,1966-01-29T04:10:03.304Z,55,2009-10-02T21:29:18.597Z,12,(569)-974-0368,(857)-919-6811,SSN,549-51-8901,https://randomuser.me/api/portraits/men/5.jpg,https://randomuser.me/api/portraits/med/men/5.jpg,https://randomuser.me/api/portraits/thumb/men/5.jpg,US
male,Mr,Howard,Mendoza,6753,Mcgowen St,Colorado Springs,Utah,United States,65278,89.0241,-0.3558,-2:00,Mid-Atlantic,howard.mendoza@example.com,1978-01-25T20:05:19.779Z,43,2003-11-25T01:13:30.588Z,18,(343)-888-9460,(540)-457-9333,SSN,966-38-3212,https://randomuser.me/api/portraits/men/41.jpg,https://randomuser.me/api/portraits/med/men/41.jpg,https://randomuser.me/api/portraits/thumb/men/41.jpg,US
male,Mr,Arthur,Olson,8964,Spring St,Surprise,Missouri,United States,54309,-48.2929,55.4602,-7:00,Mountain Time (US & Canada),arthur.olson@example.com,1994-06-04T17:00:22.077Z,27,2018-09-19T02:55:27.674Z,3,(854)-649-4123,(468)-480-0384,SSN,593-91-9105,https://randomuser.me/api/portraits/men/22.jpg,https://randomuser.me/api/portraits/med/men/22.jpg,https://randomuser.me/api/portraits/thumb/men/22.jpg,US
female,Mrs,Caroline,Hall,321,E North St,Baton Rouge,New Mexico,United States,71427,-45.0701,-121.1320,-3:30,Newfoundland,caroline.hall@example.com,1963-08-19T10:09:48.587Z,58,2013-09-19T02:48:49.252Z,8,(757)-057-8985,(941)-228-5691,SSN,897-77-3089,https://randomuser.me/api/portraits/women/45.jpg,https://randomuser.me/api/portraits/med/women/45.jpg,https://randomuser.me/api/portraits/thumb/women/45.jpg,US
female,Miss,Irma,Gordon,1176,Oak Lawn Ave,Boston,Michigan,United States,63622,71.6267,-139.6621,+3:30,Tehran,irma.gordon@example.com,1980-11-11T23:46:36.642Z,41,2016-09-06T23:46:16.159Z,5,(999)-642-3120,(114)-749-6578,SSN,860-10-7542,https://randomuser.me/api/portraits/women/54.jpg,https://randomuser.me/api/portraits/med/women/54.jpg,https://randomuser.me/api/portraits/thumb/women/54.jpg,US
male,Mr,Ross,Spencer,7533,Brown Terrace,Mesquite,California,United States,36792,-37.7621,-170.0143,-10:00,Hawaii,ross.spencer@example.com,1945-04-08T01:23:10.016Z,76,2006-08-28T18:49:13.699Z,15,(484)-798-4489,(356)-628-0309,SSN,312-21-1202,https://randomuser.me/api/portraits/men/66.jpg,https://randomuser.me/api/portraits/med/men/66.jpg,https://randomuser.me/api/portraits/thumb/men/66.jpg,US
male,Mr,Juan,Chapman,1946,Lone Wolf Trail,Jacksonville,Wisconsin,United States,88279,-55.2100,-78.0370,-10:00,Hawaii,juan.chapman@example.com,1993-02-27T04:06:06.025Z,28,2014-12-22T15:49:31.959Z,7,(013)-484-1242,(926)-355-8084,SSN,052-98-3838,https://randomuser.me/api/portraits/men/86.jpg,https://randomuser.me/api/portraits/med/men/86.jpg,https://randomuser.me/api/portraits/thumb/men/86.jpg,US
male,Mr,Ricky,Hopkins,7935,Northaven Rd,Lakewood,Arizona,United States,96642,-50.2413,117.5465,+5:45,Kathmandu,ricky.hopkins@example.com,1986-06-15T14:31:33.205Z,35,2007-11-29T23:41:09.124Z,14,(268)-552-6270,(668)-671-3286,SSN,153-71-0405,https://randomuser.me/api/portraits/men/9.jpg,https://randomuser.me/api/portraits/med/men/9.jpg,https://randomuser.me/api/portraits/thumb/men/9.jpg,US
female,Ms,Wanda,Byrd,2239,Ash Dr,Abilene,Idaho,United States,68072,29.6323,-17.5909,+5:45,Kathmandu,wanda.byrd@example.com,1967-10-24T22:56:38.431Z,54,2009-12-05T11:18:59.523Z,12,(320)-544-2125,(420)-372-6464,SSN,740-70-8916,https://randomuser.me/api/portraits/women/57.jpg,https://randomuser.me/api/portraits/med/women/57.jpg,https://randomuser.me/api/portraits/thumb/women/57.jpg,US
male,Mr,Oscar,Ortiz,9702,Cherry St,Murrieta,South Dakota,United States,21873,-16.3627,-78.7594,-9:00,Alaska,oscar.ortiz@example.com,1960-04-20T15:46:11.870Z,61,2011-02-09T01:28:43.699Z,10,(272)-232-2732,(004)-473-5260,SSN,112-05-2735,https://randomuser.me/api/portraits/men/26.jpg,https://randomuser.me/api/portraits/med/men/26.jpg,https://randomuser.me/api/portraits/thumb/men/26.jpg,US
male,Mr,Charles,Lowe,4699,Miller Ave,Milwaukee,Alabama,United States,63958,-84.1130,135.7699,-10:00,Hawaii,charles.lowe@example.com,1973-09-29T22:33:59.688Z,48,2009-04-01T18:29:09.300Z,12,(082)-553-5945,(013)-852-1152,SSN,341-79-3285,https://randomuser.me/api/portraits/men/79.jpg,https://randomuser.me/api/portraits/med/men/79.jpg,https://randomuser.me/api/portraits/thumb/men/79.jpg,US
male,Mr,Brian,Burns,2383,Hogan St,Baltimore,New Hampshire,United States,24317,-24.9637,-30.7004,+4:30,Kabul,brian.burns@example.com,1993-02-02T01:33:07.126Z,28,2003-04-28T14:45:51.518Z,18,(442)-156-1632,(214)-270-6654,SSN,512-66-8777,https://randomuser.me/api/portraits/men/85.jpg,https://randomuser.me/api/portraits/med/men/85.jpg,https://randomuser.me/api/portraits/thumb/men/85.jpg,US
male,Mr,George,Rose,7408,Ranchview Dr,Rochester,Ohio,United States,67459,47.7393,-23.6725,-9:00,Alaska,george.rose@example.com,1954-08-04T04:41:58.064Z,67,2016-01-16T01:20:37.834Z,5,(066)-631-1448,(800)-117-6889,SSN,483-43-0744,https://randomuser.me/api/portraits/men/92.jpg,https://randomuser.me/api/portraits/med/men/92.jpg,https://randomuser.me/api/portraits/thumb/men/92.jpg,US
