gender,name.title,name.first,name.last,location.street.number,location.street.name,location.city,location.state,location.country,location.postcode,location.coordinates.latitude,location.coordinates.longitude,location.timezone.offset,location.timezone.description,email,dob.date,dob.age,registered.date,registered.age,phone,cell,id.name,id.value,picture.large,picture.medium,picture.thumbnail,nat
male,Mr,Manuel,Dunn,7261,Railroad St,Jacksonville,Washington,United States,13180,-77.4156,178.5383,+5:45,Kathmandu,manuel.dunn@example.com,1968-02-07T05:24:01.951Z,53,2019-07-02T21:49:28.341Z,2,(247)-220-6169,(343)-197-9902,SSN,304-36-3092,https://randomuser.me/api/portraits/men/55.jpg,https://randomuser.me/api/portraits/med/men/55.jpg,https://randomuser.me/api/portraits/thumb/men/55.jpg,US
female,Ms,Kathryn,Rodriguez,215,Forest Ln,Midland,Florida,United States,11898,13.8738,-163.6323,+3:30,Tehran,kathryn.rodriguez@example.com,1994-12-03T19:26:49.288Z,27,2003-02-26T08:24:25.032Z,18,(899)-673-9649,(408)-344-4951,SSN,170-00-8368,https://randomuser.me/api/portraits/women/73.jpg,https://randomuser.me/api/portraits/med/women/73.jpg,https://randomuser.me/api/portraits/thumb/women/73.jpg,US
male,Mr,Dave,Andrews,9761,E Sandy Lake Rd,Boston,North Carolina,United States,69855,59.8157,-48.5331,-2:00,Mid-Atlantic,dave.andrews@example.com,1956-12-24T16:46:00.121Z,65,2006-01-08T20:43:53.419Z,15,(680)-624-5161,(162)-548-9040,SSN,466-23-8273,https://randomuser.me/api/portraits/men/86.jpg,https://randomuser.me/api/portraits/med/men/86.jpg,https://randomuser.me/api/portraits/thumb/men/86.jpg,US
female,Ms,Nicole,Adams,2566,Nowlin Rd,Beaumont,Massachusetts,United States,99511,46.0260,138.3092,+5:45,Kathmandu,nicole.adams@example.com,1960-07-22T06:55:40.601Z,61,2015-04-27T00:08:20.356Z,6,(050)-717-5465,(086)-347-5494,SSN,732-41-2163,https://randomuser.me/api/portraits/women/74.jpg,https://randomuser.me/api/portraits/med/women/74.jpg,https://randomuser.me/api/portraits/thumb/women/74.jpg,US
male,Mr,Ronnie,Jennings,9225,Daisy Dr,Elgin,Arizona,United States,43664,34.2370,-102.5980,-7:00,Mountain Time (US & Canada),ronnie.jennings@example.com,1946-04-08T09:19:38.950Z,75,2015-11-04T08:21:22.851Z,6,(806)-606-0943,(866)-921-2781,SSN,113-33-6084,https://randomuser.me/api/portraits/men/38.jpg,https://randomuser.me/api/portraits/med/men/38.jpg,https://randomuser.me/api/portraits/thumb/men/38.jpg,US
female,Mrs,Ramona,Hawkins,948,Country Club Rd,Pompano Beach,South Dakota,United States,39958,72.4397,67.5162,-8:00,Pacific Time (US & Canada),ramona.hawkins@example.com,1997-03-27T13:55:15.595Z,24,2009-12-14T10:45:09.764Z,12,(293)-716-9737,(421)-136-9472,SSN,089-95-4497,https://randomuser.me/api/portraits/women/92.jpg,https://randomuser.me/api/portraits/med/women/92.jpg,https://randomuser.me/api/portraits/thumb/women/92.jpg,US
male,Mr,John,Harris,2461,Sunset St,Detroit,New Mexico,United States,15676,-54.5848,-16.5644,+5:45,Kathmandu,john.harris@example.com,1970-11-07T11:03:45.744Z,51,2009-01-24T07:23:45.486Z,12,(956)-940-9852,(944)-389-6129,SSN,569-46-0838,https://randomuser.me/api/portraits/men/66.jpg,https://randomuser.me/api/portraits/med/men/66.jpg,https://randomuser.me/api/portraits/thumb/men/66.jpg,US
female,Mrs,Elsie,Phillips,4207,Mcclellan Rd,Rialto,West Virginia,United States,55403,-72.9516,-134.4657,-2:00,Mid-Atlantic,elsie.phillips@example.com,1984-06-07T10:27:24.459Z,37,2003-01-21T00:31:10.416Z,18,(497)-039-5314,(587)-129-9609,SSN,756-66-7942,https://randomuser.me/api/portraits/women/77.jpg,https://randomuser.me/api/portraits/med/women/77.jpg,https://randomuser.me/api/portraits/thumb/women/77.jpg,US
female,Ms,Allison,Fowler,117,Dogwood Ave,Portland,New Mexico,United States,16568,-46.4846,-100.6266,-10:00,Hawaii,allison.fowler@example.com,1987-11-28T16:19:59.333Z,34,2002-05-20T20:49:55.414Z,19,(466)-954-1362,(795)-850-2888,SSN,654-41-9708,https://randomuser.me/api/portraits/women/2.jpg,https://randomuser.me/api/portraits/med/women/2.jpg,https://randomuser.me/api/portraits/thumb/women/2.jpg,US
female,Mrs,Daisy,Meyer,5890,Homestead Rd,Lubbock,Iowa,United States,45890,-57.4331,179.5054,-7:00,Mountain Time (US & Canada),daisy.meyer@example.com,1976-08-22T12:47:16.979Z,45,2006-09-11T15:03:09.326Z,15,(546)-521-1885,(620)-831-6466,SSN,953-81-1385,https://randomuser.me/api/portraits/women/37.jpg,https://randomuser.me/api/portraits/med/women/37.jpg,https://randomuser.me/api/portraits/thumb/women/37.jpg,US
male,Mr,Shane,Craig,1717,Bruce St,Yakima,Maine,United States,85673,30.8292,-47.1155,+4:30,Kabul,shane.craig@example.com,1957-03-27T07:07:26.673Z,64,2006-08-03T14:33:27.202Z,15,(384)-977-3199,(947)-444-3673,SSN,434-01-5380,https://randomuser.me/api/portraits/men/27.jpg,https://randomuser.me/api/portraits/med/men/27.jpg,https://randomuser.me/api/portraits/thumb/men/27.jpg,US
male,Mr,Joel,Ellis,9615,Wycliff Ave,Cedar Hill,Utah,United States,62261,-78.6471,125.1226,-8:00,Pacific Time (US & Canada),joel.ellis@example.com,1963-04-24T02:11:46.859Z,58,2011-03-28T07:08:20.481Z,10,(677)-749-8244,(379)-187-0966,SSN,828-72-5461,https://randomuser.me/api/portraits/men/95.jpg,https://randomuser.me/api/portraits/med/men/95.jpg,https://randomuser.me/api/portraits/thumb/men/95.jpg,US
female,Mrs,Hilda,Gardner,1068,Hamilton Ave,Burkburnett,Iowa,United States,72992,-66.6594,66.4674,+3:30,Tehran,hilda.gardner@example.com,1959-02-05T16:14:20.317Z,62,2016-12-18T07:03:49.897Z,5,(572)-762-0515,(041)-986-7756,SSN,334-35-8704,https://randomuser.me/api/portraits/women/39.jpg,https://randomuser.me/api/portraits/med/women/39.jpg,https://randomuser.me/api/portraits/thumb/women/39.jpg,US
male,Mr,Perry,Holt,6572,E Center St,Concord,Michigan,United States,35598,15.8684,-69.9041,-3:30,Newfoundland,perry.holt@example.com,1953-10-01T10:44:10.837Z,68,2005-02-23T07:02:58.962Z,16,(426)-616-2695,(746)-427-5318,SSN,058-63-1423,https://randomuser.me/api/portraits/men/39.jpg,https://randomuser.me/api/portraits/med/men/39.jpg,https://randomuser.me/api/portraits/thumb/men/39.jpg,US
male,Mr,Evan,Mitchell,5532,Hogan St,Inglewood,Hawaii,United States,11541,-63.5405,178.0351,-2:00,Mid-Atlantic,evan.mitchell@example.com,1995-01-29T08:35:47.558Z,26,2008-02-17T18:46:24.086Z,13,(420)-792-0352,(480)-596-1636,SSN,108-91-0931,https://randomuser.me/api/portraits/men/29.jpg,https://randomuser.me/api/portraits/med/men/29.jpg,https://randomuser.me/api/portraits/thumb/men/29.jpg,US
female,Mrs,Holly,Butler,9754,Daisy Dr,Frisco,Vermont,United States,69207,-70.9997,-43.8545,-8:00,Pacific Time (US & Canada),holly.butler@example.com,1963-10-20T05:32:15.528Z,58,2003-08-20T02:35:23.635Z,18,(708)-954-9818,(939)-416-3899,SSN,113-70-2259,https://randomuser.me/api/portraits/women/90.jpg,https://randomuser.me/api/portraits/med/women/90.jpg,https://randomuser.me/api/portraits/thumb/women/90.jpg,US
male,Mr,Dale,Curtis,5857,Preston Rd,Mcallen,New Mexico,United States,71525,27.8738,47.3202,-3:30,Newfoundland,dale.curtis@example.com,1989-06-05T02:59:46.929Z,32,2019-09-18T05:35:33.054Z,2,(205)-028-1221,(320)-412-8269,SSN,161-84-4275,https://randomuser.me/api/portraits/men/2.jpg,https://randomuser.me/api/portraits/med/men/2.jpg,https://randomuser.me/api/portraits/thumb/men/2.jpg,US
female,Miss,Madison,Henry,90,Homestead Rd,Santa Maria,West Virginia,United States,32279,-4.3142,-161.0810,-10:00,Hawaii,madison.henry@example.com,1983-09-19T06:51:06.999Z,38,2017-04-19T01:53:14.334Z,4,(847)-942-1127,(482)-047-8627,SSN,639-38-7008,https://randomuser.me/api/portraits/women/62.jpg,https://randomuser.me/api/portraits/med/women/62.jpg,https://randomuser.me/api/portraits/thumb/women/62.jpg,US
male,Mr,Timmothy,Gilbert,257,Groveland Terrace,Roseville,New Jersey,United States,76021,-23.8506,139.7184,-10:00,Hawaii,timmothy.gilbert@example.com,1982-11-23T19:12:13.883Z,39,2008-03-14T10:35:33.919Z,13,(880)-188-5308,(154)-079-1054,SSN,269-45-7423,https://randomuser.me/api/portraits/men/34.jpg,https://randomuser.me/api/portraits/med/men/34.jpg,https://randomuser.me/api/portraits/thumb/men/34.jpg,US
female,Mrs,Lauren,Carr,9546,Lovers Ln,Long Beach,Pennsylvania,United States,68628,83.2964,-35.1970,-8:00,Pacific Time (US & Canada),lauren.carr@example.com,1994-11-29T06:05:00.451Z,27,2015-10-30T04:12:23.681Z,6,(803)-996-3527,(856)-019-2498,SSN,137-55-0182,https://randomuser.me/api/portraits/women/41.jpg,https://randomuser.me/api/portraits/med/women/41.jpg,https://randomuser.me/api/portraits/thumb/women/41.jpg,US
