gender,name.title,name.first,name.last,location.street.number,location.street.name,location.city,location.state,location.country,location.postcode,location.coordinates.latitude,location.coordinates.longitude,location.timezone.offset,location.timezone.description,email,dob.date,dob.age,registered.date,registered.age,phone,cell,id.name,id.value,picture.large,picture.medium,picture.thumbnail,nat
female,Mrs,Riley,Wood,8747,W Gray St,San Mateo,Iowa,United States,44159,12.4561,-70.0583,-7:00,Mountain Time (US & Canada),riley.wood@example.com,1992-05-20T07:51:56.511Z,29,2015-04-20T01:51:33.356Z,6,(078)-479-3509,(451)-652-0220,SSN,878-82-7626,https://randomuser.me/api/portraits/women/62.jpg,https://randomuser.me/api/portraits/med/women/62.jpg,https://randomuser.me/api/portraits/thumb/women/62.jpg,US
male,Mr,Roberto,Fuller,8919,N Stelling Rd,Tallahassee,Indiana,United States,93322,-26.5890,-19.4101,-8:00,Pacific Time (US & Canada),roberto.fuller@example.com,1969-01-31T05:32:56.956Z,52,2004-01-03T10:16:17.936Z,17,(337)-061-3509,(614)-068-4358,SSN,586-79-9494,https://randomuser.me/api/portraits/men/0.jpg,https://randomuser.me/api/portraits/med/men/0.jpg,https://randomuser.me/api/portraits/thumb/men/0.jpg,US
female,Mrs,Tiffany,Carroll,9110,E Pecan St,Oceanside,Kentucky,United States,18422,21.0996,-61.3198,+3:30,Tehran,tiffany.carroll@example.com,1954-10-12T16:06:10.019Z,67,2018-09-05T07:10:23.187Z,3,(347)-308-1353,(142)-344-0102,SSN,926-63-6982,https://randomuser.me/api/portraits/women/96.jpg,https://randomuser.me/api/portraits/med/women/96.jpg,https://randomuser.me/api/portraits/thumb/women/96.jpg,US
male,Mr,Christopher,Perry,1517,Crockett St,Alexandria,Arizona,United States,91175,76.1648,-23.0303,-10:00,Hawaii,christopher.perry@example.com,1959-10-05T09:01:18.705Z,62,2015-11-19T23:00:27.488Z,6,(767)-685-2787,(422)-555-0356,SSN,881-45-4497,https://randomuser.me/api/portraits/men/83.jpg,https://randomuser.me/api/portraits/med/men/83.jpg,https://randomuser.me/api/portraits/thumb/men/83.jpg,US
male,Mr,Owen,Thomas,8464,W Belt Line Rd,Kansas City,Rhode Island,United States,13556,32.5532,-82.0299,-3:30,Newfoundland,owen.thomas@example.com,1964-05-13T07:57:29.585Z,57,2014-06-05T07:39:13.721Z,7,(606)-501-5615,(454)-550-9827,SSN,681-62-5062,https://randomuser.me/api/portraits/men/64.jpg,https://randomuser.me/api/portraits/med/men/64.jpg,https://randomuser.me/api/portraits/thumb/men/64.jpg,US
female,Ms,Bonnie,Andrews,6217,Lone Wolf Trail,West Covina,New Hampshire,United States,94993,38.0889,73.2945,+3:30,Tehran,bonnie.andrews@example.com,1961-08-23T13:58:04.031Z,60,2006-03-09T16:06:28.281Z,15,(056)-599-1147,(122)-427-2287,SSN,900-23-1403,https://randomuser.me/api/portraits/women/13.jpg,https://randomuser.me/api/portraits/med/women/13.jpg,https://randomuser.me/api/portraits/thumb/women/13.jpg,US
female,Miss,Isobel,Morrison,5783,E Pecan St,Shreveport,West Virginia,United States,59733,-54.0974,124.3237,-3:30,Newfoundland,isobel.morrison@example.com,1963-07-01T08:37:27.108Z,58,2017-02-18T00:25:13.162Z,4,(780)-843-6917,(758)-962-6598,SSN,836-68-2182,https://randomuser.me/api/portraits/women/60.jpg,https://randomuser.me/api/portraits/med/women/60.jpg,https://randomuser.me/api/portraits/thumb/women/60.jpg,US
female,Mrs,Heidi,Rodriquez,7145,E Center St,Lakewood,Vermont,United States,72529,-78.3859,-124.2608,+5:45,Kathmandu,heidi.rodriquez@example.com,1954-03-08T03:41:33.936Z,67,2010-05-14T11:20:39.983Z,11,(295)-424-7883,(113)-851-4453,SSN,302-75-7392,https://randomuser.me/api/portraits/women/96.jpg,https://randomuser.me/api/portraits/med/women/96.jpg,https://randomuser.me/api/portraits/thumb/women/96.jpg,US
female,Mrs,Felecia,Reyes,2443,Fincher Rd,Sioux Falls,New Mexico,United States,51166,29.3831,21.0394,-10:00,Hawaii,felecia.reyes@example.com,1955-09-12T11:40:01.384Z,66,2018-08-22T20:50:02.242Z,3,(438)-497-1185,(608)-251-6998,SSN,935-51-1085,https://randomuser.me/api/portraits/women/37.jpg,https://randomuser.me/api/portraits/med/women/37.jpg,https://randomuser.me/api/portraits/thumb/women/37.jpg,US
female,Ms,Sheila,Fox,9718,Lone Wolf Trail,Abilene,New Jersey,United States,10678,54.1768,-70.7737,-2:00,Mid-Atlantic,sheila.fox@example.com,1962-12-24T21:54:33.720Z,59,2015-01-05T17:51:43.783Z,6,(239)-580-7126,(892)-756-0016,SSN,416-78-7048,https://randomuser.me/api/portraits/women/86.jpg,https://randomuser.me/api/portraits/med/women/86.jpg,https://randomuser.me/api/portraits/thumb/women/86.jpg,US
female,Ms,Brandie,Horton,4721,Daisy Dr,Garden Grove,Maryland,United States,73330,62.3577,134.2548,-2:00,Mid-Atlantic,brandie.horton@example.com,1978-01-11T05:26:57.292Z,43,2015-03-26T07:51:46.837Z,6,(717)-634-5341,(855)-599-3266,SSN,898-86-5022,https://randomuser.me/api/portraits/women/4.jpg,https://randomuser.me/api/portraits/med/women/4.jpg,https://randomuser.me/api/portraits/thumb/women/4.jpg,US
female,Ms,Rosemary,Howell,2219,Edwards Rd,Corpus Christi,Ohio,United States,71452,17.6412,-150.3363,-8:00,Pacific Time (US & Canada),rosemary.howell@example.com,1946-04-06T00:08:20.982Z,75,2012-01-08T08:07:18.276Z,9,(351)-863-9994,(709)-727-5723,SSN,800-95-4647,https://randomuser.me/api/portraits/women/35.jpg,https://randomuser.me/api/portraits/med/women/35.jpg,https://randomuser.me/api/portraits/thumb/women/35.jpg,US
male,Mr,Perry,Daniels,4969,Marsh Ln,Desoto,Massachusetts,United States,88066,-5.1994,175.4750,+5:45,Kathmandu,perry.daniels@example.com,1986-09-13T15:37:02.199Z,35,2007-07-07T17:15:48.819Z,14,(488)-925-5519,(874)-768-7649,SSN,556-50-8335,https://randomuser.me/api/portraits/men/23.jpg,https://randomuser.me/api/portraits/med/men/23.jpg,https://randomuser.me/api/portraits/thumb/men/23.jpg,US
female,Mrs,Martha,Fernandez,9473,Groveland Terrace,Huntsville,Texas,United States,13419,2.9504,82.3094,-8:00,Pacific Time (US & Canada),martha.fernandez@example.com,1994-01-31T04:27:41.091Z,27,2012-12-11T10:49:43.625Z,9,(410)-253-9637,(801)-944-0550,SSN,342-77-2717,https://randomuser.me/api/portraits/women/13.jpg,https://randomuser.me/api/portraits/med/women/13.jpg,https://randomuser.me/api/portraits/thumb/women/13.jpg,US
female,Miss,Tracy,Wade,7114,Edwards Rd,Port St. Lucie,Idaho,United States,77037,-46.8472,-98.0265,-2:00,Mid-Atlantic,tracy.wade@example.com,1963-09-01T11:48:46.983Z,58,2010-02-12T07:19:21.008Z,11,(769)-523-1218,(602)-787-4373,SSN,616-59-8754,https://randomuser.me/api/portraits/women/14.jpg,https://randomuser.me/api/portraits/med/women/14.jpg,https://randomuser.me/api/portraits/thumb/women/14.jpg,US
female,Ms,Jamie,Pearson,46,Photinia Ave,Scurry,Mississippi,United States,30614,-44.8809,174.3446,-7:00,Mountain Time (US & Canada),jamie.pearson@example.com,1952-02-27T22:55:42.861Z,69,2015-11-09T20:08:11.297Z,6,(666)-254-6233,(014)-701-5005,SSN,079-58-2071,https://randomuser.me/api/portraits/women/81.jpg,https://randomuser.me/api/portraits/med/women/81.jpg,https://randomuser.me/api/portraits/thumb/women/81.jpg,US
male,Mr,Victor,Sutton,4122,Dogwood Ave,Chesapeake,Georgia,United States,51256,-40.8931,121.5282,-3:30,Newfoundland,victor.sutton@example.com,1981-01-13T23:23:21.665Z,40,2015-10-07T11:21:18.705Z,6,(865)-553-7498,(537)-991-2779,SSN,037-86-8358,https://randomuser.me/api/portraits/men/31.jpg,https://randomuser.me/api/portraits/med/men/31.jpg,https://randomuser.me/api/portraits/thumb/men/31.jpg,US
female,Mrs,Cassandra,Reid,1283,Avondale Ave,Forney,Kansas,United States,67730,7.3421,-142.4572,-8:00,Pacific Time (US & Canada),cassandra.reid@example.com,1950-01-10T01:03:54.352Z,71,2011-04-25T13:03:31.340Z,10,(481)-237-2149,(541)-731-9721,SSN,349-45-1984,https://randomuser.me/api/portraits/women/29.jpg,https://randomuser.me/api/portraits/med/women/29.jpg,https://randomuser.me/api/portraits/thumb/women/29.jpg,US
