gender,name.title,name.first,name.last,location.street.number,location.street.name,location.city,location.state,location.country,location.postcode,location.coordinates.latitude,location.coordinates.longitude,location.timezone.offset,location.timezone.description,email,dob.date,dob.age,registered.date,registered.age,phone,cell,id.name,id.value,picture.large,picture.medium,picture.thumbnail,nat
female,Ms,Jo,Montgomery,770,Oak Lawn Ave,Akron,Minnesota,United States,87096,-33.0757,133.6288,+5:45,Kathmandu,jo.montgomery@example.com,1973-11-04T10:47:49.739Z,48,2017-12-29T07:19:12.806Z,4,(404)-272-9176,(304)-991-0492,SSN,043-51-8300,https://randomuser.me/api/portraits/women/89.jpg,https://randomuser.me/api/portraits/med/women/89.jpg,https://randomuser.me/api/portraits/thumb/women/89.jpg,US
male,Mr,Johnny,Mendoza,919,Rolling Green Rd,Houston,Washington,United States,90724,-61.7545,102.5456,-7:00,Mountain Time (US & Canada),johnny.mendoza@example.com,1995-08-17T11:50:03.718Z,26,2016-05-26T17:27:34.101Z,5,(955)-428-4762,(736)-034-8750,SSN,540-26-8629,https://randomuser.me/api/portraits/men/85.jpg,https://randomuser.me/api/portraits/med/men/85.jpg,https://randomuser.me/api/portraits/thumb/men/85.jpg,US
female,Mrs,April,Ross,8705,Westheimer Rd,Wichita,New Hampshire,United States,94347,-6.0946,-101.8747,+5:45,Kathmandu,april.ross@example.com,1975-04-03T02:15:32.544Z,46,2012-05-12T02:36:49.954Z,9,(649)-657-9706,(726)-554-9679,SSN,238-87-1143,https://randomuser.me/api/portraits/women/55.jpg,https://randomuser.me/api/portraits/med/women/55.jpg,https://randomuser.me/api/portraits/thumb/women/55.jpg,US
female,Ms,Sofia,Bates,4541,Railroad St,Tucson,South Dakota,United States,33787,1.4697,-32.3049,+3:30,Tehran,sofia.bates@example.com,1952-01-27T22:40:13.708Z,69,2002-12-16T17:11:24.641Z,19,(642)-276-4916,(491)-787-4049,SSN,728-22-9502,https://randomuser.me/api/portraits/women/30.jpg,https://randomuser.me/api/portraits/med/women/30.jpg,https://randomuser.me/api/portraits/thumb/women/30.jpg,US
female,Ms,Valerie,Kennedy,1321,Avondale Ave,Cleveland,Missouri,United States,26799,74.0377,-105.9867,-10:00,Hawaii,valerie.kennedy@example.com,1967-10-09T22:14:35.344Z,54,2007-02-26T23:47:55.779Z,14,(568)-734-5480,(835)-294-4250,SSN,376-51-7792,https://randomuser.me/api/portraits/women/55.jpg,https://randomuser.me/api/portraits/med/women/55.jpg,https://randomuser.me/api/portraits/thumb/women/55.jpg,US
male,Mr,Gary,Hart,5578,Mcgowen St,Forney,Minnesota,United States,72923,-65.3018,-164.7796,-10:00,Hawaii,gary.hart@example.com,1971-12-17T20:12:28.052Z,50,2011-10-17T17:58:42.837Z,10,(854)-100-8425,(689)-787-2526,SSN,237-95-6941,https://randomuser.me/api/portraits/men/13.jpg,https://randomuser.me/api/portraits/med/men/13.jpg,https://randomuser.me/api/portraits/thumb/men/13.jpg,US
female,Mrs,Hannah,Barnett,8340,Brown Terrace,Rochmond,New Mexico,United States,33873,-73.1576,140.0158,-10:00,Hawaii,hannah.barnett@example.com,1978-06-13T18:21:40.249Z,43,2016-02-20T15:42:21.670Z,5,(285)-822-0522,(153)-965-4798,SSN,298-50-9430,https://randomuser.me/api/portraits/women/72.jpg,https://randomuser.me/api/portraits/med/women/72.jpg,https://randomuser.me/api/portraits/thumb/women/72.jpg,US
female,Mrs,Brandie,Dean,5700,Lone Wolf Trail,Allentown,New Hampshire,United States,42691,-23.5440,-45.7328,-2:00,Mid-Atlantic,brandie.dean@example.com,1971-07-21T23:13:37.888Z,50,2010-09-15T17:11:52.329Z,11,(346)-700-1121,(645)-319-1078,SSN,901-46-8187,https://randomuser.me/api/portraits/women/55.jpg,https://randomuser.me/api/portraits/med/women/55.jpg,https://randomuser.me/api/portraits/thumb/women/55.jpg,US
male,Mr,Dan,Jimenez,6253,W Pecan St,Las Cruces,Nebraska,United States,49350,79.8048,-75.9092,-8:00,Pacific Time (US & Canada),dan.jimenez@example.com,1964-07-05T09:34:15.588Z,57,2006-11-29T16:58:34.791Z,15,(110)-318-2988,(391)-146-7925,SSN,465-79-9335,https://randomuser.me/api/portraits/men/40.jpg,https://randomuser.me/api/portraits/med/men/40.jpg,https://randomuser.me/api/portraits/thumb/men/40.jpg,US
male,Mr,Milton,Barnett,329,Ash Dr,Stockton,Missouri,United States,94027,-0.8111,-148.3298,-2:00,Mid-Atlantic,milton.barnett@example.com,1954-07-25T18:55:26.812Z,67,2012-10-02T17:35:43.863Z,9,(398)-669-5254,(773)-990-3690,SSN,371-47-3099,https://randomuser.me/api/portraits/men/33.jpg,https://randomuser.me/api/portraits/med/men/33.jpg,https://randomuser.me/api/portraits/thumb/men/33.jpg,US
female,Mrs,Avery,Holland,5360,Ash Dr,Orange,Hawaii,United States,84762,-89.9491,-96.8926,+3:30,Tehran,avery.holland@example.com,1969-11-24T16:12:52.141Z,52,2011-12-04T19:25:51.117Z,10,(735)-421-2267,(341)-849-7517,SSN,535-22-3395,https://randomuser.me/api/portraits/women/25.jpg,https://randomuser.me/api/portraits/med/women/25.jpg,https://randomuser.me/api/portraits/thumb/women/25.jpg,US
male,Mr,Clarence,Roberts,635,Ranchview Dr,Vallejo,West Virginia,United States,49686,89.6391,-31.3116,+5:45,Kathmandu,clarence.roberts@example.com,1948-03-06T01:16:28.031Z,73,2009-01-08T23:59:01.893Z,12,(463)-408-1647,(968)-956-5668,SSN,182-74-6360,https://randomuser.me/api/portraits/men/97.jpg,https://randomuser.me/api/portraits/med/men/97.jpg,https://randomuser.me/api/portraits/thumb/men/97.jpg,US
female,Miss,Carole,Peck,5863,Prospect Rd,Moscow,Kansas,United States,66806,-21.3729,16.0620,+4:30,Kabul,carole.peck@example.com,1947-05-14T02:49:07.350Z,74,2007-11-13T13:00:26.144Z,14,(743)-242-6010,(281)-536-1707,SSN,220-30-1608,https://randomuser.me/api/portraits/women/49.jpg,https://randomuser.me/api/portraits/med/women/49.jpg,https://randomuser.me/api/portraits/thumb/women/49.jpg,US
male,Mr,Isaiah,Rodriquez,4216,Nowlin Rd,Carlsbad,West Virginia,United States,59238,17.1080,-103.4621,-7:00,Mountain Time (US & Canada),isaiah.rodriquez@example.com,1948-11-03T07:06:45.275Z,73,2005-06-04T10:59:06.545Z,16,(139)-331-6142,(709)-276-8927,SSN,524-84-0641,https://randomuser.me/api/portraits/men/26.jpg,https://randomuser.me/api/portraits/med/men/26.jpg,https://randomuser.me/api/portraits/thumb/men/26.jpg,US
female,Ms,Jessie,Bell,2545,Fairview St,Cleveland,Maine,United States,51509,42.2532,-73.6429,-3:30,Newfoundland,jessie.bell@example.com,1990-12-22T11:25:48.112Z,31,2016-04-17T22:21:50.650Z,5,(612)-549-4594,(579)-612-9139,SSN,020-83-0148,https://randomuser.me/api/portraits/women/67.jpg,https://randomuser.me/api/portraits/med/women/67.jpg,https://randomuser.me/api/portraits/thumb/women/67.jpg,US
male,Mr,Clifford,Diaz,3370,Lovers Ln,Savannah,Michigan,United States,46453,-54.5659,-179.2426,+4:30,Kabul,clifford.diaz@example.com,1980-05-16T21:46:54.928Z,41,2013-04-19T09:39:01.351Z,8,(406)-784-3991,(244)-326-5005,SSN,137-71-3854,https://randomuser.me/api/portraits/men/38.jpg,https://randomuser.me/api/portraits/med/men/38.jpg,https://randomuser.me/api/portraits/thumb/men/38.jpg,US
female,Miss,Ruby,Black,618,Robinson Rd,Utica,New Mexico,United States,94116,49.8002,93.2976,+5:45,Kathmandu,ruby.black@example.com,1980-12-24T15:08:58.222Z,41,2002-10-18T12:45:38.093Z,19,(272)-254-9145,(439)-206-4722,SSN,239-84-4939,https://randomuser.me/api/portraits/women/15.jpg,https://randomuser.me/api/portraits/med/women/15.jpg,https://randomuser.me/api/portraits/thumb/women/15.jpg,US
female,Ms,Anita,Alexander,253,Ash Dr,North Valley,California,United States,96359,31.9848,144.6434,-10:00,Hawaii,anita.alexander@example.com,1979-12-01T13:50:02.498Z,42,2016-10-14T12:09:41.627Z,5,(322)-095-1835,(424)-450-8243,SSN,034-06-6701,https://randomuser.me/api/portraits/women/23.jpg,https://randomuser.me/api/portraits/med/women/23.jpg,https://randomuser.me/api/portraits/thumb/women/23.jpg,US
