gender,name.title,name.first,name.last,location.street.number,location.street.name,location.city,location.state,location.country,location.postcode,location.coordinates.latitude,location.coordinates.longitude,location.timezone.offset,location.timezone.description,email,dob.date,dob.age,registered.date,registered.age,phone,cell,id.name,id.value,picture.large,picture.medium,picture.thumbnail,nat
female,Miss,Denise,Little,3681,Adams St,Yonkers,Kansas,United States,93826,-10.0714,76.6658,-3:30,Newfoundland,denise.little@example.com,1979-01-31T01:09:16.112Z,42,2002-12-24T20:41:14.815Z,19,(745)-352-5282,(026)-397-3755,SSN,078-20-6493,https://randomuser.me/api/portraits/women/70.jpg,https://randomuser.me/api/portraits/med/women/70.jpg,https://randomuser.me/api/portraits/thumb/women/70.jpg,US
male,Mr,Jack,Russell,6863,Country Club Rd,Pittsburgh,Michigan,United States,35983,27.7562,91.0440,-3:30,Newfoundland,jack.russell@example.com,1978-01-19T16:15:53.121Z,43,2008-02-19T21:10:30.195Z,13,(023)-340-5039,(920)-122-3074,SSN,692-58-2619,https://randomuser.me/api/portraits/men/64.jpg,https://randomuser.me/api/portraits/med/men/64.jpg,https://randomuser.me/api/portraits/thumb/men/64.jpg,US
female,Ms,Robin,Reid,7065,Locust Rd,Burbank,Idaho,United States,40754,-69.9917,123.4073,+4:30,Kabul,robin.reid@example.com,1972-06-01T01:46:14.615Z,49,2010-06-18T21:59:45.564Z,11,(314)-653-1595,(751)-041-7302,SSN,139-18-3870,https://randomuser.me/api/portraits/women/8.jpg,https://randomuser.me/api/portraits/med/women/8.jpg,https://randomuser.me/api/portraits/thumb/women/8.jpg,US
female,Ms,Felicia,Lawrence,1387,Spring Hill Rd,Yakima,Washington,United States,80973,-76.3941,-52.8459,-7:00,Mountain Time (US & Canada),felicia.lawrence@example.com,1993-05-01T11:14:19.785Z,28,2013-05-17T11:15:43.767Z,8,(085)-918-1887,(276)-412-0585,SSN,639-95-7323,https://randomuser.me/api/portraits/women/8.jpg,https://randomuser.me/api/portraits/med/women/8.jpg,https://randomuser.me/api/portraits/thumb/women/8.jpg,US
male,Mr,Terrence,Shelton,6442,First Street,Fargo,Washington,United States,55977,73.1405,-76.9372,-10:00,Hawaii,terrence.shelton@example.com,1962-08-30T02:45:35.456Z,59,2007-09-07T13:34:00.285Z,14,(677)-368-8352,(584)-963-5471,SSN,233-54-2377,https://randomuser.me/api/portraits/men/93.jpg,https://randomuser.me/api/portraits/med/men/93.jpg,https://randomuser.me/api/portraits/thumb/men/93.jpg,US
male,Mr,Edgar,Jacobs,2437,First Street,Henderson,Maine,United States,58950,-74.0737,-43.5668,-10:00,Hawaii,edgar.jacobs@example.com,1957-08-27T21:22:52.213Z,64,2006-06-02T15:12:01.565Z,15,(369)-529-3049,(637)-040-1550,SSN,485-27-6760,https://randomuser.me/api/portraits/men/0.jpg,https://randomuser.me/api/portraits/med/men/0.jpg,https://randomuser.me/api/portraits/thumb/men/0.jpg,US
male,Mr,Arron,Neal,2706,Hogan St,Erie,West Virginia,United States,43571,-74.7669,37.3014,-8:00,Pacific Time (US & Canada),arron.neal@example.com,1985-03-12T11:28:55.818Z,36,2019-07-30T00:35:56.490Z,2,(421)-410-3890,(335)-062-7159,SSN,596-30-5167,https://randomuser.me/api/portraits/men/12.jpg,https://randomuser.me/api/portraits/med/men/12.jpg,https://randomuser.me/api/portraits/thumb/men/12.jpg,US
male,Mr,Maurice,Oliver,8118,Marsh Ln,Corpus Christi,South Carolina,United States,15602,63.1145,-169.9236,-7:00,Mountain Time (US & Canada),maurice.oliver@example.com,1959-08-23T17:43:48.085Z,62,2002-12-11T03:19:37.507Z,19,(988)-004-7695,(373)-491-3333,SSN,209-20-7302,https://randomuser.me/api/portraits/men/53.jpg,https://randomuser.me/api/portraits/med/men/53.jpg,https://randomuser.me/api/portraits/thumb/men/53.jpg,US
female,Miss,Esther,George,7487,Bollinger Rd,Hampton,Iowa,United States,19928,-46.1422,-78.7162,-8:00,Pacific Time (US & Canada),esther.george@example.com,1977-09-11T01:29:02.929Z,44,2004-09-19T01:36:20.657Z,17,(289)-263-9846,(745)-342-4452,SSN,380-83-9810,https://randomuser.me/api/portraits/women/14.jpg,https://randomuser.me/api/portraits/med/women/14.jpg,https://randomuser.me/api/portraits/thumb/women/14.jpg,US
female,Miss,Nellie,Herrera,4772,Eason Rd,Independence,Oregon,United States,19801,-19.6470,179.8374,-7:00,Mountain Time (US & Canada),nellie.herrera@example.com,1995-02-15T22:11:11.978Z,26,2014-10-17T09:06:22.551Z,7,(879)-193-3287,(968)-927-5085,SSN,960-21-0403,https://randomuser.me/api/portraits/women/81.jpg,https://randomuser.me/api/portraits/med/women/81.jpg,https://randomuser.me/api/portraits/thumb/women/81.jpg,US
male,Mr,Dan,Stephens,9689,Karen Dr,Ventura,Delaware,United States,23770,85.4955,-68.4131,-9:00,Alaska,dan.stephens@example.com,1968-05-29T06:54:00.140Z,53,2006-03-19T08:07:10.138Z,15,(161)-536-9169,(174)-373-8945,SSN,719-32-9542,https://randomuser.me/api/portraits/men/89.jpg,https://randomuser.me/api/portraits/med/men/89.jpg,https://randomuser.me/api/portraits/thumb/men/89.jpg,US
female,Ms,Hannah,Mccoy,2342,Valley View Ln,Jersey City,Wisconsin,United States,95248,-19.6484,-72.7566,-9:00,Alaska,hannah.mccoy@example.com,1954-04-06T08:11:23.906Z,67,2014-11-27T14:20:55.930Z,7,(669)-040-8108,(811)-520-0573,SSN,535-54-5676,https://randomuser.me/api/portraits/women/22.jpg,https://randomuser.me/api/portraits/med/women/22.jpg,https://randomuser.me/api/portraits/thumb/women/22.jpg,US
male,Mr,Levi,Brown,2922,Lakeview St,Duncanville,Illinois,United States,23192,82.0166,-168.7465,+4:30,Kabul,levi.brown@example.com,1976-11-23T01:49:50.256Z,45,2004-02-10T01:49:22.517Z,17,(437)-716-4763,(178)-286-7767,SSN,235-24-9461,https://randomuser.me/api/portraits/men/55.jpg,https://randomuser.me/api/portraits/med/men/55.jpg,https://randomuser.me/api/portraits/thumb/men/55.jpg,US
male,Mr,Ricardo,Payne,3819,Mcgowen St,Burbank,Vermont,United States,72157,-0.7345,106.0137,+4:30,Kabul,ricardo.payne@example.com,1949-12-23T14:29:19.736Z,72,2008-06-15T04:15:12.053Z,13,(487)-678-7383,(452)-159-6736,SSN,243-36-4710,https://randomuser.me/api/portraits/men/58.jpg,https://randomuser.me/api/portraits/med/men/58.jpg,https://randomuser.me/api/portraits/thumb/men/58.jpg,US
male,Mr,Wesley,Nguyen,4005,W Pecan St,Tulsa,Kansas,United States,82887,-39.3384,112.2966,-7:00,Mountain Time (US & Canada),wesley.nguyen@example.com,1984-08-01T04:34:05.496Z,37,2012-10-18T18:57:47.651Z,9,(102)-935-2056,(922)-338-8378,SSN,277-70-8279,https://randomuser.me/api/portraits/men/18.jpg,https://randomuser.me/api/portraits/med/men/18.jpg,https://randomuser.me/api/portraits/thumb/men/18.jpg,US
male,Mr,Fernando,Griffin,4184,Hillcrest Rd,Woodbridge,Connecticut,United States,97967,18.2808,109.7755,+4:30,Kabul,fernando.griffin@example.com,1978-02-05T16:12:46.439Z,43,2013-05-23T02:46:36.184Z,8,(777)-093-1489,(551)-716-8234,SSN,367-34-2082,https://randomuser.me/api/portraits/men/69.jpg,https://randomuser.me/api/portraits/med/men/69.jpg,https://randomuser.me/api/portraits/thumb/men/69.jpg,US
female,Miss,Grace,Mcdonalid,9095,Elgin St,Baltimore,Michigan,United States,29795,-84.7324,20.5780,-2:00,Mid-Atlantic,grace.mcdonalid@example.com,1952-04-27T17:00:38.511Z,69,2007-06-27T13:08:10.764Z,14,(446)-572-5786,(217)-751-7333,SSN,293-23-6218,https://randomuser.me/api/portraits/women/72.jpg,https://randomuser.me/api/portraits/med/women/72.jpg,https://randomuser.me/api/portraits/thumb/women/72.jpg,US
male,Mr,Andre,Lee,720,Westheimer Rd,Birmingham,Virginia,United States,57065,71.0098,41.0054,+3:30,Tehran,andre.lee@example.com,1955-04-20T15:08:57.681Z,66,2012-12-09T00:36:02.964Z,9,(937)-612-0485,(209)-670-1131,SSN,922-70-4756,https://randomuser.me/api/portraits/men/78.jpg,https://randomuser.me/api/portraits/med/men/78.jpg,https://randomuser.me/api/portraits/thumb/men/78.jpg,US
