gender,name.title,name.first,name.last,location.street.number,location.street.name,location.city,location.state,location.country,location.postcode,location.coordinates.latitude,location.coordinates.longitude,location.timezone.offset,location.timezone.description,email,dob.date,dob.age,registered.date,registered.age,phone,cell,id.name,id.value,picture.large,picture.medium,picture.thumbnail,nat
male,Mr,Hector,Payne,786,Northaven Rd,Visalia,Vermont,United States,67949,-37.2630,48.9913,-2:00,Mid-Atlantic,hector.payne@example.com,1951-02-09T04:35:29.451Z,70,2013-03-14T17:34:09.761Z,8,(077)-638-3436,(391)-537-9022,SSN,258-04-0017,https://randomuser.me/api/portraits/men/95.jpg,https://randomuser.me/api/portraits/med/men/95.jpg,https://randomuser.me/api/portraits/thumb/men/95.jpg,US
male,Mr,Darryl,Carter,7232,Pecan Acres Ln,Orlando,Louisiana,United States,81128,71.2899,-138.5450,+3:30,Tehran,darryl.carter@example.com,1964-11-20T20:20:40.973Z,57,2016-04-04T03:43:13.795Z,5,(066)-367-1346,(071)-138-7467,SSN,156-22-1661,https://randomuser.me/api/portraits/men/79.jpg,https://randomuser.me/api/portraits/med/men/79.jpg,https://randomuser.me/api/portraits/thumb/men/79.jpg,US
female,Ms,Yvonne,White,3240,Cherry St,Detroit,Nebraska,United States,59760,78.8938,32.6058,-8:00,Pacific Time (US & Canada),yvonne.white@example.com,1953-04-24T02:57:22.432Z,68,2005-10-19T21:02:18.623Z,16,(345)-555-1536,(987)-911-1656,SSN,174-35-0220,https://randomuser.me/api/portraits/women/53.jpg,https://randomuser.me/api/portraits/med/women/53.jpg,https://randomuser.me/api/portraits/thumb/women/53.jpg,US
male,Mr,Micheal,Torres,9053,Shady Ln Dr,Cleveland,Montana,United States,14010,-17.6481,-50.1533,-2:00,Mid-Atlantic,micheal.torres@example.com,1995-08-30T23:53:40.760Z,26,2013-06-22T19:55:48.670Z,8,(113)-149-3350,(872)-477-5973,SSN,419-95-0422,https://randomuser.me/api/portraits/men/14.jpg,https://randomuser.me/api/portraits/med/men/14.jpg,https://randomuser.me/api/portraits/thumb/men/14.jpg,US
male,Mr,Norman,Davidson,8380,White Oak Dr,Corona,California,United States,27623,5.5951,147.8270,+5:45,Kathmandu,norman.davidson@example.com,1985-03-17T11:09:56.567Z,36,2008-02-15T07:35:39.499Z,13,(129)-573-3804,(821)-940-0074,SSN,250-37-6581,https://randomuser.me/api/portraits/men/40.jpg,https://randomuser.me/api/portraits/med/men/40.jpg,https://randomuser.me/api/portraits/thumb/men/40.jpg,US
male,Mr,Max,Hayes,2379,Edwards Rd,Escondido,Ohio,United States,93909,-47.3928,137.2740,-8:00,Pacific Time (US & Canada),max.hayes@example.com,1995-12-26T07:40:14.439Z,26,2004-07-30T02:28:59.447Z,17,(332)-144-9635,(642)-300-3980,SSN,292-47-7255,https://randomuser.me/api/portraits/men/75.jpg,https://randomuser.me/api/portraits/med/men/75.jpg,https://randomuser.me/api/portraits/thumb/men/75.jpg,US
female,Miss,Krin,Sanders,2715,W Dallas St,Manchester,Missouri,United States,58803,47.4082,-121.8851,+5:45,Kathmandu,krin.sanders@example.com,1998-08-31T13:44:18.468Z,23,2015-01-18T15:09:33.792Z,6,(189)-876-8979,(971)-850-9944,SSN,452-12-3721,https://randomuser.me/api/portraits/women/48.jpg,https://randomuser.me/api/portraits/med/women/48.jpg,https://randomuser.me/api/portraits/thumb/women/48.jpg,US
male,Mr,Tyrone,Shelton,2511,Samaritan Dr,Westminster,Virginia,United States,41894,48.8209,-158.0037,-8:00,Pacific Time (US & Canada),tyrone.shelton@example.com,1958-09-26T02:08:25.105Z,63,2008-09-26T09:09:58.478Z,13,(049)-572-0897,(501)-349-9517,SSN,802-45-2936,https://randomuser.me/api/portraits/men/81.jpg,https://randomuser.me/api/portraits/med/men/81.jpg,https://randomuser.me/api/portraits/thumb/men/81.jpg,US
female,Ms,Maxine,Douglas,135,Robinson Rd,Boise,Massachusetts,United States,18103,-53.1810,17.8116,-10:00,Hawaii,maxine.douglas@example.com,1983-04-14T02:39:37.614Z,38,2008-09-14T16:06:22.311Z,13,(231)-758-9072,(515)-823-0283,SSN,929-44-8984,https://randomuser.me/api/portraits/women/85.jpg,https://randomuser.me/api/portraits/med/women/85.jpg,https://randomuser.me/api/portraits/thumb/women/85.jpg,US
