gender,name.title,name.first,name.last,location.street.number,location.street.name,location.city,location.state,location.country,location.postcode,location.coordinates.latitude,location.coordinates.longitude,location.timezone.offset,location.timezone.description,email,dob.date,dob.age,registered.date,registered.age,phone,cell,id.name,id.value,picture.large,picture.medium,picture.thumbnail,nat
male,Mr,Raymond,Reynolds,9302,Spring St,Surrey,Ohio,United States,44928,-51.2058,-146.6138,+5:45,Kathmandu,raymond.reynolds@example.com,1978-12-23T15:55:40.441Z,43,2017-09-16T18:37:23.824Z,4,(400)-901-0165,(096)-387-2353,SSN,797-27-2652,https://randomuser.me/api/portraits/men/20.jpg,https://randomuser.me/api/portraits/med/men/20.jpg,https://randomuser.me/api/portraits/thumb/men/20.jpg,US
male,Mr,Jerome,Stewart,9227,First Street,Bellevue,North Dakota,United States,45383,61.3135,19.2305,-8:00,Pacific Time (US & Canada),jerome.stewart@example.com,1976-08-23T03:47:55.329Z,45,2010-09-02T03:42:42.851Z,11,(668)-498-6665,(369)-026-7127,SSN,213-08-0992,https://randomuser.me/api/portraits/men/12.jpg,https://randomuser.me/api/portraits/med/men/12.jpg,https://randomuser.me/api/portraits/thumb/men/12.jpg,US
male,Mr,William,Cole,612,Dane St,Fort Lauderdale,Virginia,United States,50698,6.1244,93.5196,-2:00,Mid-Atlantic,william.cole@example.com,1947-03-14T23:18:12.800Z,74,2004-09-06T05:14:54.034Z,17,(505)-599-3364,(860)-897-9048,SSN,778-66-9952,https://randomuser.me/api/portraits/men/79.jpg,https://randomuser.me/api/portraits/med/men/79.jpg,https://randomuser.me/api/portraits/thumb/men/79.jpg,US
male,Mr,Dale,Howell,4663,Royal Ln,Olathe,Louisiana,United States,97471,-54.0972,-102.5783,-7:00,Mountain Time (US & Canada),dale.howell@example.com,1959-11-02T04:23:38.218Z,62,2013-10-20T15:43:17.458Z,8,(020)-577-9218,(465)-604-7421,SSN,310-72-5204,https://randomuser.me/api/portraits/men/51.jpg,https://randomuser.me/api/portraits/med/men/51.jpg,https://randomuser.me/api/portraits/thumb/men/51.jpg,US
male,Mr,Bob,Ellis,1553,W Sherman Dr,Amarillo,Louisiana,United States,70892,-67.2516,-100.0866,-3:30,Newfoundland,bob.ellis@example.com,1996-08-27T05:31:05.601Z,25,2017-10-11T16:09:50.402Z,4,(570)-308-3630,(979)-925-1386,SSN,934-92-9898,https://randomuser.me/api/portraits/men/54.jpg,https://randomuser.me/api/portraits/med/men/54.jpg,https://randomuser.me/api/portraits/thumb/men/54.jpg,US
female,Miss,Janet,Morrison,9529,Dane St,Fayetteville,Kentucky,United States,16253,11.7684,171.0245,-2:00,Mid-Atlantic,janet.morrison@example.com,1950-11-28T02:01:47.658Z,71,2006-01-24T09:17:58.855Z,15,(603)-568-3270,(855)-346-3431,SSN,564-38-3930,https://randomuser.me/api/portraits/women/43.jpg,https://randomuser.me/api/portraits/med/women/43.jpg,https://randomuser.me/api/portraits/thumb/women/43.jpg,US
