gender,name.title,name.first,name.last,location.street.number,location.street.name,location.city,location.state,location.country,location.postcode,location.coordinates.latitude,location.coordinates.longitude,location.timezone.offset,location.timezone.description,email,dob.date,dob.age,registered.date,registered.age,phone,cell,id.name,id.value,picture.large,picture.medium,picture.thumbnail,nat
female,Ms,Nevaeh,Hudson,2880,Frances Ct,Buffalo,Rhode Island,United States,23461,58.8713,-123.5768,-3:30,Newfoundland,nevaeh.hudson@example.com,1949-03-04T23:13:53.661Z,72,2010-11-08T22:53:21.753Z,11,(430)-162-1415,(953)-033-9668,SSN,545-36-7288,https://randomuser.me/api/portraits/women/53.jpg,https://randomuser.me/api/portraits/med/women/53.jpg,https://randomuser.me/api/portraits/thumb/women/53.jpg,US
male,Mr,Johnny,Wheeler,7676,Robinson Rd,Omaha,Connecticut,United States,78371,-86.5152,-74.3339,-10:00,Hawaii,johnny.wheeler@example.com,1952-12-19T00:21:47.046Z,69,2018-06-05T14:31:00.452Z,3,(605)-411-6197,(794)-373-8066,SSN,736-99-0701,https://randomuser.me/api/portraits/men/73.jpg,https://randomuser.me/api/portraits/med/men/73.jpg,https://randomuser.me/api/portraits/thumb/men/73.jpg,US
female,Ms,Cherly,Brown,490,Pecan Acres Ln,Birmingham,Indiana,United States,48131,5.2891,-27.3903,+5:45,Kathmandu,cherly.brown@example.com,1959-01-19T23:36:15.342Z,62,2014-04-25T11:54:50.009Z,7,(839)-968-0575,(406)-645-3098,SSN,385-51-4097,https://randomuser.me/api/portraits/women/93.jpg,https://randomuser.me/api/portraits/med/women/93.jpg,https://randomuser.me/api/portraits/thumb/women/93.jpg,US
male,Mr,Lloyd,Fernandez,600,Spring St,Great Falls,Washington,United States,50854,9.6761,-35.1966,-3:30,Newfoundland,lloyd.fernandez@example.com,1991-05-02T14:09:41.496Z,30,2006-08-26T16:10:20.334Z,15,(117)-735-1226,(429)-698-7545,SSN,298-27-7951,https://randomuser.me/api/portraits/men/20.jpg,https://randomuser.me/api/portraits/med/men/20.jpg,https://randomuser.me/api/portraits/thumb/men/20.jpg,US
female,Mrs,Katherine,Medina,4805,Lovers Ln,Tampa,Illinois,United States,55555,-0.3330,-86.8849,-9:00,Alaska,katherine.medina@example.com,1967-04-05T13:12:17.943Z,54,2010-02-01T16:26:21.977Z,11,(826)-740-3465,(745)-004-1183,SSN,673-83-7742,https://randomuser.me/api/portraits/women/43.jpg,https://randomuser.me/api/portraits/med/women/43.jpg,https://randomuser.me/api/portraits/thumb/women/43.jpg,US
male,Mr,Alan,Garza,6568,Plum St,Las Vegas,Connecticut,United States,13114,-60.8801,-162.8471,+3:30,Tehran,alan.garza@example.com,1960-11-27T21:32:29.098Z,61,2004-11-29T04:58:58.153Z,17,(021)-556-6577,(987)-993-4668,SSN,345-75-4006,https://randomuser.me/api/portraits/men/85.jpg,https://randomuser.me/api/portraits/med/men/85.jpg,https://randomuser.me/api/portraits/thumb/men/85.jpg,US
male,Mr,Jeff,Franklin,8583,College St,Flowermound,Maine,United States,26059,62.1087,-47.2692,-8:00,Pacific Time (US & Canada),jeff.franklin@example.com,1985-08-31T23:54:06.814Z,36,2004-03-09T17:18:39.850Z,17,(233)-202-5949,(772)-299-4365,SSN,778-41-1466,https://randomuser.me/api/portraits/men/58.jpg,https://randomuser.me/api/portraits/med/men/58.jpg,https://randomuser.me/api/portraits/thumb/men/58.jpg,US
male,Mr,Milton,Griffin,6108,Wycliff Ave,Pasadena,Iowa,United States,79646,32.5081,-103.1649,+3:30,Tehran,milton.griffin@example.com,1969-04-06T16:43:25.122Z,52,2012-08-31T16:45:40.023Z,9,(100)-614-9359,(802)-461-5847,SSN,912-13-3983,https://randomuser.me/api/portraits/men/79.jpg,https://randomuser.me/api/portraits/med/men/79.jpg,https://randomuser.me/api/portraits/thumb/men/79.jpg,US
female,Mrs,Naomi,Douglas,1179,Lovers Ln,Denton,Michigan,United States,52386,-84.0300,-156.6300,+5:45,Kathmandu,naomi.douglas@example.com,1970-06-10T20:59:11.483Z,51,2018-08-19T21:27:48.355Z,3,(416)-435-9049,(084)-707-2265,SSN,785-58-6900,https://randomuser.me/api/portraits/women/41.jpg,https://randomuser.me/api/portraits/med/women/41.jpg,https://randomuser.me/api/portraits/thumb/women/41.jpg,US
female,Mrs,Nina,Fuller,6687,Lovers Ln,Utica,Delaware,United States,77912,-59.1814,161.0563,-8:00,Pacific Time (US & Canada),nina.fuller@example.com,1971-07-03T17:33:29.430Z,50,2003-08-14T19:34:57.241Z,18,(112)-138-8837,(706)-418-3471,SSN,085-57-6403,https://randomuser.me/api/portraits/women/27.jpg,https://randomuser.me/api/portraits/med/women/27.jpg,https://randomuser.me/api/portraits/thumb/women/27.jpg,US
female,Ms,Claire,Lawrence,7933,Smokey Ln,Lexington,Mississippi,United States,14369,33.3713,-11.2281,+4:30,Kabul,claire.lawrence@example.com,1983-12-16T13:21:57.870Z,38,2014-07-07T13:26:08.698Z,7,(691)-134-1562,(263)-828-7955,SSN,536-04-9138,https://randomuser.me/api/portraits/women/93.jpg,https://randomuser.me/api/portraits/med/women/93.jpg,https://randomuser.me/api/portraits/thumb/women/93.jpg,US
female,Ms,Lillie,Warren,3651,Bollinger Rd,Fargo,Montana,United States,79751,-31.8883,163.4595,-10:00,Hawaii,lillie.warren@example.com,1985-01-10T21:44:54.646Z,36,2019-06-21T02:06:48.576Z,2,(874)-963-4022,(073)-255-8911,SSN,799-61-9809,https://randomuser.me/api/portraits/women/92.jpg,https://randomuser.me/api/portraits/med/women/92.jpg,https://randomuser.me/api/portraits/thumb/women/92.jpg,US
male,Mr,Aaron,Garcia,7766,Hunters Creek Dr,Edison,Oregon,United States,41889,36.9480,-38.9238,-3:30,Newfoundland,aaron.garcia@example.com,1963-03-12T02:28:59.511Z,58,2015-10-29T15:23:42.986Z,6,(647)-628-0715,(394)-531-6388,SSN,980-66-2241,https://randomuser.me/api/portraits/men/6.jpg,https://randomuser.me/api/portraits/med/men/6.jpg,https://randomuser.me/api/portraits/thumb/men/6.jpg,US
male,Mr,Charlie,Graves,3983,Oak Lawn Ave,Fremont,Iowa,United States,47183,60.6734,-178.8370,-9:00,Alaska,charlie.graves@example.com,1985-03-26T09:05:32.700Z,36,2012-07-17T11:14:18.412Z,9,(734)-932-2685,(997)-573-3976,SSN,784-72-3184,https://randomuser.me/api/portraits/men/12.jpg,https://randomuser.me/api/portraits/med/men/12.jpg,https://randomuser.me/api/portraits/thumb/men/12.jpg,US
male,Mr,Daniel,Garza,6801,Hogan St,Fountain Valley,Minnesota,United States,63025,-20.3550,13.4308,+4:30,Kabul,daniel.garza@example.com,1955-05-06T18:01:24.652Z,66,2003-02-18T16:04:56.216Z,18,(189)-240-3501,(775)-515-1214,SSN,453-88-6456,https://randomuser.me/api/portraits/men/46.jpg,https://randomuser.me/api/portraits/med/men/46.jpg,https://randomuser.me/api/portraits/thumb/men/46.jpg,US
female,Mrs,Theresa,Mills,7991,Elgin St,Cincinnati,South Carolina,United States,90190,58.1402,-16.2086,-9:00,Alaska,theresa.mills@example.com,1973-07-06T18:33:55.270Z,48,2017-07-08T06:26:07.353Z,4,(329)-416-3804,(949)-584-5694,SSN,301-69-7219,https://randomuser.me/api/portraits/women/39.jpg,https://randomuser.me/api/portraits/med/women/39.jpg,https://randomuser.me/api/portraits/thumb/women/39.jpg,US
female,Mrs,Gloria,Elliott,5921,Hillcrest Rd,Steilacoom,North Dakota,United States,86725,-37.3653,103.8295,-3:30,Newfoundland,gloria.elliott@example.com,1961-04-15T06:59:33.781Z,60,2009-07-09T06:17:07.310Z,12,(976)-815-8729,(827)-190-1622,SSN,830-51-1037,https://randomuser.me/api/portraits/women/53.jpg,https://randomuser.me/api/portraits/med/women/53.jpg,https://randomuser.me/api/portraits/thumb/women/53.jpg,US
male,Mr,Victor,Simmons,9966,Robinson Rd,Tyler,Mississippi,United States,90075,-58.1845,21.6941,-8:00,Pacific Time (US & Canada),victor.simmons@example.com,1963-06-16T10:17:40.053Z,58,2017-09-20T04:00:09.121Z,4,(703)-125-5546,(043)-080-7452,SSN,136-47-1509,https://randomuser.me/api/portraits/men/11.jpg,https://randomuser.me/api/portraits/med/men/11.jpg,https://randomuser.me/api/portraits/thumb/men/11.jpg,US
female,Ms,Terry,Schmidt,2801,Wycliff Ave,South Valley,Iowa,United States,48280,-51.7599,44.0146,+5:45,Kathmandu,terry.schmidt@example.com,1980-12-31T04:39:07.394Z,41,2011-09-28T12:06:45.250Z,10,(664)-495-8662,(076)-576-9287,SSN,394-43-1613,https://randomuser.me/api/portraits/women/93.jpg,https://randomuser.me/api/portraits/med/women/93.jpg,https://randomuser.me/api/portraits/thumb/women/93.jpg,US
male,Mr,Maurice,Fletcher,6844,Valwood Pkwy,Hampton,Utah,United States,56772,-73.5776,124.9090,+3:30,Tehran,maurice.fletcher@example.com,1996-07-31T03:05:11.716Z,25,2008-10-27T01:34:51.770Z,13,(534)-529-2254,(517)-643-4367,SSN,822-22-9768,https://randomuser.me/api/portraits/men/68.jpg,https://randomuser.me/api/portraits/med/men/68.jpg,https://randomuser.me/api/portraits/thumb/men/68.jpg,US
male,Mr,Jerome,Mcdonalid,9215,Homestead Rd,Concord,Indiana,United States,79020,-3.5511,-150.7622,-2:00,Mid-Atlantic,jerome.mcdonalid@example.com,1988-05-23T14:49:40.414Z,33,2016-04-15T09:03:29.203Z,5,(808)-133-1404,(503)-572-4689,SSN,316-63-5439,https://randomuser.me/api/portraits/men/39.jpg,https://randomuser.me/api/portraits/med/men/39.jpg,https://randomuser.me/api/portraits/thumb/men/39.jpg,US
female,Ms,Doris,Fletcher,7491,Lakeshore Rd,Mesa,Florida,United States,59920,65.8870,67.3409,-2:00,Mid-Atlantic,doris.fletcher@example.com,1970-05-03T15:52:13.456Z,51,2005-06-14T11:44:36.069Z,16,(039)-480-7877,(113)-251-7849,SSN,025-40-8872,https://randomuser.me/api/portraits/women/96.jpg,https://randomuser.me/api/portraits/med/women/96.jpg,https://randomuser.me/api/portraits/thumb/women/96.jpg,US
