gender,name.title,name.first,name.last,location.street.number,location.street.name,location.city,location.state,location.country,location.postcode,location.coordinates.latitude,location.coordinates.longitude,location.timezone.offset,location.timezone.description,email,dob.date,dob.age,registered.date,registered.age,phone,cell,id.name,id.value,picture.large,picture.medium,picture.thumbnail,nat
male,Mr,Stephen,Day,745,Fincher Rd,Everett,Tennessee,United States,35518,-59.1353,139.0766,-10:00,Hawaii,stephen.day@example.com,1994-10-14T00:14:16.234Z,27,2010-07-01T00:53:47.224Z,11,(892)-469-7780,(757)-427-7084,SSN,674-21-4814,https://randomuser.me/api/portraits/men/67.jpg,https://randomuser.me/api/portraits/med/men/67.jpg,https://randomuser.me/api/portraits/thumb/men/67.jpg,US
male,Mr,Aiden,Silva,1626,Eason Rd,Tacoma,Idaho,United States,42506,88.2656,-103.9964,-2:00,Mid-Atlantic,aiden.silva@example.com,1988-12-22T11:47:37.666Z,33,2013-05-24T20:36:31.818Z,8,(679)-184-3267,(257)-574-2343,SSN,555-17-6755,https://randomuser.me/api/portraits/men/11.jpg,https://randomuser.me/api/portraits/med/men/11.jpg,https://randomuser.me/api/portraits/thumb/men/11.jpg,US
male,Mr,George,Watts,5341,Northaven Rd,Lubbock,New Hampshire,United States,95802,40.6360,165.5320,+4:30,Kabul,george.watts@example.com,1988-03-08T15:31:35.568Z,33,2019-04-18T18:00:00.941Z,2,(722)-380-7281,(251)-273-8543,SSN,067-65-3739,https://randomuser.me/api/portraits/men/84.jpg,https://randomuser.me/api/portraits/med/men/84.jpg,https://randomuser.me/api/portraits/thumb/men/84.jpg,US
female,Ms,Erin,West,5981,Valwood Pkwy,Ventura,South Dakota,United States,72157,-68.3279,82.5595,-7:00,Mountain Time (US & Canada),erin.west@example.com,1984-10-12T09:39:25.617Z,37,2011-01-30T03:55:54.110Z,10,(578)-687-1582,(599)-914-1160,SSN,263-98-5598,https://randomuser.me/api/portraits/women/90.jpg,https://randomuser.me/api/portraits/med/women/90.jpg,https://randomuser.me/api/portraits/thumb/women/90.jpg,US
male,Mr,Jim,Kuhn,9572,Dane St,Grand Prairie,California,United States,83541,27.0831,-138.2642,-10:00,Hawaii,jim.kuhn@example.com,1987-11-02T15:56:36.720Z,34,2002-08-09T12:47:43.406Z,19,(631)-328-8914,(342)-621-8321,SSN,723-41-0259,https://randomuser.me/api/portraits/men/48.jpg,https://randomuser.me/api/portraits/med/men/48.jpg,https://randomuser.me/api/portraits/thumb/men/48.jpg,US
male,Mr,Lawrence,Lynch,8877,Walnut Hill Ln,Altoona,Kentucky,United States,25677,66.0195,-63.6034,+5:45,Kathmandu,lawrence.lynch@example.com,1998-06-26T15:58:10.237Z,23,2005-02-20T22:29:39.001Z,16,(670)-776-2014,(036)-265-0384,SSN,436-64-8175,https://randomuser.me/api/portraits/men/10.jpg,https://randomuser.me/api/portraits/med/men/10.jpg,https://randomuser.me/api/portraits/thumb/men/10.jpg,US
male,Mr,Enrique,Johnson,245,Ranchview Dr,Palm Bay,Arkansas,United States,30968,-14.4554,120.4722,-9:00,Alaska,enrique.johnson@example.com,1969-01-22T01:00:22.213Z,52,2011-10-04T06:37:52.689Z,10,(818)-966-6837,(929)-516-6055,SSN,722-21-9045,https://randomuser.me/api/portraits/men/10.jpg,https://randomuser.me/api/portraits/med/men/10.jpg,https://randomuser.me/api/portraits/thumb/men/10.jpg,US
female,Miss,Sandra,Wagner,2822,Smokey Ln,Surprise,Rhode Island,United States,75688,65.9974,-28.0002,-8:00,Pacific Time (US & Canada),sandra.wagner@example.com,1983-07-03T23:02:45.174Z,38,2017-05-04T00:33:16.307Z,4,(870)-237-3877,(047)-919-6595,SSN,942-96-0911,https://randomuser.me/api/portraits/women/77.jpg,https://randomuser.me/api/portraits/med/women/77.jpg,https://randomuser.me/api/portraits/thumb/women/77.jpg,US
female,Ms,Terry,Jenkins,6392,Plum St,Albuquerque,Arkansas,United States,11854,-11.0134,-108.3002,-10:00,Hawaii,terry.jenkins@example.com,1946-09-23T11:29:00.158Z,75,2018-10-29T00:51:31.263Z,3,(426)-476-4995,(973)-815-0640,SSN,476-72-7531,https://randomuser.me/api/portraits/women/66.jpg,https://randomuser.me/api/portraits/med/women/66.jpg,https://randomuser.me/api/portraits/thumb/women/66.jpg,US
female,Mrs,Nora,Jacobs,3205,Groveland Terrace,Green Bay,Minnesota,United States,69490,-39.8330,142.2252,-3:30,Newfoundland,nora.jacobs@example.com,1966-03-06T12:02:03.229Z,55,2012-06-13T16:00:24.968Z,9,(929)-113-8428,(692)-306-5636,SSN,166-72-7009,https://randomuser.me/api/portraits/women/46.jpg,https://randomuser.me/api/portraits/med/women/46.jpg,https://randomuser.me/api/portraits/thumb/women/46.jpg,US
female,Ms,Josephine,Reed,1657,First Street,Shreveport,Wisconsin,United States,45099,-31.3511,-117.2880,-10:00,Hawaii,josephine.reed@example.com,1981-07-10T15:15:55.539Z,40,2003-08-13T08:17:44.205Z,18,(675)-966-7747,(847)-943-4012,SSN,832-92-6692,https://randomuser.me/api/portraits/women/73.jpg,https://randomuser.me/api/portraits/med/women/73.jpg,https://randomuser.me/api/portraits/thumb/women/73.jpg,US
female,Miss,Noelle,Montgomery,3862,Valley View Ln,Belen,Tennessee,United States,52770,-27.9886,-124.2817,-7:00,Mountain Time (US & Canada),noelle.montgomery@example.com,1978-06-18T02:07:18.213Z,43,2013-12-23T20:38:55.601Z,8,(838)-557-8040,(691)-061-2739,SSN,073-45-0214,https://randomuser.me/api/portraits/women/45.jpg,https://randomuser.me/api/portraits/med/women/45.jpg,https://randomuser.me/api/portraits/thumb/women/45.jpg,US
female,Ms,Madison,Mccoy,7193,Taylor St,Providence,Kentucky,United States,68395,-34.3227,71.6458,-9:00,Alaska,madison.mccoy@example.com,1979-05-15T01:44:26.692Z,42,2009-06-10T20:46:14.796Z,12,(801)-025-2644,(567)-870-4834,SSN,406-89-1971,https://randomuser.me/api/portraits/women/40.jpg,https://randomuser.me/api/portraits/med/women/40.jpg,https://randomuser.me/api/portraits/thumb/women/40.jpg,US
male,Mr,Timmothy,Edwards,8523,Brown Terrace,Billings,South Dakota,United States,80423,-58.9352,27.9478,+3:30,Tehran,timmothy.edwards@example.com,1984-01-26T17:09:01.457Z,37,2016-09-06T15:25:32.888Z,5,(949)-051-1885,(229)-711-0234,SSN,476-32-0764,https://randomuser.me/api/portraits/men/71.jpg,https://randomuser.me/api/portraits/med/men/71.jpg,https://randomuser.me/api/portraits/thumb/men/71.jpg,US
female,Mrs,Carolyn,Peterson,7801,Wycliff Ave,Seagoville,Pennsylvania,United States,38418,-87.4509,140.9760,-10:00,Hawaii,carolyn.peterson@example.com,1961-12-18T02:30:05.671Z,60,2007-08-23T10:14:11.109Z,14,(081)-673-8217,(863)-510-9334,SSN,744-34-9803,https://randomuser.me/api/portraits/women/36.jpg,https://randomuser.me/api/portraits/med/women/36.jpg,https://randomuser.me/api/portraits/thumb/women/36.jpg,US
male,Mr,Charlie,George,4427,Hillcrest Rd,Columbus,North Dakota,United States,41950,81.2436,157.2732,-2:00,Mid-Atlantic,charlie.george@example.com,1987-12-23T03:23:28.826Z,34,2006-05-25T07:05:07.895Z,15,(631)-097-8633,(393)-537-0950,SSN,494-14-0151,https://randomuser.me/api/portraits/men/70.jpg,https://randomuser.me/api/portraits/med/men/70.jpg,https://randomuser.me/api/portraits/thumb/men/70.jpg,US
male,Mr,Jeff,Richards,430,Lovers Ln,Gainesville,Wisconsin,United States,81717,-16.2307,-76.1098,-9:00,Alaska,jeff.richards@example.com,1994-08-23T18:52:17.958Z,27,2009-12-01T11:07:50.543Z,12,(999)-288-4706,(488)-743-6999,SSN,805-18-6640,https://randomuser.me/api/portraits/men/84.jpg,https://randomuser.me/api/portraits/med/men/84.jpg,https://randomuser.me/api/portraits/thumb/men/84.jpg,US
