gender,name.title,name.first,name.last,location.street.number,location.street.name,location.city,location.state,location.country,location.postcode,location.coordinates.latitude,location.coordinates.longitude,location.timezone.offset,location.timezone.description,email,dob.date,dob.age,registered.date,registered.age,phone,cell,id.name,id.value,picture.large,picture.medium,picture.thumbnail,nat
female,Mrs,Victoria,Kim,8276,Lone Wolf Trail,Surprise,Maine,United States,22875,-45.4626,75.0139,-2:00,Mid-Atlantic,victoria.kim@example.com,1987-04-30T01:51:31.929Z,34,2005-10-09T20:41:18.592Z,16,(195)-994-2890,(186)-064-2892,SSN,719-32-6244,https://randomuser.me/api/portraits/women/39.jpg,https://randomuser.me/api/portraits/med/women/39.jpg,https://randomuser.me/api/portraits/thumb/women/39.jpg,US
female,Ms,Katrina,West,8283,Cackson St,Forney,Idaho,United States,83348,56.2254,-36.1870,-8:00,Pacific Time (US & Canada),katrina.west@example.com,1959-07-07T16:34:12.667Z,62,2002-08-27T09:18:58.152Z,19,(059)-035-6515,(654)-322-6495,SSN,744-46-2727,https://randomuser.me/api/portraits/women/1.jpg,https://randomuser.me/api/portraits/med/women/1.jpg,https://randomuser.me/api/portraits/thumb/women/1.jpg,US
female,Mrs,Sharlene,Taylor,7656,Hamilton Ave,Bueblo,Mississippi,United States,90247,45.9184,-38.7137,+4:30,Kabul,sharlene.taylor@example.com,1992-11-26T05:09:16.181Z,29,2007-07-15T22:48:40.178Z,14,(678)-434-2565,(715)-215-8421,SSN,543-76-9305,https://randomuser.me/api/portraits/women/78.jpg,https://randomuser.me/api/portraits/med/women/78.jpg,https://randomuser.me/api/portraits/thumb/women/78.jpg,US
male,Mr,Wade,Garza,4658,W Dallas St,Cape Coral,Wisconsin,United States,88550,-35.3413,113.0085,-2:00,Mid-Atlantic,wade.garza@example.com,1985-10-29T23:52:19.897Z,36,2003-11-13T20:05:55.151Z,18,(910)-431-4420,(203)-555-6108,SSN,913-22-4214,https://randomuser.me/api/portraits/men/56.jpg,https://randomuser.me/api/portraits/med/men/56.jpg,https://randomuser.me/api/portraits/thumb/men/56.jpg,US
male,Mr,Rick,Phillips,5528,Daisy Dr,Tulsa,Louisiana,United States,75145,39.7222,-94.2567,-9:00,Alaska,rick.phillips@example.com,1957-09-27T15:02:49.408Z,64,2012-11-27T00:17:33.320Z,9,(291)-622-5285,(917)-262-4065,SSN,987-75-8035,https://randomuser.me/api/portraits/men/18.jpg,https://randomuser.me/api/portraits/med/men/18.jpg,https://randomuser.me/api/portraits/thumb/men/18.jpg,US
female,Miss,Myrtle,Welch,2907,James St,Columbia,Georgia,United States,90177,9.7504,5.5079,-3:30,Newfoundland,myrtle.welch@example.com,1949-02-09T09:39:32.744Z,72,2005-09-28T19:16:54.230Z,16,(341)-011-8742,(769)-226-1546,SSN,599-84-8593,https://randomuser.me/api/portraits/women/5.jpg,https://randomuser.me/api/portraits/med/women/5.jpg,https://randomuser.me/api/portraits/thumb/women/5.jpg,US
female,Mrs,Erika,Pena,7899,Samaritan Dr,Raleigh,South Carolina,United States,20212,-26.8825,24.7960,-3:30,Newfoundland,erika.pena@example.com,1971-03-14T11:43:33.207Z,50,2003-03-10T15:03:11.846Z,18,(491)-735-6410,(650)-953-6107,SSN,600-12-2265,https://randomuser.me/api/portraits/women/17.jpg,https://randomuser.me/api/portraits/med/women/17.jpg,https://randomuser.me/api/portraits/thumb/women/17.jpg,US
female,Mrs,Gloria,Carroll,8742,Cherry St,Murrieta,Arizona,United States,55945,-40.1631,64.6290,+4:30,Kabul,gloria.carroll@example.com,1978-02-22T21:11:36.019Z,43,2008-01-16T13:35:37.055Z,13,(376)-968-7254,(674)-865-2402,SSN,336-27-8640,https://randomuser.me/api/portraits/women/47.jpg,https://randomuser.me/api/portraits/med/women/47.jpg,https://randomuser.me/api/portraits/thumb/women/47.jpg,US
male,Mr,Dwight,Rodriquez,6662,Sunset St,Billings,Georgia,United States,64577,18.2758,-57.3571,+4:30,Kabul,dwight.rodriquez@example.com,1992-09-20T04:28:45.547Z,29,2002-07-30T19:54:15.279Z,19,(778)-042-2583,(986)-026-6725,SSN,890-63-6075,https://randomuser.me/api/portraits/men/68.jpg,https://randomuser.me/api/portraits/med/men/68.jpg,https://randomuser.me/api/portraits/thumb/men/68.jpg,US
male,Mr,Antonio,Curtis,7317,Adams St,Roanoke,New York,United States,57281,-1.5745,-10.2742,-3:30,Newfoundland,antonio.curtis@example.com,1989-09-17T16:05:37.153Z,32,2017-07-14T01:27:15.044Z,4,(861)-192-1047,(470)-295-9377,SSN,263-00-3212,https://randomuser.me/api/portraits/men/74.jpg,https://randomuser.me/api/portraits/med/men/74.jpg,https://randomuser.me/api/portraits/thumb/men/74.jpg,US
male,Mr,Liam,Herrera,2522,Ash Dr,Green Bay,Minnesota,United States,71854,32.5155,-61.5698,-7:00,Mountain Time (US & Canada),liam.herrera@example.com,1950-03-10T16:27:12.115Z,71,2013-12-21T11:06:45.665Z,8,(265)-304-7727,(818)-739-6264,SSN,644-75-7635,https://randomuser.me/api/portraits/men/83.jpg,https://randomuser.me/api/portraits/med/men/83.jpg,https://randomuser.me/api/portraits/thumb/men/83.jpg,US
female,Ms,Madison,Carpenter,2019,Brown Terrace,Independence,Washington,United States,10989,-83.7034,6.3844,-8:00,Pacific Time (US & Canada),madison.carpenter@example.com,1969-09-23T19:16:37.183Z,52,2014-06-06T12:45:29.688Z,7,(662)-630-7100,(608)-436-0405,SSN,506-83-4711,https://randomuser.me/api/portraits/women/12.jpg,https://randomuser.me/api/portraits/med/women/12.jpg,https://randomuser.me/api/portraits/thumb/women/12.jpg,US
female,Miss,Kaylee,Black,6309,Wheeler Ridge Dr,Ontario,Virginia,United States,75691,-66.1460,95.1896,+3:30,Tehran,kaylee.black@example.com,1946-03-17T07:18:59.039Z,75,2013-10-14T20:35:16.255Z,8,(768)-606-9875,(306)-114-3076,SSN,493-21-3705,https://randomuser.me/api/portraits/women/73.jpg,https://randomuser.me/api/portraits/med/women/73.jpg,https://randomuser.me/api/portraits/thumb/women/73.jpg,US
female,Ms,Daisy,Kuhn,5541,Spring St,West Jordan,Indiana,United States,29311,40.4657,-24.9068,-2:00,Mid-Atlantic,daisy.kuhn@example.com,1969-01-20T13:34:49.320Z,52,2004-08-21T19:50:30.028Z,17,(393)-283-8980,(903)-416-8948,SSN,335-73-4695,https://randomuser.me/api/portraits/women/33.jpg,https://randomuser.me/api/portraits/med/women/33.jpg,https://randomuser.me/api/portraits/thumb/women/33.jpg,US
female,Ms,Terra,Rice,8969,Woodland St,Austin,New Jersey,United States,12083,72.6661,-154.2440,+3:30,Tehran,terra.rice@example.com,1962-07-01T16:12:54.651Z,59,2012-09-15T16:10:51.897Z,9,(951)-993-6815,(393)-057-8463,SSN,013-55-1517,https://randomuser.me/api/portraits/women/6.jpg,https://randomuser.me/api/portraits/med/women/6.jpg,https://randomuser.me/api/portraits/thumb/women/6.jpg,US
male,Mr,Lee,Myers,3958,Adams St,New Haven,Idaho,United States,85345,55.7778,-63.2033,-2:00,Mid-Atlantic,lee.myers@example.com,1961-12-21T14:40:13.948Z,60,2014-04-15T07:24:50.517Z,7,(778)-418-0071,(218)-468-1009,SSN,861-02-0026,https://randomuser.me/api/portraits/men/57.jpg,https://randomuser.me/api/portraits/med/men/57.jpg,https://randomuser.me/api/portraits/thumb/men/57.jpg,US
male,Mr,Marcus,Cunningham,6976,Edwards Rd,Lewiston,Florida,United States,90564,16.0349,-179.6857,-7:00,Mountain Time (US & Canada),marcus.cunningham@example.com,1976-08-23T17:30:23.732Z,45,2004-04-08T05:55:02.667Z,17,(660)-075-6761,(376)-833-0394,SSN,590-69-0897,https://randomuser.me/api/portraits/men/19.jpg,https://randomuser.me/api/portraits/med/men/19.jpg,https://randomuser.me/api/portraits/thumb/men/19.jpg,US
female,Miss,Mae,Howell,7715,W Belt Line Rd,Savannah,Nevada,United States,91253,75.8789,-156.8359,-10:00,Hawaii,mae.howell@example.com,1946-01-10T10:51:59.187Z,75,2015-05-09T14:29:25.430Z,6,(162)-679-1591,(858)-478-7623,SSN,768-95-8117,https://randomuser.me/api/portraits/women/35.jpg,https://randomuser.me/api/portraits/med/women/35.jpg,https://randomuser.me/api/portraits/thumb/women/35.jpg,US
