gender,name.title,name.first,name.last,location.street.number,location.street.name,location.city,location.state,location.country,location.postcode,location.coordinates.latitude,location.coordinates.longitude,location.timezone.offset,location.timezone.description,email,dob.date,dob.age,registered.date,registered.age,phone,cell,id.name,id.value,picture.large,picture.medium,picture.thumbnail,nat
male,Mr,Gordon,Cooper,6932,Dane St,Torrance,Nebraska,United States,85196,5.4178,-120.1456,-2:00,Mid-Atlantic,gordon.cooper@example.com,1966-06-27T04:42:18.112Z,55,2011-08-22T04:56:29.294Z,10,(307)-879-3474,(118)-678-6093,SSN,859-33-8088,https://randomuser.me/api/portraits/men/89.jpg,https://randomuser.me/api/portraits/med/men/89.jpg,https://randomuser.me/api/portraits/thumb/men/89.jpg,US
male,Mr,Franklin,Dixon,9246,Smokey Ln,Chandler,Nevada,United States,94830,-78.6773,-88.0462,+4:30,Kabul,franklin.dixon@example.com,1980-06-20T13:58:55.679Z,41,2006-02-08T00:16:15.130Z,15,(889)-521-1616,(154)-928-9052,SSN,741-60-0864,https://randomuser.me/api/portraits/men/65.jpg,https://randomuser.me/api/portraits/med/men/65.jpg,https://randomuser.me/api/portraits/thumb/men/65.jpg,US
female,Miss,Julia,Patterson,2652,Royal Ln,Chattanooga,Maine,United States,41551,40.3753,-89.1666,-7:00,Mountain Time (US & Canada),julia.patterson@example.com,1945-05-20T13:40:25.811Z,76,2011-07-28T15:17:22.234Z,10,(088)-119-1992,(475)-286-1917,SSN,660-66-4100,https://randomuser.me/api/portraits/women/43.jpg,https://randomuser.me/api/portraits/med/women/43.jpg,https://randomuser.me/api/portraits/thumb/women/43.jpg,US
female,Miss,Rachel,Watts,7600,Paddock Way,Rialto,Arkansas,United States,20176,79.9029,20.6043,+4:30,Kabul,rachel.watts@example.com,1946-03-16T10:32:29.087Z,75,2017-09-10T01:35:55.550Z,4,(513)-824-6904,(903)-288-4051,SSN,107-39-9183,https://randomuser.me/api/portraits/women/70.jpg,https://randomuser.me/api/portraits/med/women/70.jpg,https://randomuser.me/api/portraits/thumb/women/70.jpg,US
male,Mr,Daryl,Gordon,8403,Prospect Rd,Tyler,Missouri,United States,44662,82.1433,4.2495,-9:00,Alaska,daryl.gordon@example.com,1950-07-18T17:34:57.021Z,71,2018-03-22T04:49:47.461Z,3,(423)-568-3421,(234)-821-7722,SSN,540-78-7385,https://randomuser.me/api/portraits/men/76.jpg,https://randomuser.me/api/portraits/med/men/76.jpg,https://randomuser.me/api/portraits/thumb/men/76.jpg,US
female,Ms,Alyssa,Burns,2223,Bruce St,Fresno,Oregon,United States,96710,-71.6054,122.5382,-7:00,Mountain Time (US & Canada),alyssa.burns@example.com,1950-10-25T20:56:03.112Z,71,2019-09-14T18:58:19.303Z,2,(613)-265-1695,(738)-028-2033,SSN,621-99-9522,https://randomuser.me/api/portraits/women/2.jpg,https://randomuser.me/api/portraits/med/women/2.jpg,https://randomuser.me/api/portraits/thumb/women/2.jpg,US
female,Ms,Kristina,Crawford,194,E Little York Rd,Toledo,New Mexico,United States,10209,-14.7537,-83.1204,+3:30,Tehran,kristina.crawford@example.com,1958-02-06T23:38:00.878Z,63,2004-04-13T09:14:02.619Z,17,(344)-563-1028,(342)-926-8538,SSN,732-31-4979,https://randomuser.me/api/portraits/women/26.jpg,https://randomuser.me/api/portraits/med/women/26.jpg,https://randomuser.me/api/portraits/thumb/women/26.jpg,US
male,Mr,Harvey,Little,9519,Homestead Rd,Cleveland,North Dakota,United States,66063,8.6382,7.4154,-9:00,Alaska,harvey.little@example.com,1993-09-21T10:24:28.442Z,28,2009-10-21T22:51:00.666Z,12,(551)-800-8460,(335)-801-8506,SSN,889-22-4380,https://randomuser.me/api/portraits/men/7.jpg,https://randomuser.me/api/portraits/med/men/7.jpg,https://randomuser.me/api/portraits/thumb/men/7.jpg,US
female,Miss,Mildred,Patterson,4369,Saddle Dr,Sterling Heights,Ohio,United States,42096,-28.4521,83.9908,-2:00,Mid-Atlantic,mildred.patterson@example.com,1947-11-29T13:26:34.045Z,74,2011-08-14T14:57:22.843Z,10,(796)-123-7597,(326)-165-1711,SSN,457-11-0182,https://randomuser.me/api/portraits/women/57.jpg,https://randomuser.me/api/portraits/med/women/57.jpg,https://randomuser.me/api/portraits/thumb/women/57.jpg,US
female,Mrs,Amanda,Harrison,7013,Lakeshore Rd,Kansas City,Delaware,United States,24025,-47.5473,-163.0610,-2:00,Mid-Atlantic,amanda.harrison@example.com,1992-09-05T16:34:13.708Z,29,2019-09-25T07:25:28.300Z,2,(636)-054-0646,(685)-194-5613,SSN,418-79-1306,https://randomuser.me/api/portraits/women/61.jpg,https://randomuser.me/api/portraits/med/women/61.jpg,https://randomuser.me/api/portraits/thumb/women/61.jpg,US
male,Mr,Derek,Graves,1272,Wycliff Ave,Saginaw,Arizona,United States,64463,18.4125,-156.4230,-3:30,Newfoundland,derek.graves@example.com,1959-02-07T14:28:04.923Z,62,2011-01-02T09:30:19.046Z,10,(866)-053-0156,(540)-882-5433,SSN,052-38-7116,https://randomuser.me/api/portraits/men/3.jpg,https://randomuser.me/api/portraits/med/men/3.jpg,https://randomuser.me/api/portraits/thumb/men/3.jpg,US
female,Mrs,Rosemary,Palmer,9584,Dane St,Jackson,Louisiana,United States,18113,-44.9726,23.3557,+3:30,Tehran,rosemary.palmer@example.com,1989-01-17T02:42:31.527Z,32,2010-12-13T16:41:01.051Z,11,(243)-032-3747,(752)-800-8331,SSN,224-95-6197,https://randomuser.me/api/portraits/women/9.jpg,https://randomuser.me/api/portraits/med/women/9.jpg,https://randomuser.me/api/portraits/thumb/women/9.jpg,US
female,Miss,Felecia,Wade,5933,Blossom Hill Rd,Flowermound,Kentucky,United States,88018,-16.8239,-110.2215,-2:00,Mid-Atlantic,felecia.wade@example.com,1968-06-17T09:44:27.912Z,53,2013-02-03T03:15:40.262Z,8,(203)-696-5896,(509)-450-4524,SSN,893-92-6416,https://randomuser.me/api/portraits/women/76.jpg,https://randomuser.me/api/portraits/med/women/76.jpg,https://randomuser.me/api/portraits/thumb/women/76.jpg,US
male,Mr,Paul,Curtis,9788,Miller Ave,Rochmond,Indiana,United States,36927,23.0422,76.2930,+5:45,Kathmandu,paul.curtis@example.com,1984-11-30T11:21:22.658Z,37,2017-01-07T17:51:10.687Z,4,(738)-661-3866,(854)-836-3750,SSN,549-43-8281,https://randomuser.me/api/portraits/men/73.jpg,https://randomuser.me/api/portraits/med/men/73.jpg,https://randomuser.me/api/portraits/thumb/men/73.jpg,US
female,Ms,Laurie,Hanson,1906,Marsh Ln,Little Rock,California,United States,50533,16.5981,93.2329,-7:00,Mountain Time (US & Canada),laurie.hanson@example.com,1983-08-05T22:55:12.959Z,38,2018-12-24T23:25:16.583Z,3,(106)-764-4503,(309)-946-3396,SSN,813-78-2559,https://randomuser.me/api/portraits/women/7.jpg,https://randomuser.me/api/portraits/med/women/7.jpg,https://randomuser.me/api/portraits/thumb/women/7.jpg,US
male,Mr,Ryan,Price,23,E North St,Alexandria,Ohio,United States,76216,-89.0142,69.6002,-3:30,Newfoundland,ryan.price@example.com,1952-02-27T12:10:51.084Z,69,2004-01-21T22:47:30.945Z,17,(787)-368-4904,(141)-033-7215,SSN,941-61-2073,https://randomuser.me/api/portraits/men/91.jpg,https://randomuser.me/api/portraits/med/men/91.jpg,https://randomuser.me/api/portraits/thumb/men/91.jpg,US
female,Miss,Beth,Richards,795,Plum St,Murfreesboro,New York,United States,61935,-51.0053,51.5578,-2:00,Mid-Atlantic,beth.richards@example.com,1997-06-10T18:05:30.262Z,24,2007-08-26T12:36:29.464Z,14,(981)-084-4824,(006)-917-2036,SSN,117-90-9779,https://randomuser.me/api/portraits/women/19.jpg,https://randomuser.me/api/portraits/med/women/19.jpg,https://randomuser.me/api/portraits/thumb/women/19.jpg,US
female,Miss,Hilda,Dunn,8626,Poplar Dr,Forney,Oregon,United States,43740,25.6784,124.2813,+3:30,Tehran,hilda.dunn@example.com,1998-01-30T21:57:37.936Z,23,2014-07-20T09:08:45.213Z,7,(530)-052-4768,(200)-440-3226,SSN,716-46-6004,https://randomuser.me/api/portraits/women/78.jpg,https://randomuser.me/api/portraits/med/women/78.jpg,https://randomuser.me/api/portraits/thumb/women/78.jpg,US
