gender,name.title,name.first,name.last,location.street.number,location.street.name,location.city,location.state,location.country,location.postcode,location.coordinates.latitude,location.coordinates.longitude,location.timezone.offset,location.timezone.description,email,dob.date,dob.age,registered.date,registered.age,phone,cell,id.name,id.value,picture.large,picture.medium,picture.thumbnail,nat
female,Ms,Miriam,Gutierrez,1867,Oak Ridge Ln,Ontario,Delaware,United States,12692,-6.1570,-20.5603,+3:30,Tehran,miriam.gutierrez@example.com,1993-06-12T13:52:06.999Z,28,2003-03-04T18:46:41.391Z,18,(968)-897-4224,(094)-481-4818,SSN,194-79-9392,https://randomuser.me/api/portraits/women/79.jpg,https://randomuser.me/api/portraits/med/women/79.jpg,https://randomuser.me/api/portraits/thumb/women/79.jpg,US
male,Mr,Rick,Grant,1618,Spring Hill Rd,Temecula,New Hampshire,United States,45220,-17.8361,-77.4573,+3:30,Tehran,rick.grant@example.com,1946-10-06T20:25:23.822Z,75,2009-05-22T19:50:33.340Z,12,(465)-569-3544,(275)-496-2125,SSN,087-58-0852,https://randomuser.me/api/portraits/men/43.jpg,https://randomuser.me/api/portraits/med/men/43.jpg,https://randomuser.me/api/portraits/thumb/men/43.jpg,US
male,Mr,Michael,Franklin,2828,Nowlin Rd,Steilacoom,Connecticut,United States,43357,-34.7277,73.9212,-10:00,Hawaii,michael.franklin@example.com,1957-09-13T21:52:53.761Z,64,2013-01-09T01:56:50.460Z,8,(104)-638-4196,(281)-156-0124,SSN,596-67-5309,https://randomuser.me/api/portraits/men/50.jpg,https://randomuser.me/api/portraits/med/men/50.jpg,https://randomuser.me/api/portraits/thumb/men/50.jpg,US
female,Miss,Becky,Chapman,305,Parker Rd,Kansas City,Georgia,United States,80773,-82.1514,132.2883,+3:30,Tehran,becky.chapman@example.com,1949-02-15T04:32:17.792Z,72,2003-07-06T05:21:53.867Z,18,(471)-352-8814,(299)-248-2722,SSN,034-90-5486,https://randomuser.me/api/portraits/women/87.jpg,https://randomuser.me/api/portraits/med/women/87.jpg,https://randomuser.me/api/portraits/thumb/women/87.jpg,US
male,Mr,Chris,Ramos,2470,Spring St,Knoxville,North Dakota,United States,45678,-41.1556,-28.5869,-10:00,Hawaii,chris.ramos@example.com,1992-09-03T06:10:44.324Z,29,2015-11-20T18:17:27.847Z,6,(769)-851-5422,(754)-236-6358,SSN,285-06-1101,https://randomuser.me/api/portraits/men/94.jpg,https://randomuser.me/api/portraits/med/men/94.jpg,https://randomuser.me/api/portraits/thumb/men/94.jpg,US
female,Miss,Vickie,Perez,9643,Mcgowen St,Mckinney,Oregon,United States,83524,-12.8085,99.1418,-9:00,Alaska,vickie.perez@example.com,1977-08-02T18:25:16.264Z,44,2011-07-27T00:02:58.486Z,10,(073)-174-1534,(793)-749-2598,SSN,011-17-0480,https://randomuser.me/api/portraits/women/32.jpg,https://randomuser.me/api/portraits/med/women/32.jpg,https://randomuser.me/api/portraits/thumb/women/32.jpg,US
male,Mr,Jerome,Pena,6219,Fairview St,Albuquerque,Missouri,United States,34640,-85.1863,44.1912,+3:30,Tehran,jerome.pena@example.com,1955-01-30T21:28:52.423Z,66,2014-07-04T07:08:16.928Z,7,(995)-173-2220,(105)-331-8226,SSN,252-77-9120,https://randomuser.me/api/portraits/men/67.jpg,https://randomuser.me/api/portraits/med/men/67.jpg,https://randomuser.me/api/portraits/thumb/men/67.jpg,US
female,Mrs,Brianna,Lawrence,5851,Ash Dr,Mesa,Alabama,United States,39031,-66.5817,76.3770,-10:00,Hawaii,brianna.lawrence@example.com,1970-04-13T11:13:48.883Z,51,2017-02-13T12:23:31.378Z,4,(120)-470-5528,(822)-188-7538,SSN,308-30-4533,https://randomuser.me/api/portraits/women/63.jpg,https://randomuser.me/api/portraits/med/women/63.jpg,https://randomuser.me/api/portraits/thumb/women/63.jpg,US
female,Ms,Pearl,Ramirez,5787,Walnut Hill Ln,Grapevine,New Hampshire,United States,36415,-58.8713,-132.5737,-10:00,Hawaii,pearl.ramirez@example.com,1987-02-05T01:03:05.764Z,34,2004-01-10T20:18:37.871Z,17,(402)-783-0153,(772)-477-7019,SSN,685-93-7878,https://randomuser.me/api/portraits/women/65.jpg,https://randomuser.me/api/portraits/med/women/65.jpg,https://randomuser.me/api/portraits/thumb/women/65.jpg,US
male,Mr,Johnny,Hudson,4471,Woodland St,Jackson,Maryland,United States,56371,48.9515,131.6704,+5:45,Kathmandu,johnny.hudson@example.com,1955-07-08T06:25:59.060Z,66,2013-11-03T14:34:08.239Z,8,(887)-783-6283,(299)-695-6773,SSN,811-51-6885,https://randomuser.me/api/portraits/men/49.jpg,https://randomuser.me/api/portraits/med/men/49.jpg,https://randomuser.me/api/portraits/thumb/men/49.jpg,US
male,Mr,Nathaniel,Marshall,2853,Poplar Dr,Thornton,Pennsylvania,United States,60484,-81.1968,-142.5202,-3:30,Newfoundland,nathaniel.marshall@example.com,1978-03-01T22:46:14.364Z,43,2017-09-19T01:50:35.563Z,4,(461)-062-8151,(034)-289-0008,SSN,567-35-1460,https://randomuser.me/api/portraits/men/1.jpg,https://randomuser.me/api/portraits/med/men/1.jpg,https://randomuser.me/api/portraits/thumb/men/1.jpg,US
female,Ms,Debra,Stone,4325,Stevens Creek Blvd,Lexington,Ohio,United States,63743,63.9555,-75.1075,-2:00,Mid-Atlantic,debra.stone@example.com,1951-07-28T13:09:36.452Z,70,2008-01-10T07:39:39.407Z,13,(876)-178-1431,(058)-880-6843,SSN,853-54-7161,https://randomuser.me/api/portraits/women/8.jpg,https://randomuser.me/api/portraits/med/women/8.jpg,https://randomuser.me/api/portraits/thumb/women/8.jpg,US
female,Miss,Alma,Harris,2568,Ranchview Dr,Abilene,West Virginia,United States,53226,80.2656,-1.4746,-8:00,Pacific Time (US & Canada),alma.harris@example.com,1964-12-31T05:13:16.112Z,57,2012-06-17T11:12:22.786Z,9,(106)-519-0261,(134)-693-3758,SSN,415-50-8854,https://randomuser.me/api/portraits/women/41.jpg,https://randomuser.me/api/portraits/med/women/41.jpg,https://randomuser.me/api/portraits/thumb/women/41.jpg,US
female,Ms,Shelly,Allen,4964,Dane St,Tacoma,West Virginia,United States,55519,85.4773,154.7796,-9:00,Alaska,shelly.allen@example.com,1989-01-05T16:33:57.539Z,32,2013-06-23T02:16:14.719Z,8,(703)-566-2684,(912)-956-9692,SSN,875-81-3094,https://randomuser.me/api/portraits/women/20.jpg,https://randomuser.me/api/portraits/med/women/20.jpg,https://randomuser.me/api/portraits/thumb/women/20.jpg,US
male,Mr,Rene,Chavez,3153,Pockrus Page Rd,Dayton,New Jersey,United States,37460,11.9266,145.0639,+5:45,Kathmandu,rene.chavez@example.com,1975-01-22T04:49:53.793Z,46,2004-10-23T23:50:41.702Z,17,(371)-642-3006,(573)-854-7981,SSN,703-95-9282,https://randomuser.me/api/portraits/men/29.jpg,https://randomuser.me/api/portraits/med/men/29.jpg,https://randomuser.me/api/portraits/thumb/men/29.jpg,US
male,Mr,Hector,Day,5272,Sunset St,West Covina,Kansas,United States,67805,-62.8394,-112.8088,+4:30,Kabul,hector.day@example.com,1987-11-22T13:50:02.519Z,34,2007-09-14T20:07:54.212Z,14,(616)-448-7678,(006)-610-0438,SSN,059-12-6347,https://randomuser.me/api/portraits/men/40.jpg,https://randomuser.me/api/portraits/med/men/40.jpg,https://randomuser.me/api/portraits/thumb/men/40.jpg,US
female,Mrs,Yvonne,Morris,1451,Homestead Rd,Kent,South Carolina,United States,40868,-35.1117,131.6658,-3:30,Newfoundland,yvonne.morris@example.com,1963-01-29T05:36:18.982Z,58,2005-09-16T16:17:01.993Z,16,(783)-877-5442,(239)-622-9336,SSN,502-01-6268,https://randomuser.me/api/portraits/women/39.jpg,https://randomuser.me/api/portraits/med/women/39.jpg,https://randomuser.me/api/portraits/thumb/women/39.jpg,US
female,Mrs,Shannon,Wade,7561,Camden Ave,Boulder,Oregon,United States,30961,7.2751,-62.5520,-3:30,Newfoundland,shannon.wade@example.com,1958-06-17T14:21:56.176Z,63,2016-05-18T20:30:02.329Z,5,(569)-672-8886,(566)-506-4005,SSN,684-18-2739,https://randomuser.me/api/portraits/women/74.jpg,https://randomuser.me/api/portraits/med/women/74.jpg,https://randomuser.me/api/portraits/thumb/women/74.jpg,US
female,Ms,Vicki,Watson,168,E Sandy Lake Rd,Elgin,Oklahoma,United States,30869,-7.4951,46.7793,+4:30,Kabul,vicki.watson@example.com,1964-11-20T08:13:43.537Z,57,2003-12-24T10:19:09.046Z,18,(123)-127-2944,(083)-449-9574,SSN,141-91-9269,https://randomuser.me/api/portraits/women/26.jpg,https://randomuser.me/api/portraits/med/women/26.jpg,https://randomuser.me/api/portraits/thumb/women/26.jpg,US
male,Mr,Gilbert,Meyer,3367,E North St,Buffalo,Rhode Island,United States,32250,-36.8020,-31.5323,-7:00,Mountain Time (US & Canada),gilbert.meyer@example.com,1963-12-19T14:08:58.871Z,58,2008-09-18T17:16:58.717Z,13,(715)-507-2404,(306)-211-9054,SSN,162-37-1002,https://randomuser.me/api/portraits/men/26.jpg,https://randomuser.me/api/portraits/med/men/26.jpg,https://randomuser.me/api/portraits/thumb/men/26.jpg,US
