gender,name.title,name.first,name.last,location.street.number,location.street.name,location.city,location.state,location.country,location.postcode,location.coordinates.latitude,location.coordinates.longitude,location.timezone.offset,location.timezone.description,email,dob.date,dob.age,registered.date,registered.age,phone,cell,id.name,id.value,picture.large,picture.medium,picture.thumbnail,nat
male,Mr,Rene,Hunter,9044,Prospect Rd,Cape Fear,Iowa,United States,44999,-55.0479,-41.0233,-7:00,Mountain Time (US & Canada),rene.hunter@example.com,1980-10-09T21:26:44.772Z,41,2014-06-03T13:06:37.993Z,7,(717)-955-4838,(672)-873-3228,SSN,291-72-7590,https://randomuser.me/api/portraits/men/78.jpg,https://randomuser.me/api/portraits/med/men/78.jpg,https://randomuser.me/api/portraits/thumb/men/78.jpg,US
male,Mr,Fernando,Howard,7779,Poplar Dr,Miramar,South Dakota,United States,83294,-30.0766,141.0840,+4:30,Kabul,fernando.howard@example.com,1959-03-18T15:19:52.298Z,62,2003-02-14T16:46:03.906Z,18,(392)-514-8936,(339)-433-2610,SSN,961-75-5204,https://randomuser.me/api/portraits/men/30.jpg,https://randomuser.me/api/portraits/med/men/30.jpg,https://randomuser.me/api/portraits/thumb/men/30.jpg,US
male,Mr,Jon,Lopez,8088,Frances Ct,Forney,Colorado,United States,40257,76.1791,50.9507,+4:30,Kabul,jon.lopez@example.com,1978-07-28T23:39:05.357Z,43,2010-12-07T10:00:54.505Z,11,(126)-768-9142,(356)-646-7605,SSN,699-74-6216,https://randomuser.me/api/portraits/men/66.jpg,https://randomuser.me/api/portraits/med/men/66.jpg,https://randomuser.me/api/portraits/thumb/men/66.jpg,US
female,Ms,Beverley,Morales,2670,W Pecan St,Torrance,Maine,United States,35882,4.8434,12.4071,-10:00,Hawaii,beverley.morales@example.com,1989-07-16T07:41:17.064Z,32,2007-06-02T09:32:31.466Z,14,(836)-358-7873,(214)-838-2205,SSN,888-04-2310,https://randomuser.me/api/portraits/women/9.jpg,https://randomuser.me/api/portraits/med/women/9.jpg,https://randomuser.me/api/portraits/thumb/women/9.jpg,US
female,Ms,Hazel,Hudson,1223,Mockingbird Ln,Mobile,Alabama,United States,90849,-22.9678,21.0098,+3:30,Tehran,hazel.hudson@example.com,1961-10-20T13:07:01.252Z,60,2014-07-12T16:38:54.391Z,7,(831)-445-3588,(954)-662-8660,SSN,825-19-4672,https://randomuser.me/api/portraits/women/30.jpg,https://randomuser.me/api/portraits/med/women/30.jpg,https://randomuser.me/api/portraits/thumb/women/30.jpg,US
male,Mr,Alan,Burton,9161,Central St,Anaheim,Alabama,United States,38223,-37.5525,63.8213,-2:00,Mid-Atlantic,alan.burton@example.com,1948-01-30T07:46:31.890Z,73,2008-09-07T04:44:00.848Z,13,(967)-743-6870,(936)-818-8825,SSN,701-35-5413,https://randomuser.me/api/portraits/men/34.jpg,https://randomuser.me/api/portraits/med/men/34.jpg,https://randomuser.me/api/portraits/thumb/men/34.jpg,US
male,Mr,Everett,Bailey,5615,Royal Ln,Boulder,Montana,United States,37184,-12.2725,104.1893,+3:30,Tehran,everett.bailey@example.com,1983-08-19T10:41:05.930Z,38,2010-10-06T01:50:59.966Z,11,(396)-907-2893,(703)-205-7927,SSN,604-32-4610,https://randomuser.me/api/portraits/men/20.jpg,https://randomuser.me/api/portraits/med/men/20.jpg,https://randomuser.me/api/portraits/thumb/men/20.jpg,US
male,Mr,Jim,Gregory,9522,Elgin St,Washington,Alaska,United States,92998,-24.1989,41.8082,-10:00,Hawaii,jim.gregory@example.com,1953-12-01T03:52:26.531Z,68,2005-06-13T20:06:56.669Z,16,(044)-393-0871,(742)-718-0705,SSN,415-52-2256,https://randomuser.me/api/portraits/men/92.jpg,https://randomuser.me/api/portraits/med/men/92.jpg,https://randomuser.me/api/portraits/thumb/men/92.jpg,US
male,Mr,Marcus,Wilson,2137,Railroad St,Sterling Heights,Idaho,United States,11317,54.4014,-145.4446,-9:00,Alaska,marcus.wilson@example.com,1969-11-12T05:44:35.481Z,52,2013-02-17T11:55:12.676Z,8,(377)-014-1851,(474)-202-6918,SSN,100-68-9963,https://randomuser.me/api/portraits/men/37.jpg,https://randomuser.me/api/portraits/med/men/37.jpg,https://randomuser.me/api/portraits/thumb/men/37.jpg,US
female,Ms,Lena,Harper,3238,Preston Rd,Killeen,Delaware,United States,46850,-89.5518,33.8929,-3:30,Newfoundland,lena.harper@example.com,1972-10-31T08:33:10.141Z,49,2013-09-10T17:30:50.216Z,8,(658)-552-1435,(059)-465-2197,SSN,646-92-9163,https://randomuser.me/api/portraits/women/24.jpg,https://randomuser.me/api/portraits/med/women/24.jpg,https://randomuser.me/api/portraits/thumb/women/24.jpg,US
male,Mr,Arnold,Cole,1090,Avondale Ave,Vancouver,Alaska,United States,46106,-52.8492,-11.7025,-10:00,Hawaii,arnold.cole@example.com,1955-11-07T23:02:55.888Z,66,2003-03-20T03:28:17.452Z,18,(265)-645-7212,(705)-857-9534,SSN,372-85-1697,https://randomuser.me/api/portraits/men/22.jpg,https://randomuser.me/api/portraits/med/men/22.jpg,https://randomuser.me/api/portraits/thumb/men/22.jpg,US
male,Mr,Michael,Bishop,608,Brown Terrace,Louisville,Ohio,United States,53898,-63.3708,143.0447,+3:30,Tehran,michael.bishop@example.com,1997-02-16T18:56:19.169Z,24,2010-09-15T04:00:10.944Z,11,(278)-412-7745,(615)-253-3427,SSN,543-35-8516,https://randomuser.me/api/portraits/men/65.jpg,https://randomuser.me/api/portraits/med/men/65.jpg,https://randomuser.me/api/portraits/thumb/men/65.jpg,US
female,Mrs,Ellen,Dunn,4706,Brown Terrace,Phoenix,Wisconsin,United States,65696,-71.3169,-105.6663,-8:00,Pacific Time (US & Canada),ellen.dunn@example.com,1948-12-05T07:34:56.957Z,73,2002-09-23T05:34:29.108Z,19,(385)-296-4181,(565)-583-9366,SSN,571-52-4453,https://randomuser.me/api/portraits/women/15.jpg,https://randomuser.me/api/portraits/med/women/15.jpg,https://randomuser.me/api/portraits/thumb/women/15.jpg,US
male,Mr,Dylan,Hicks,7811,Stevens Creek Blvd,Louisville,Wisconsin,United States,33736,-12.9006,-122.4578,-7:00,Mountain Time (US & Canada),dylan.hicks@example.com,1957-04-20T20:09:50.262Z,64,2018-01-08T18:47:51.004Z,3,(112)-684-6962,(514)-031-4652,SSN,919-42-4263,https://randomuser.me/api/portraits/men/62.jpg,https://randomuser.me/api/portraits/med/men/62.jpg,https://randomuser.me/api/portraits/thumb/men/62.jpg,US
female,Mrs,Edna,Russell,1658,Lakeview St,Clarksville,Vermont,United States,74670,-65.2338,-33.6785,-10:00,Hawaii,edna.russell@example.com,1985-01-27T16:21:25.495Z,36,2016-04-24T02:23:58.978Z,5,(993)-731-4196,(509)-139-9199,SSN,506-95-3814,https://randomuser.me/api/portraits/women/45.jpg,https://randomuser.me/api/portraits/med/women/45.jpg,https://randomuser.me/api/portraits/thumb/women/45.jpg,US
female,Ms,Leah,Perry,6421,Marsh Ln,Columbus,Iowa,United States,47781,-28.5012,-8.1831,-7:00,Mountain Time (US & Canada),leah.perry@example.com,1969-08-10T04:14:52.682Z,52,2015-01-02T01:45:05.877Z,6,(947)-156-6673,(581)-157-8477,SSN,257-07-6178,https://randomuser.me/api/portraits/women/66.jpg,https://randomuser.me/api/portraits/med/women/66.jpg,https://randomuser.me/api/portraits/thumb/women/66.jpg,US
female,Mrs,Bella,Rhodes,210,Mcgowen St,Anaheim,Rhode Island,United States,10146,52.2214,-71.3443,-3:30,Newfoundland,bella.rhodes@example.com,1945-04-29T19:46:15.105Z,76,2014-06-23T21:26:23.471Z,7,(791)-314-8989,(967)-148-5924,SSN,724-04-6363,https://randomuser.me/api/portraits/women/36.jpg,https://randomuser.me/api/portraits/med/women/36.jpg,https://randomuser.me/api/portraits/thumb/women/36.jpg,US
female,Ms,Heather,Pierce,6274,Hillcrest Rd,Fayetteville,North Carolina,United States,19263,-41.2095,147.1997,-2:00,Mid-Atlantic,heather.pierce@example.com,1971-02-28T08:41:13.084Z,50,2011-08-17T13:55:33.749Z,10,(501)-815-7962,(092)-299-7635,SSN,364-42-4303,https://randomuser.me/api/portraits/women/22.jpg,https://randomuser.me/api/portraits/med/women/22.jpg,https://randomuser.me/api/portraits/thumb/women/22.jpg,US
female,Miss,Elaine,Clark,4709,Hickory Creek Dr,Centennial,Alabama,United States,40259,5.4177,-19.3897,-7:00,Mountain Time (US & Canada),elaine.clark@example.com,1946-07-25T12:31:09.226Z,75,2016-04-18T07:39:19.058Z,5,(725)-644-3478,(442)-062-6060,SSN,777-19-0109,https://randomuser.me/api/portraits/women/32.jpg,https://randomuser.me/api/portraits/med/women/32.jpg,https://randomuser.me/api/portraits/thumb/women/32.jpg,US
female,Mrs,Dana,Holt,9084,Green Rd,Chesapeake,Louisiana,United States,42569,81.4090,-3.0878,-7:00,Mountain Time (US & Canada),dana.holt@example.com,1951-02-06T13:28:55.847Z,70,2013-10-29T00:02:06.827Z,8,(819)-695-0231,(300)-784-4701,SSN,578-32-4079,https://randomuser.me/api/portraits/women/90.jpg,https://randomuser.me/api/portraits/med/women/90.jpg,https://randomuser.me/api/portraits/thumb/women/90.jpg,US
female,Mrs,Glenda,Gonzalez,1822,Poplar Dr,Santa Clara,Idaho,United States,52433,-10.0583,-77.1517,+4:30,Kabul,glenda.gonzalez@example.com,1960-05-07T15:23:21.472Z,61,2009-11-03T00:23:31.609Z,12,(328)-008-9724,(457)-934-7399,SSN,147-90-2839,https://randomuser.me/api/portraits/women/39.jpg,https://randomuser.me/api/portraits/med/women/39.jpg,https://randomuser.me/api/portraits/thumb/women/39.jpg,US
female,Ms,Ana,Kennedy,3505,Hamilton Ave,Davenport,Mississippi,United States,38724,88.0411,159.2391,+5:45,Kathmandu,ana.kennedy@example.com,1998-04-01T15:48:45.371Z,23,2009-08-24T13:39:17.901Z,12,(867)-395-0493,(902)-322-7378,SSN,767-50-1504,https://randomuser.me/api/portraits/women/55.jpg,https://randomuser.me/api/portraits/med/women/55.jpg,https://randomuser.me/api/portraits/thumb/women/55.jpg,US
