gender,name.title,name.first,name.last,location.street.number,location.street.name,location.city,location.state,location.country,location.postcode,location.coordinates.latitude,location.coordinates.longitude,location.timezone.offset,location.timezone.description,email,dob.date,dob.age,registered.date,registered.age,phone,cell,id.name,id.value,picture.large,picture.medium,picture.thumbnail,nat
male,Mr,Ramon,Sutton,452,Crockett St,Seymour,Maine,United States,67583,-1.9811,-1.9516,-7:00,Mountain Time (US & Canada),ramon.sutton@example.com,1997-02-06T17:49:08.758Z,24,2006-11-23T15:11:50.117Z,15,(113)-034-3389,(192)-714-9649,SSN,177-88-9511,https://randomuser.me/api/portraits/men/68.jpg,https://randomuser.me/api/portraits/med/men/68.jpg,https://randomuser.me/api/portraits/thumb/men/68.jpg,US
male,Mr,Ricky,Terry,6688,White Oak Dr,Worcester,Texas,United States,40698,-88.3906,11.6656,-10:00,Hawaii,ricky.terry@example.com,1968-03-15T11:00:18.709Z,53,2017-09-07T16:51:06.918Z,4,(907)-668-8087,(730)-856-7393,SSN,021-28-4006,https://randomuser.me/api/portraits/men/56.jpg,https://randomuser.me/api/portraits/med/men/56.jpg,https://randomuser.me/api/portraits/thumb/men/56.jpg,US
female,Miss,Beatrice,Byrd,3654,Blossom Hill Rd,Little Rock,Maryland,United States,59657,-22.4064,-148.6741,-8:00,Pacific Time (US & Canada),beatrice.byrd@example.com,1963-11-30T11:28:31.701Z,58,2009-11-09T22:27:48.547Z,12,(476)-620-3963,(021)-660-2906,SSN,109-25-4002,https://randomuser.me/api/portraits/women/57.jpg,https://randomuser.me/api/portraits/med/women/57.jpg,https://randomuser.me/api/portraits/thumb/women/57.jpg,US
male,Mr,Connor,Ellis,7946,E North St,Coral Springs,Vermont,United States,30088,-48.7854,19.5178,-3:30,Newfoundland,connor.ellis@example.com,1980-05-30T19:35:27.286Z,41,2006-04-04T08:47:43.458Z,15,(724)-481-5951,(105)-199-8027,SSN,489-72-2332,https://randomuser.me/api/portraits/men/82.jpg,https://randomuser.me/api/portraits/med/men/82.jpg,https://randomuser.me/api/portraits/thumb/men/82.jpg,US
male,Mr,Alex,Caldwell,2515,Prospect Rd,Mckinney,California,United States,53224,19.3857,20.8432,-7:00,Mountain Time (US & Canada),alex.caldwell@example.com,1952-05-29T23:39:19.650Z,69,2013-04-03T14:37:37.512Z,8,(089)-697-0193,(033)-102-8894,SSN,789-39-7943,https://randomuser.me/api/portraits/men/92.jpg,https://randomuser.me/api/portraits/med/men/92.jpg,https://randomuser.me/api/portraits/thumb/men/92.jpg,US
female,Mrs,Joan,Hernandez,2335,Valley View Ln,Albany,South Carolina,United States,21798,71.1811,-99.6452,-7:00,Mountain Time (US & Canada),joan.hernandez@example.com,1970-11-29T11:30:32.072Z,51,2017-11-02T12:43:40.617Z,4,(594)-798-1959,(530)-770-7870,SSN,997-13-0210,https://randomuser.me/api/portraits/women/59.jpg,https://randomuser.me/api/portraits/med/women/59.jpg,https://randomuser.me/api/portraits/thumb/women/59.jpg,US
female,Ms,Vera,Green,1635,Dogwood Ave,Pasadena,Connecticut,United States,41327,61.7806,-153.1321,+4:30,Kabul,vera.green@example.com,1951-12-11T15:39:23.533Z,70,2016-07-16T05:15:01.496Z,5,(144)-722-2710,(948)-816-3167,SSN,692-77-5447,https://randomuser.me/api/portraits/women/15.jpg,https://randomuser.me/api/portraits/med/women/15.jpg,https://randomuser.me/api/portraits/thumb/women/15.jpg,US
male,Mr,Wesley,Garcia,680,Northaven Rd,Norman,New Mexico,United States,46327,15.8348,64.6861,-3:30,Newfoundland,wesley.garcia@example.com,1969-10-24T11:20:32.406Z,52,2017-09-28T09:41:21.379Z,4,(760)-508-4046,(810)-544-2527,SSN,748-69-0237,https://randomuser.me/api/portraits/men/79.jpg,https://randomuser.me/api/portraits/med/men/79.jpg,https://randomuser.me/api/portraits/thumb/men/79.jpg,US
female,Miss,Alexis,Olson,8119,Groveland Terrace,Mckinney,Minnesota,United States,66808,9.8770,-71.9178,-3:30,Newfoundland,alexis.olson@example.com,1985-04-15T10:35:27.974Z,36,2005-05-13T11:10:13.409Z,16,(223)-420-9063,(082)-374-4799,SSN,440-14-0484,https://randomuser.me/api/portraits/women/92.jpg,https://randomuser.me/api/portraits/med/women/92.jpg,https://randomuser.me/api/portraits/thumb/women/92.jpg,US
female,Ms,Bobbie,Burton,6796,Lakeview St,Roseville,Arkansas,United States,89205,-83.9248,-43.9346,-10:00,Hawaii,bobbie.burton@example.com,1966-03-09T17:18:45.935Z,55,2003-04-27T12:40:31.241Z,18,(970)-790-1358,(114)-220-6120,SSN,575-83-2279,https://randomuser.me/api/portraits/women/20.jpg,https://randomuser.me/api/portraits/med/women/20.jpg,https://randomuser.me/api/portraits/thumb/women/20.jpg,US
female,Mrs,Eva,Mills,4916,W Pecan St,Laredo,Hawaii,United States,50049,-16.7468,-16.8441,-9:00,Alaska,eva.mills@example.com,1951-03-25T15:30:25.575Z,70,2015-12-07T20:09:01.738Z,6,(532)-706-7594,(175)-525-5672,SSN,982-13-5703,https://randomuser.me/api/portraits/women/19.jpg,https://randomuser.me/api/portraits/med/women/19.jpg,https://randomuser.me/api/portraits/thumb/women/19.jpg,US
female,Ms,Claudia,Lawson,4488,Daisy Dr,Green Bay,Michigan,United States,58109,-34.7204,-171.2292,-2:00,Mid-Atlantic,claudia.lawson@example.com,1969-04-29T06:07:13.887Z,52,2007-08-18T10:13:33.047Z,14,(492)-981-7633,(900)-283-7107,SSN,004-96-2732,https://randomuser.me/api/portraits/women/61.jpg,https://randomuser.me/api/portraits/med/women/61.jpg,https://randomuser.me/api/portraits/thumb/women/61.jpg,US
female,Miss,Carmen,Gardner,1358,Bollinger Rd,Columbia,Alaska,United States,33719,-2.2349,173.1104,-7:00,Mountain Time (US & Canada),carmen.gardner@example.com,1978-05-30T17:40:13.482Z,43,2006-11-26T05:28:54.075Z,15,(720)-426-0527,(591)-183-7937,SSN,809-79-1058,https://randomuser.me/api/portraits/women/12.jpg,https://randomuser.me/api/portraits/med/women/12.jpg,https://randomuser.me/api/portraits/thumb/women/12.jpg,US
male,Mr,Ron,Fletcher,626,N Stelling Rd,Naperville,Alaska,United States,62299,34.2109,118.4243,-9:00,Alaska,ron.fletcher@example.com,1971-09-26T18:37:49.712Z,50,2019-08-16T13:30:35.833Z,2,(397)-671-0867,(601)-245-2788,SSN,803-27-4654,https://randomuser.me/api/portraits/men/40.jpg,https://randomuser.me/api/portraits/med/men/40.jpg,https://randomuser.me/api/portraits/thumb/men/40.jpg,US
female,Ms,Terri,Turner,5774,Saddle Dr,Columbus,Alaska,United States,30885,56.6789,-26.5436,+5:45,Kathmandu,terri.turner@example.com,1960-03-09T03:27:19.088Z,61,2006-05-16T09:11:19.977Z,15,(941)-014-1136,(987)-210-4731,SSN,267-65-2738,https://randomuser.me/api/portraits/women/36.jpg,https://randomuser.me/api/portraits/med/women/36.jpg,https://randomuser.me/api/portraits/thumb/women/36.jpg,US
