gender,name.title,name.first,name.last,location.street.number,location.street.name,location.city,location.state,location.country,location.postcode,location.coordinates.latitude,location.coordinates.longitude,location.timezone.offset,location.timezone.description,email,dob.date,dob.age,registered.date,registered.age,phone,cell,id.name,id.value,picture.large,picture.medium,picture.thumbnail,nat
male,Mr,Alex,Nelson,2,Marsh Ln,Frisco,Hawaii,United States,32239,-69.6481,56.9585,-3:30,Newfoundland,alex.nelson@example.com,1984-08-04T19:52:20.812Z,37,2014-10-04T16:32:58.894Z,7,(648)-488-7480,(546)-652-3549,SSN,620-72-3243,https://randomuser.me/api/portraits/men/83.jpg,https://randomuser.me/api/portraits/med/men/83.jpg,https://randomuser.me/api/portraits/thumb/men/83.jpg,US
male,Mr,Cameron,Terry,9892,Westheimer Rd,Torrance,Wisconsin,United States,87629,-86.1250,49.8300,+3:30,Tehran,cameron.terry@example.com,1981-08-25T23:06:56.530Z,40,2002-11-12T03:39:28.407Z,19,(187)-738-1259,(878)-700-1531,SSN,852-20-6952,https://randomuser.me/api/portraits/men/30.jpg,https://randomuser.me/api/portraits/med/men/30.jpg,https://randomuser.me/api/portraits/thumb/men/30.jpg,US
male,Mr,Daniel,Silva,2154,Washington Ave,Fontana,Wyoming,United States,15661,85.5227,-139.7598,+3:30,Tehran,daniel.silva@example.com,1970-12-10T22:35:46.561Z,51,2003-09-27T16:29:14.921Z,18,(616)-128-2374,(325)-955-7406,SSN,762-69-9441,https://randomuser.me/api/portraits/men/75.jpg,https://randomuser.me/api/portraits/med/men/75.jpg,https://randomuser.me/api/portraits/thumb/men/75.jpg,US
female,Miss,Amelia,Larson,712,Pecan Acres Ln,Lewiston,Missouri,United States,22717,-86.0590,139.7897,-10:00,Hawaii,amelia.larson@example.com,1986-02-26T01:46:00.537Z,35,2010-01-20T13:11:50.720Z,11,(494)-997-5507,(251)-589-6046,SSN,672-92-4089,https://randomuser.me/api/portraits/women/12.jpg,https://randomuser.me/api/portraits/med/women/12.jpg,https://randomuser.me/api/portraits/thumb/women/12.jpg,US
male,Mr,Allen,Oliver,9343,Central St,Santa Rosa,New Jersey,United States,58764,-38.7872,32.3017,+3:30,Tehran,allen.oliver@example.com,1968-01-03T18:52:40.774Z,53,2010-04-09T21:49:51.445Z,11,(057)-973-3085,(312)-027-1132,SSN,153-59-2775,https://randomuser.me/api/portraits/men/32.jpg,https://randomuser.me/api/portraits/med/men/32.jpg,https://randomuser.me/api/portraits/thumb/men/32.jpg,US
female,Mrs,Louella,Harper,1032,W Sherman Dr,El Cajon,New Hampshire,United States,21456,-84.4516,-54.4920,-2:00,Mid-Atlantic,louella.harper@example.com,1993-06-28T18:19:00.544Z,28,2007-12-07T06:29:18.261Z,14,(952)-404-5060,(285)-293-8255,SSN,035-07-6758,https://randomuser.me/api/portraits/women/91.jpg,https://randomuser.me/api/portraits/med/women/91.jpg,https://randomuser.me/api/portraits/thumb/women/91.jpg,US
female,Mrs,Penny,Montgomery,3636,N Stelling Rd,Allen,Rhode Island,United States,92103,88.0622,-82.6121,+3:30,Tehran,penny.montgomery@example.com,1972-01-12T05:45:30.804Z,49,2014-05-03T17:53:07.360Z,7,(671)-801-9656,(182)-505-4513,SSN,465-73-8511,https://randomuser.me/api/portraits/women/79.jpg,https://randomuser.me/api/portraits/med/women/79.jpg,https://randomuser.me/api/portraits/thumb/women/79.jpg,US
female,Ms,Robin,Perry,7111,Woodland St,Fayetteville,Massachusetts,United States,46508,-43.1936,27.3407,-8:00,Pacific Time (US & Canada),robin.perry@example.com,1968-09-24T10:45:08.871Z,53,2015-01-14T11:47:49.201Z,6,(886)-865-2836,(092)-381-4146,SSN,539-06-4121,https://randomuser.me/api/portraits/women/69.jpg,https://randomuser.me/api/portraits/med/women/69.jpg,https://randomuser.me/api/portraits/thumb/women/69.jpg,US
female,Miss,Zoey,Little,4979,Stevens Creek Blvd,Rio Rancho,West Virginia,United States,21516,-48.9879,30.9907,-8:00,Pacific Time (US & Canada),zoey.little@example.com,1959-03-08T23:11:08.832Z,62,2009-09-12T21:52:45.034Z,12,(817)-408-0696,(454)-997-5978,SSN,553-26-8596,https://randomuser.me/api/portraits/women/70.jpg,https://randomuser.me/api/portraits/med/women/70.jpg,https://randomuser.me/api/portraits/thumb/women/70.jpg,US
male,Mr,Derrick,Barnett,7583,Eason Rd,Brownsville,Kansas,United States,52577,16.6239,-23.3132,-8:00,Pacific Time (US & Canada),derrick.barnett@example.com,1971-10-12T05:47:29.123Z,50,2012-07-11T13:56:58.549Z,9,(418)-947-5299,(835)-767-2533,SSN,770-05-5589,https://randomuser.me/api/portraits/men/66.jpg,https://randomuser.me/api/portraits/med/men/66.jpg,https://randomuser.me/api/portraits/thumb/men/66.jpg,US
male,Mr,Gregory,Craig,4884,Karen Dr,Cupertino,Hawaii,United States,57965,13.5301,-104.9610,+5:45,Kathmandu,gregory.craig@example.com,1997-10-31T03:08:48.958Z,24,2007-07-22T02:32:24.649Z,14,(699)-084-1119,(318)-000-3204,SSN,615-62-0049,https://randomuser.me/api/portraits/men/19.jpg,https://randomuser.me/api/portraits/med/men/19.jpg,https://randomuser.me/api/portraits/thumb/men/19.jpg,US
male,Mr,Brent,Castro,3229,E Center St,Charleston,Montana,United States,73863,78.4816,7.9649,-8:00,Pacific Time (US & Canada),brent.castro@example.com,1985-06-04T23:19:38.753Z,36,2008-03-12T13:52:02.490Z,13,(026)-704-7579,(359)-605-1916,SSN,770-11-0818,https://randomuser.me/api/portraits/men/18.jpg,https://randomuser.me/api/portraits/med/men/18.jpg,https://randomuser.me/api/portraits/thumb/men/18.jpg,US
male,Mr,Stephen,Daniels,2780,W Sherman Dr,Oakland,Kentucky,United States,61731,67.6566,-9.6742,-2:00,Mid-Atlantic,stephen.daniels@example.com,1968-09-08T19:05:44.984Z,53,2017-05-14T20:52:59.778Z,4,(607)-159-1769,(043)-963-1669,SSN,082-77-4865,https://randomuser.me/api/portraits/men/71.jpg,https://randomuser.me/api/portraits/med/men/71.jpg,https://randomuser.me/api/portraits/thumb/men/71.jpg,US
female,Ms,Sherry,Simmons,1540,Wycliff Ave,Scottsdale,Alabama,United States,87737,-48.4109,-11.4945,-3:30,Newfoundland,sherry.simmons@example.com,1967-06-02T14:00:06.863Z,54,2017-04-29T03:20:53.965Z,4,(966)-641-2672,(027)-509-9680,SSN,486-48-5370,https://randomuser.me/api/portraits/women/66.jpg,https://randomuser.me/api/portraits/med/women/66.jpg,https://randomuser.me/api/portraits/thumb/women/66.jpg,US
male,Mr,Aaron,Rodriquez,9502,Wheeler Ridge Dr,Savannah,Maine,United States,42692,11.3576,-126.8163,-8:00,Pacific Time (US & Canada),aaron.rodriquez@example.com,1977-10-18T02:01:17.024Z,44,2016-06-14T06:25:06.384Z,5,(298)-855-2589,(431)-248-6726,SSN,681-53-2000,https://randomuser.me/api/portraits/men/28.jpg,https://randomuser.me/api/portraits/med/men/28.jpg,https://randomuser.me/api/portraits/thumb/men/28.jpg,US
male,Mr,John,Gibson,3574,Northaven Rd,Yonkers,Oklahoma,United States,47762,-40.3430,-61.0835,-7:00,Mountain Time (US & Canada),john.gibson@example.com,1958-06-06T09:23:01.126Z,63,2018-05-30T10:42:13.666Z,3,(404)-483-7251,(771)-230-1308,SSN,298-26-4969,https://randomuser.me/api/portraits/men/57.jpg,https://randomuser.me/api/portraits/med/men/57.jpg,https://randomuser.me/api/portraits/thumb/men/57.jpg,US
female,Miss,Stephanie,Daniels,5793,Hunters Creek Dr,Albany,Utah,United States,56610,89.8353,5.0665,-8:00,Pacific Time (US & Canada),stephanie.daniels@example.com,1967-05-04T03:23:34.002Z,54,2008-09-23T01:28:34.498Z,13,(891)-749-2868,(597)-320-2426,SSN,499-77-4076,https://randomuser.me/api/portraits/women/43.jpg,https://randomuser.me/api/portraits/med/women/43.jpg,https://randomuser.me/api/portraits/thumb/women/43.jpg,US
male,Mr,Lance,Hoffman,7601,Eason Rd,Davenport,Delaware,United States,18528,-32.5703,-137.6759,-7:00,Mountain Time (US & Canada),lance.hoffman@example.com,1989-10-20T07:53:08.098Z,32,2010-11-30T03:56:14.498Z,11,(293)-244-8517,(262)-924-4714,SSN,630-00-0148,https://randomuser.me/api/portraits/men/51.jpg,https://randomuser.me/api/portraits/med/men/51.jpg,https://randomuser.me/api/portraits/thumb/men/51.jpg,US
male,Mr,Clifford,Hoffman,2543,Lone Wolf Trail,Victorville,Florida,United States,70337,-66.3649,-62.6490,-9:00,Alaska,clifford.hoffman@example.com,1952-09-15T00:20:42.076Z,69,2009-11-30T02:30:25.634Z,12,(044)-872-0094,(884)-889-2602,SSN,677-86-9972,https://randomuser.me/api/portraits/men/31.jpg,https://randomuser.me/api/portraits/med/men/31.jpg,https://randomuser.me/api/portraits/thumb/men/31.jpg,US
