gender,name.title,name.first,name.last,location.street.number,location.street.name,location.city,location.state,location.country,location.postcode,location.coordinates.latitude,location.coordinates.longitude,location.timezone.offset,location.timezone.description,email,dob.date,dob.age,registered.date,registered.age,phone,cell,id.name,id.value,picture.large,picture.medium,picture.thumbnail,nat
female,Miss,Jeanette,Horton,7171,W 6th St,El Monte,Wyoming,United States,55433,-79.8617,-40.8815,-3:30,Newfoundland,jeanette.horton@example.com,1986-01-30T03:58:43.363Z,35,2012-10-27T10:10:51.248Z,9,(734)-100-7721,(389)-231-9298,SSN,655-32-7327,https://randomuser.me/api/portraits/women/77.jpg,https://randomuser.me/api/portraits/med/women/77.jpg,https://randomuser.me/api/portraits/thumb/women/77.jpg,US
male,Mr,Clinton,Dixon,7815,Depaul Dr,Pittsburgh,Alaska,United States,79504,-68.3224,119.7191,-3:30,Newfoundland,clinton.dixon@example.com,1953-06-25T02:25:57.206Z,68,2014-10-24T09:54:44.759Z,7,(932)-854-9976,(467)-592-4295,SSN,361-83-7958,https://randomuser.me/api/portraits/men/16.jpg,https://randomuser.me/api/portraits/med/men/16.jpg,https://randomuser.me/api/portraits/thumb/men/16.jpg,US
male,Mr,Raul,Welch,5232,Prospect Rd,Grand Rapids,West Virginia,United States,91165,72.8438,139.3153,+5:45,Kathmandu,raul.welch@example.com,1991-01-04T14:07:27.132Z,30,2003-12-26T08:45:43.852Z,18,(083)-466-6661,(485)-734-8854,SSN,677-10-4846,https://randomuser.me/api/portraits/men/29.jpg,https://randomuser.me/api/portraits/med/men/29.jpg,https://randomuser.me/api/portraits/thumb/men/29.jpg,US
female,Miss,Rose,Fox,2264,Valwood Pkwy,Richmond,West Virginia,United States,95885,-4.3882,102.5434,-10:00,Hawaii,rose.fox@example.com,1960-09-28T10:02:31.074Z,61,2009-01-24T06:08:28.642Z,12,(828)-483-7248,(324)-037-8721,SSN,143-55-3648,https://randomuser.me/api/portraits/women/48.jpg,https://randomuser.me/api/portraits/med/women/48.jpg,https://randomuser.me/api/portraits/thumb/women/48.jpg,US
female,Mrs,Joann,Parker,1734,Mockingbird Hill,Pasadena,Ohio,United States,73229,24.4731,-30.7335,-10:00,Hawaii,joann.parker@example.com,1956-09-24T03:37:47.935Z,65,2014-03-16T12:02:08.244Z,7,(222)-563-3781,(040)-515-7245,SSN,796-38-4779,https://randomuser.me/api/portraits/women/91.jpg,https://randomuser.me/api/portraits/med/women/91.jpg,https://randomuser.me/api/portraits/thumb/women/91.jpg,US
male,Mr,Dylan,Jacobs,536,Sunset St,Cleveland,Georgia,United States,73805,31.2097,26.5622,+4:30,Kabul,dylan.jacobs@example.com,1984-04-14T13:22:34.749Z,37,2009-12-10T12:01:25.169Z,12,(564)-616-1256,(416)-332-2925,SSN,281-84-6081,https://randomuser.me/api/portraits/men/61.jpg,https://randomuser.me/api/portraits/med/men/61.jpg,https://randomuser.me/api/portraits/thumb/men/61.jpg,US
female,Mrs,Roberta,Watkins,6747,Daisy Dr,Tallahassee,Tennessee,United States,45413,28.7360,-166.7190,-8:00,Pacific Time (US & Canada),roberta.watkins@example.com,1957-10-24T07:55:10.463Z,64,2002-04-20T06:53:27.240Z,19,(290)-934-8611,(635)-679-5911,SSN,806-05-8577,https://randomuser.me/api/portraits/women/92.jpg,https://randomuser.me/api/portraits/med/women/92.jpg,https://randomuser.me/api/portraits/thumb/women/92.jpg,US
male,Mr,Seth,Ford,2371,Cherry St,Gainesville,New Mexico,United States,72371,-57.1795,46.3122,-7:00,Mountain Time (US & Canada),seth.ford@example.com,1953-08-20T08:44:19.632Z,68,2009-07-22T22:46:18.812Z,12,(150)-574-0259,(344)-308-2992,SSN,877-78-4220,https://randomuser.me/api/portraits/men/70.jpg,https://randomuser.me/api/portraits/med/men/70.jpg,https://randomuser.me/api/portraits/thumb/men/70.jpg,US
female,Ms,Vanessa,King,4448,Edwards Rd,Hialeah,Kansas,United States,36225,64.2336,82.2683,-7:00,Mountain Time (US & Canada),vanessa.king@example.com,1951-05-25T19:05:45.794Z,70,2007-07-25T02:52:33.299Z,14,(539)-997-6947,(550)-171-3464,SSN,668-10-0382,https://randomuser.me/api/portraits/women/57.jpg,https://randomuser.me/api/portraits/med/women/57.jpg,https://randomuser.me/api/portraits/thumb/women/57.jpg,US
female,Ms,Chloe,Bennett,8092,Lovers Ln,Plano,Wyoming,United States,32134,-75.9331,101.8625,-2:00,Mid-Atlantic,chloe.bennett@example.com,1955-08-21T21:01:35.076Z,66,2010-06-12T05:37:12.546Z,11,(400)-977-5340,(196)-067-9101,SSN,377-10-6471,https://randomuser.me/api/portraits/women/63.jpg,https://randomuser.me/api/portraits/med/women/63.jpg,https://randomuser.me/api/portraits/thumb/women/63.jpg,US
female,Miss,Hazel,Gutierrez,1416,Forest Ln,Aurora,Oklahoma,United States,74652,41.5110,-135.2458,-7:00,Mountain Time (US & Canada),hazel.gutierrez@example.com,1976-04-22T03:10:54.212Z,45,2018-09-19T16:37:11.884Z,3,(396)-268-2144,(423)-546-5777,SSN,724-12-0647,https://randomuser.me/api/portraits/women/19.jpg,https://randomuser.me/api/portraits/med/women/19.jpg,https://randomuser.me/api/portraits/thumb/women/19.jpg,US
