gender,name.title,name.first,name.last,location.street.number,location.street.name,location.city,location.state,location.country,location.postcode,location.coordinates.latitude,location.coordinates.longitude,location.timezone.offset,location.timezone.description,email,dob.date,dob.age,registered.date,registered.age,phone,cell,id.name,id.value,picture.large,picture.medium,picture.thumbnail,nat
male,Mr,Eddie,Barrett,7047,Locust Rd,Columbus,Missouri,United States,95910,10.2742,170.0664,-9:00,Alaska,eddie.barrett@example.com,1994-04-05T07:50:44.417Z,27,2002-12-09T10:25:10.305Z,19,(157)-049-2904,(806)-972-9824,SSN,305-77-4763,https://randomuser.me/api/portraits/men/71.jpg,https://randomuser.me/api/portraits/med/men/71.jpg,https://randomuser.me/api/portraits/thumb/men/71.jpg,US
female,Ms,Madison,Hansen,6515,Pecan Acres Ln,Columbus,Delaware,United States,84685,-35.8924,-35.8069,-7:00,Mountain Time (US & Canada),madison.hansen@example.com,1989-07-29T21:22:29.089Z,32,2014-09-26T15:11:36.159Z,7,(057)-114-7139,(672)-767-2283,SSN,349-73-8778,https://randomuser.me/api/portraits/women/87.jpg,https://randomuser.me/api/portraits/med/women/87.jpg,https://randomuser.me/api/portraits/thumb/women/87.jpg,US
male,Mr,Frank,Knight,7109,Valwood Pkwy,Rialto,Iowa,United States,26123,-82.5947,78.0079,+5:45,Kathmandu,frank.knight@example.com,1994-07-13T05:35:33.276Z,27,2006-02-19T09:25:48.278Z,15,(561)-257-1806,(676)-496-1197,SSN,071-31-8556,https://randomuser.me/api/portraits/men/16.jpg,https://randomuser.me/api/portraits/med/men/16.jpg,https://randomuser.me/api/portraits/thumb/men/16.jpg,US
female,Ms,Audrey,Johnston,3737,W Pecan St,Virginia Beach,Nebraska,United States,96050,72.3283,35.8878,-2:00,Mid-Atlantic,audrey.johnston@example.com,1991-10-16T13:26:08.942Z,30,2005-01-01T21:27:50.601Z,16,(953)-033-2700,(487)-754-2237,SSN,291-58-5638,https://randomuser.me/api/portraits/women/39.jpg,https://randomuser.me/api/portraits/med/women/39.jpg,https://randomuser.me/api/portraits/thumb/women/39.jpg,US
female,Miss,Heidi,Riley,6424,Plum St,Moscow,Texas,United States,69727,86.7464,79.0811,-3:30,Newfoundland,heidi.riley@example.com,1994-04-07T16:05:29.436Z,27,2008-03-09T21:40:03.060Z,13,(042)-765-8854,(803)-832-3651,SSN,080-74-1860,https://randomuser.me/api/portraits/women/7.jpg,https://randomuser.me/api/portraits/med/women/7.jpg,https://randomuser.me/api/portraits/thumb/women/7.jpg,US
male,Mr,Matthew,Cole,2128,Samaritan Dr,Fullerton,California,United States,99507,15.7812,103.1261,+4:30,Kabul,matthew.cole@example.com,1978-03-26T08:00:10.218Z,43,2017-12-05T06:21:15.219Z,4,(026)-887-3745,(815)-241-5472,SSN,363-07-5709,https://randomuser.me/api/portraits/men/57.jpg,https://randomuser.me/api/portraits/med/men/57.jpg,https://randomuser.me/api/portraits/thumb/men/57.jpg,US
female,Ms,Tanya,Jenkins,300,Stevens Creek Blvd,Frederick,Iowa,United States,22914,15.8074,124.9709,+5:45,Kathmandu,tanya.jenkins@example.com,1971-01-16T20:34:36.050Z,50,2017-05-25T19:00:52.416Z,4,(957)-695-3470,(597)-993-7617,SSN,647-44-1749,https://randomuser.me/api/portraits/women/18.jpg,https://randomuser.me/api/portraits/med/women/18.jpg,https://randomuser.me/api/portraits/thumb/women/18.jpg,US
female,Ms,Carole,Marshall,7713,Oak Ridge Ln,Frederick,North Carolina,United States,87633,-79.0493,-169.4572,-3:30,Newfoundland,carole.marshall@example.com,1957-07-24T06:20:27.858Z,64,2002-12-01T08:24:24.000Z,19,(568)-587-5376,(768)-124-2594,SSN,842-19-8886,https://randomuser.me/api/portraits/women/96.jpg,https://randomuser.me/api/portraits/med/women/96.jpg,https://randomuser.me/api/portraits/thumb/women/96.jpg,US
female,Miss,Dana,Scott,21,Fairview St,El Cajon,South Dakota,United States,27503,27.6204,69.1208,-2:00,Mid-Atlantic,dana.scott@example.com,1996-10-12T08:41:54.086Z,25,2009-05-14T21:42:43.565Z,12,(509)-007-2361,(767)-970-5121,SSN,393-05-7564,https://randomuser.me/api/portraits/women/56.jpg,https://randomuser.me/api/portraits/med/women/56.jpg,https://randomuser.me/api/portraits/thumb/women/56.jpg,US
female,Mrs,Clara,Sullivan,8018,Groveland Terrace,San Mateo,California,United States,13754,44.6093,-16.5377,+3:30,Tehran,clara.sullivan@example.com,1987-03-07T23:24:08.728Z,34,2007-11-01T01:15:08.658Z,14,(872)-951-1566,(190)-785-3116,SSN,883-33-1251,https://randomuser.me/api/portraits/women/65.jpg,https://randomuser.me/api/portraits/med/women/65.jpg,https://randomuser.me/api/portraits/thumb/women/65.jpg,US
male,Mr,Ben,Williams,3221,Locust Rd,Minneapolis,Ohio,United States,29443,-64.8322,77.2696,-3:30,Newfoundland,ben.williams@example.com,1985-01-14T04:51:32.058Z,36,2008-10-30T03:46:04.877Z,13,(671)-891-0867,(788)-076-5073,SSN,700-47-6330,https://randomuser.me/api/portraits/men/2.jpg,https://randomuser.me/api/portraits/med/men/2.jpg,https://randomuser.me/api/portraits/thumb/men/2.jpg,US
male,Mr,Steven,Cox,1867,W Campbell Ave,Ennis,South Carolina,United States,17686,15.2978,129.0220,+3:30,Tehran,steven.cox@example.com,1971-06-25T02:02:32.980Z,50,2008-02-10T03:32:34.897Z,13,(532)-216-8036,(391)-800-4446,SSN,803-29-7999,https://randomuser.me/api/portraits/men/27.jpg,https://randomuser.me/api/portraits/med/men/27.jpg,https://randomuser.me/api/portraits/thumb/men/27.jpg,US
male,Mr,Kyle,Richardson,7530,Hunters Creek Dr,Grand Rapids,Connecticut,United States,91072,-31.5275,-21.8081,-3:30,Newfoundland,kyle.richardson@example.com,1959-10-29T04:46:49.226Z,62,2015-10-22T13:37:49.696Z,6,(742)-726-7118,(180)-944-7218,SSN,910-56-6831,https://randomuser.me/api/portraits/men/46.jpg,https://randomuser.me/api/portraits/med/men/46.jpg,https://randomuser.me/api/portraits/thumb/men/46.jpg,US
male,Mr,Antonio,Elliott,5923,Poplar Dr,San Antonio,Michigan,United States,73227,17.4262,118.6370,+5:45,Kathmandu,antonio.elliott@example.com,1963-03-07T08:36:07.099Z,58,2003-02-09T15:54:04.774Z,18,(942)-584-2874,(564)-078-6025,SSN,130-81-3989,https://randomuser.me/api/portraits/men/5.jpg,https://randomuser.me/api/portraits/med/men/5.jpg,https://randomuser.me/api/portraits/thumb/men/5.jpg,US
male,Mr,Howard,Wilson,9215,Oak Lawn Ave,Miami Gardens,New Jersey,United States,39064,-87.3505,44.3468,-9:00,Alaska,howard.wilson@example.com,1979-11-09T22:27:38.467Z,42,2007-10-19T05:58:51.160Z,14,(725)-996-6153,(116)-881-4825,SSN,967-30-2387,https://randomuser.me/api/portraits/men/92.jpg,https://randomuser.me/api/portraits/med/men/92.jpg,https://randomuser.me/api/portraits/thumb/men/92.jpg,US
male,Mr,Daryl,Morrison,6582,Harrison Ct,Irving,New Mexico,United States,12104,83.1236,85.5262,+3:30,Tehran,daryl.morrison@example.com,1958-06-05T13:14:23.606Z,63,2012-06-24T23:35:09.590Z,9,(933)-087-2853,(589)-199-3467,SSN,271-30-5826,https://randomuser.me/api/portraits/men/6.jpg,https://randomuser.me/api/portraits/med/men/6.jpg,https://randomuser.me/api/portraits/thumb/men/6.jpg,US
female,Ms,Deanna,Peters,9257,Bruce St,Farmers Branch,Indiana,United States,40524,59.2431,40.7942,+5:45,Kathmandu,deanna.peters@example.com,1977-07-02T04:49:41.022Z,44,2009-10-06T05:31:27.746Z,12,(260)-443-1032,(307)-279-5524,SSN,292-06-3619,https://randomuser.me/api/portraits/women/1.jpg,https://randomuser.me/api/portraits/med/women/1.jpg,https://randomuser.me/api/portraits/thumb/women/1.jpg,US
male,Mr,Dan,Morrison,7438,Paddock Way,Scurry,New Jersey,United States,45304,17.5441,-3.7923,+3:30,Tehran,dan.morrison@example.com,1964-10-03T00:01:20.355Z,57,2018-02-09T16:49:34.492Z,3,(743)-807-2591,(191)-251-0068,SSN,092-87-3929,https://randomuser.me/api/portraits/men/33.jpg,https://randomuser.me/api/portraits/med/men/33.jpg,https://randomuser.me/api/portraits/thumb/men/33.jpg,US
female,Mrs,Florence,Rhodes,9160,Ranchview Dr,Pasadena,North Carolina,United States,16401,21.2361,110.7063,-7:00,Mountain Time (US & Canada),florence.rhodes@example.com,1974-11-22T15:17:12.721Z,47,2013-10-18T12:30:49.556Z,8,(790)-819-2649,(752)-325-9868,SSN,069-19-2516,https://randomuser.me/api/portraits/women/27.jpg,https://randomuser.me/api/portraits/med/women/27.jpg,https://randomuser.me/api/portraits/thumb/women/27.jpg,US
female,Mrs,Rachel,Fields,5528,Mcclellan Rd,Ironville,Colorado,United States,36357,-49.4686,-69.8604,-3:30,Newfoundland,rachel.fields@example.com,1975-01-11T01:15:02.852Z,46,2010-05-07T12:11:38.116Z,11,(464)-213-0802,(432)-287-2367,SSN,609-84-5443,https://randomuser.me/api/portraits/women/18.jpg,https://randomuser.me/api/portraits/med/women/18.jpg,https://randomuser.me/api/portraits/thumb/women/18.jpg,US
