gender,name.title,name.first,name.last,location.street.number,location.street.name,location.city,location.state,location.country,location.postcode,location.coordinates.latitude,location.coordinates.longitude,location.timezone.offset,location.timezone.description,email,dob.date,dob.age,registered.date,registered.age,phone,cell,id.name,id.value,picture.large,picture.medium,picture.thumbnail,nat
female,Mrs,Marsha,White,2755,Thornridge Cir,Broken Arrow,New Jersey,United States,50794,55.4726,6.6749,+3:30,Tehran,marsha.white@example.com,1987-04-05T01:55:03.261Z,34,2004-02-22T09:02:47.059Z,17,(326)-712-6371,(996)-771-6809,SSN,202-97-5030,https://randomuser.me/api/portraits/women/53.jpg,https://randomuser.me/api/portraits/med/women/53.jpg,https://randomuser.me/api/portraits/thumb/women/53.jpg,US
male,Mr,Travis,Day,6685,Spring St,Everett,Maryland,United States,24408,51.8176,-173.6973,-9:00,Alaska,travis.day@example.com,1946-12-22T07:55:11.500Z,75,2006-02-25T11:18:37.687Z,15,(680)-393-7329,(317)-247-3203,SSN,213-47-0905,https://randomuser.me/api/portraits/men/15.jpg,https://randomuser.me/api/portraits/med/men/15.jpg,https://randomuser.me/api/portraits/thumb/men/15.jpg,US
female,Mrs,June,James,7433,Hogan St,West Palm Beach,Ohio,United States,34103,-5.1746,-174.3241,+4:30,Kabul,june.james@example.com,1951-03-07T04:00:27.819Z,70,2014-03-07T06:25:28.991Z,7,(931)-696-6542,(940)-670-7277,SSN,691-37-9439,https://randomuser.me/api/portraits/women/8.jpg,https://randomuser.me/api/portraits/med/women/8.jpg,https://randomuser.me/api/portraits/thumb/women/8.jpg,US
male,Mr,Christian,Jackson,7882,Poplar Dr,Toledo,Utah,United States,47455,32.9235,-149.1804,-10:00,Hawaii,christian.jackson@example.com,1976-03-07T16:28:44.692Z,45,2007-09-08T12:31:28.399Z,14,(623)-744-4935,(691)-482-9123,SSN,579-63-6870,https://randomuser.me/api/portraits/men/11.jpg,https://randomuser.me/api/portraits/med/men/11.jpg,https://randomuser.me/api/portraits/thumb/men/11.jpg,US
male,Mr,Don,Hernandez,3773,Homestead Rd,Oxnard,New Hampshire,United States,45949,-40.1893,-77.7600,+3:30,Tehran,don.hernandez@example.com,1962-10-15T07:34:12.041Z,59,2019-08-19T16:46:11.089Z,2,(058)-032-4071,(515)-904-0096,SSN,293-03-6773,https://randomuser.me/api/portraits/men/79.jpg,https://randomuser.me/api/portraits/med/men/79.jpg,https://randomuser.me/api/portraits/thumb/men/79.jpg,US
female,Ms,Kim,Robinson,325,Country Club Rd,Lexington,North Carolina,United States,66488,42.0794,-106.9376,-2:00,Mid-Atlantic,kim.robinson@example.com,1985-10-31T22:47:03.357Z,36,2010-04-09T08:15:19.151Z,11,(979)-733-8477,(241)-224-9498,SSN,389-10-0608,https://randomuser.me/api/portraits/women/69.jpg,https://randomuser.me/api/portraits/med/women/69.jpg,https://randomuser.me/api/portraits/thumb/women/69.jpg,US
male,Mr,Walter,Moore,3505,Fairview St,Saginaw,Kentucky,United States,75832,-2.2833,-63.3156,-2:00,Mid-Atlantic,walter.moore@example.com,1975-09-27T19:59:15.852Z,46,2008-05-27T13:16:40.721Z,13,(424)-057-0766,(450)-388-0080,SSN,224-99-5411,https://randomuser.me/api/portraits/men/21.jpg,https://randomuser.me/api/portraits/med/men/21.jpg,https://randomuser.me/api/portraits/thumb/men/21.jpg,US
male,Mr,Willard,Reyes,6049,Rolling Green Rd,Huntington Beach,Washington,United States,19501,30.4534,-98.0669,-7:00,Mountain Time (US & Canada),willard.reyes@example.com,1949-07-04T07:22:47.465Z,72,2018-05-08T13:00:42.333Z,3,(228)-599-1300,(384)-043-4165,SSN,428-36-1189,https://randomuser.me/api/portraits/men/12.jpg,https://randomuser.me/api/portraits/med/men/12.jpg,https://randomuser.me/api/portraits/thumb/men/12.jpg,US
female,Miss,Laurie,Scott,7414,Bollinger Rd,Waco,Rhode Island,United States,27357,57.1155,145.8949,-8:00,Pacific Time (US & Canada),laurie.scott@example.com,1973-12-25T13:42:08.031Z,48,2002-12-04T02:53:47.418Z,19,(906)-548-5107,(240)-968-3145,SSN,843-45-2693,https://randomuser.me/api/portraits/women/3.jpg,https://randomuser.me/api/portraits/med/women/3.jpg,https://randomuser.me/api/portraits/thumb/women/3.jpg,US
male,Mr,Jorge,Austin,1927,Timber Wolf Trail,Syracuse,Washington,United States,93492,46.9503,-29.4323,+3:30,Tehran,jorge.austin@example.com,1982-05-23T02:22:33.825Z,39,2009-04-21T11:51:55.911Z,12,(316)-427-9925,(023)-593-3043,SSN,772-92-9533,https://randomuser.me/api/portraits/men/85.jpg,https://randomuser.me/api/portraits/med/men/85.jpg,https://randomuser.me/api/portraits/thumb/men/85.jpg,US
female,Miss,Kylie,Carpenter,4026,Sunset St,Corpus Christi,Florida,United States,68805,-17.7999,-99.2010,-2:00,Mid-Atlantic,kylie.carpenter@example.com,1979-11-21T04:28:07.761Z,42,2006-09-18T02:32:24.076Z,15,(347)-314-8354,(008)-573-9769,SSN,386-16-0965,https://randomuser.me/api/portraits/women/31.jpg,https://randomuser.me/api/portraits/med/women/31.jpg,https://randomuser.me/api/portraits/thumb/women/31.jpg,US
male,Mr,Francisco,Hawkins,6447,W Dallas St,Downey,Missouri,United States,93471,-49.0276,28.6098,-10:00,Hawaii,francisco.hawkins@example.com,1967-07-26T10:29:36.378Z,54,2013-07-25T03:57:08.356Z,8,(575)-351-6361,(088)-510-7448,SSN,250-17-1733,https://randomuser.me/api/portraits/men/72.jpg,https://randomuser.me/api/portraits/med/men/72.jpg,https://randomuser.me/api/portraits/thumb/men/72.jpg,US
male,Mr,Eugene,Carter,8278,Thornridge Cir,Bernalillo,Colorado,United States,70914,48.0993,16.8863,+3:30,Tehran,eugene.carter@example.com,1974-08-16T10:24:22.379Z,47,2009-04-01T16:07:37.437Z,12,(317)-389-8621,(081)-121-4797,SSN,664-37-6713,https://randomuser.me/api/portraits/men/72.jpg,https://randomuser.me/api/portraits/med/men/72.jpg,https://randomuser.me/api/portraits/thumb/men/72.jpg,US
male,Mr,Norman,Black,248,Thornridge Cir,Woodbridge,Mississippi,United States,96722,-31.3996,111.4873,-7:00,Mountain Time (US & Canada),norman.black@example.com,1947-08-27T23:07:33.620Z,74,2017-04-25T02:10:52.436Z,4,(133)-259-6833,(385)-679-1562,SSN,993-65-5514,https://randomuser.me/api/portraits/men/40.jpg,https://randomuser.me/api/portraits/med/men/40.jpg,https://randomuser.me/api/portraits/thumb/men/40.jpg,US
male,Mr,Clinton,Rice,6780,Spring St,Beaumont,Idaho,United States,46523,-50.0478,30.1491,-9:00,Alaska,clinton.rice@example.com,1988-12-12T19:15:13.581Z,33,2005-04-30T17:14:18.546Z,16,(185)-314-3634,(199)-864-5389,SSN,378-12-0068,https://randomuser.me/api/portraits/men/28.jpg,https://randomuser.me/api/portraits/med/men/28.jpg,https://randomuser.me/api/portraits/thumb/men/28.jpg,US
female,Miss,Lena,Dunn,2133,Photinia Ave,Charlotte,Oklahoma,United States,36076,-42.5432,-35.3848,+3:30,Tehran,lena.dunn@example.com,1984-03-28T12:40:25.403Z,37,2010-04-12T22:13:19.322Z,11,(101)-412-3123,(336)-096-8296,SSN,762-54-7892,https://randomuser.me/api/portraits/women/25.jpg,https://randomuser.me/api/portraits/med/women/25.jpg,https://randomuser.me/api/portraits/thumb/women/25.jpg,US
