gender,name.title,name.first,name.last,location.street.number,location.street.name,location.city,location.state,location.country,location.postcode,location.coordinates.latitude,location.coordinates.longitude,location.timezone.offset,location.timezone.description,email,dob.date,dob.age,registered.date,registered.age,phone,cell,id.name,id.value,picture.large,picture.medium,picture.thumbnail,nat
male,Mr,Ethan,Martinez,5650,W 6th St,Lowell,Colorado,United States,98641,66.6311,119.7982,+4:30,Kabul,ethan.martinez@example.com,1977-01-04T18:57:33.867Z,44,2005-10-08T10:36:16.816Z,16,(179)-842-0378,(952)-653-7943,SSN,774-30-1645,https://randomuser.me/api/portraits/men/24.jpg,https://randomuser.me/api/portraits/med/men/24.jpg,https://randomuser.me/api/portraits/thumb/men/24.jpg,US
female,Mrs,Ashley,Beck,6384,Dane St,Oceanside,Nebraska,United States,65923,-13.5993,29.2115,-7:00,Mountain Time (US & Canada),ashley.beck@example.com,1988-02-26T22:56:00.143Z,33,2009-04-29T08:40:53.528Z,12,(026)-051-6187,(858)-499-7196,SSN,931-45-3815,https://randomuser.me/api/portraits/women/70.jpg,https://randomuser.me/api/portraits/med/women/70.jpg,https://randomuser.me/api/portraits/thumb/women/70.jpg,US
male,Mr,Jared,Ward,3434,Blossom Hill Rd,Killeen,Maine,United States,79556,20.6682,156.1105,+4:30,Kabul,jared.ward@example.com,1977-06-02T16:22:14.230Z,44,2013-01-21T14:35:41.192Z,8,(092)-141-8917,(679)-533-6826,SSN,166-49-4791,https://randomuser.me/api/portraits/men/64.jpg,https://randomuser.me/api/portraits/med/men/64.jpg,https://randomuser.me/api/portraits/thumb/men/64.jpg,US
male,Mr,Gary,Taylor,8512,Dane St,Rockford,Louisiana,United States,36767,-85.3150,-0.9946,+3:30,Tehran,gary.taylor@example.com,1964-02-12T01:36:10.650Z,57,2017-08-19T09:32:48.911Z,4,(806)-941-5859,(561)-236-3673,SSN,348-40-2476,https://randomuser.me/api/portraits/men/56.jpg,https://randomuser.me/api/portraits/med/men/56.jpg,https://randomuser.me/api/portraits/thumb/men/56.jpg,US
male,Mr,Armando,Coleman,7971,Harrison Ct,Chattanooga,Oklahoma,United States,66765,-54.8673,115.6008,+4:30,Kabul,armando.coleman@example.com,1978-01-29T15:39:12.526Z,43,2014-08-10T14:37:36.639Z,7,(105)-617-2540,(432)-006-9538,SSN,776-78-0333,https://randomuser.me/api/portraits/men/78.jpg,https://randomuser.me/api/portraits/med/men/78.jpg,https://randomuser.me/api/portraits/thumb/men/78.jpg,US
male,Mr,Tyler,Alexander,1224,Karen Dr,Las Vegas,Nebraska,United States,61969,65.7237,-15.5105,-3:30,Newfoundland,tyler.alexander@example.com,1947-03-22T11:11:40.400Z,74,2002-04-04T16:41:14.051Z,19,(269)-577-7936,(242)-878-6213,SSN,847-12-7550,https://randomuser.me/api/portraits/men/72.jpg,https://randomuser.me/api/portraits/med/men/72.jpg,https://randomuser.me/api/portraits/thumb/men/72.jpg,US
male,Mr,Andrew,Ortiz,4787,James St,Huntington Beach,New Mexico,United States,68847,41.6413,147.0690,+3:30,Tehran,andrew.ortiz@example.com,1952-07-26T11:56:53.172Z,69,2005-10-24T07:08:55.025Z,16,(296)-697-9007,(869)-790-3912,SSN,381-44-5459,https://randomuser.me/api/portraits/men/45.jpg,https://randomuser.me/api/portraits/med/men/45.jpg,https://randomuser.me/api/portraits/thumb/men/45.jpg,US
male,Mr,Tyler,Marshall,337,Washington Ave,Frisco,Ohio,United States,91958,0.2380,15.6809,+5:45,Kathmandu,tyler.marshall@example.com,1984-11-08T15:09:49.117Z,37,2011-02-26T17:01:51.504Z,10,(835)-760-5242,(149)-265-0514,SSN,574-60-9492,https://randomuser.me/api/portraits/men/79.jpg,https://randomuser.me/api/portraits/med/men/79.jpg,https://randomuser.me/api/portraits/thumb/men/79.jpg,US
male,Mr,Bryan,Cox,7733,Cackson St,Van Alstyne,Utah,United States,12515,-75.3724,-53.0762,+5:45,Kathmandu,bryan.cox@example.com,1970-05-29T11:39:52.662Z,51,2011-03-25T23:23:21.541Z,10,(269)-950-4745,(177)-965-8933,SSN,816-45-6373,https://randomuser.me/api/portraits/men/24.jpg,https://randomuser.me/api/portraits/med/men/24.jpg,https://randomuser.me/api/portraits/thumb/men/24.jpg,US
