gender,name.title,name.first,name.last,location.street.number,location.street.name,location.city,location.state,location.country,location.postcode,location.coordinates.latitude,location.coordinates.longitude,location.timezone.offset,location.timezone.description,email,dob.date,dob.age,registered.date,registered.age,phone,cell,id.name,id.value,picture.large,picture.medium,picture.thumbnail,nat
male,Mr,Ernest,Hernandez,5920,Shady Ln Dr,Reno,Pennsylvania,United States,85256,-49.0486,-57.3687,+3:30,Tehran,ernest.hernandez@example.com,1963-10-02T06:22:55.621Z,58,2006-08-08T02:37:19.616Z,15,(464)-356-1057,(955)-427-2324,SSN,984-17-8608,https://randomuser.me/api/portraits/men/94.jpg,https://randomuser.me/api/portraits/med/men/94.jpg,https://randomuser.me/api/portraits/thumb/men/94.jpg,US
female,Mrs,Irene,Moore,9353,Pecan Acres Ln,Long Beach,Wyoming,United States,24326,-13.4247,15.9305,-10:00,Hawaii,irene.moore@example.com,1958-03-14T08:12:15.430Z,63,2002-06-11T09:01:24.031Z,19,(765)-689-2753,(887)-473-7284,SSN,717-99-9580,https://randomuser.me/api/portraits/women/10.jpg,https://randomuser.me/api/portraits/med/women/10.jpg,https://randomuser.me/api/portraits/thumb/women/10.jpg,US
female,Mrs,Paula,Lawrence,2909,Valwood Pkwy,Redding,Mississippi,United States,64708,-14.7622,-10.5800,+3:30,Tehran,paula.lawrence@example.com,1989-03-13T20:40:43.929Z,32,2006-03-19T02:01:15.257Z,15,(477)-018-4748,(208)-517-3628,SSN,962-93-4563,https://randomuser.me/api/portraits/women/89.jpg,https://randomuser.me/api/portraits/med/women/89.jpg,https://randomuser.me/api/portraits/thumb/women/89.jpg,US
female,Ms,Jill,Morris,1227,Locust Rd,Pasadena,Pennsylvania,United States,77467,-2.0403,120.6736,-9:00,Alaska,jill.morris@example.com,1990-06-29T21:37:04.361Z,31,2012-08-19T06:26:13.099Z,9,(252)-178-9684,(748)-000-0742,SSN,496-52-2887,https://randomuser.me/api/portraits/women/18.jpg,https://randomuser.me/api/portraits/med/women/18.jpg,https://randomuser.me/api/portraits/thumb/women/18.jpg,US
female,Ms,Kristin,Kelly,3906,W Sherman Dr,North Valley,Iowa,United States,34328,77.2323,166.2887,-7:00,Mountain Time (US & Canada),kristin.kelly@example.com,1987-05-10T11:03:23.281Z,34,2016-03-29T05:21:49.028Z,5,(809)-307-0485,(330)-050-2901,SSN,978-87-9211,https://randomuser.me/api/portraits/women/47.jpg,https://randomuser.me/api/portraits/med/women/47.jpg,https://randomuser.me/api/portraits/thumb/women/47.jpg,US
male,Mr,Harvey,Fuller,919,Lakeshore Rd,Atlanta,Oklahoma,United States,38674,51.1854,-148.6600,+5:45,Kathmandu,harvey.fuller@example.com,1987-08-20T20:08:14.223Z,34,2017-12-31T04:15:26.652Z,4,(881)-324-1551,(146)-128-4872,SSN,918-42-0066,https://randomuser.me/api/portraits/men/14.jpg,https://randomuser.me/api/portraits/med/men/14.jpg,https://randomuser.me/api/portraits/thumb/men/14.jpg,US
female,Ms,April,Miller,4971,W 6th St,Lancaster,Pennsylvania,United States,31075,84.9533,116.2352,-3:30,Newfoundland,april.miller@example.com,1977-10-18T04:11:20.090Z,44,2012-02-05T06:01:04.289Z,9,(343)-939-0102,(025)-816-8294,SSN,294-72-3499,https://randomuser.me/api/portraits/women/60.jpg,https://randomuser.me/api/portraits/med/women/60.jpg,https://randomuser.me/api/portraits/thumb/women/60.jpg,US
male,Mr,Adam,Mcdonalid,624,Edwards Rd,Norfolk,Louisiana,United States,25845,-42.0332,-84.2270,+3:30,Tehran,adam.mcdonalid@example.com,1981-06-05T18:22:30.735Z,40,2012-06-04T11:41:42.662Z,9,(247)-067-1398,(852)-600-1487,SSN,285-64-9119,https://randomuser.me/api/portraits/men/26.jpg,https://randomuser.me/api/portraits/med/men/26.jpg,https://randomuser.me/api/portraits/thumb/men/26.jpg,US
female,Miss,Nina,Wilson,940,W Pecan St,Escondido,Oklahoma,United States,43341,-11.7819,-90.9170,-10:00,Hawaii,nina.wilson@example.com,1961-05-03T18:07:32.278Z,60,2018-01-07T18:09:02.987Z,3,(936)-470-1517,(762)-942-0765,SSN,308-52-9005,https://randomuser.me/api/portraits/women/27.jpg,https://randomuser.me/api/portraits/med/women/27.jpg,https://randomuser.me/api/portraits/thumb/women/27.jpg,US
male,Mr,Edward,Alexander,8927,Lone Wolf Trail,Santa Clara,Georgia,United States,28269,36.7439,42.3309,-3:30,Newfoundland,edward.alexander@example.com,1967-08-05T15:58:07.649Z,54,2007-06-18T07:37:24.920Z,14,(894)-032-5193,(322)-854-2184,SSN,837-32-5376,https://randomuser.me/api/portraits/men/41.jpg,https://randomuser.me/api/portraits/med/men/41.jpg,https://randomuser.me/api/portraits/thumb/men/41.jpg,US
male,Mr,Raymond,Lynch,328,Samaritan Dr,Killeen,Minnesota,United States,56725,-13.8432,52.1385,-8:00,Pacific Time (US & Canada),raymond.lynch@example.com,1993-03-08T16:53:26.684Z,28,2009-06-10T08:00:18.451Z,12,(412)-408-2291,(913)-741-3063,SSN,286-03-1881,https://randomuser.me/api/portraits/men/89.jpg,https://randomuser.me/api/portraits/med/men/89.jpg,https://randomuser.me/api/portraits/thumb/men/89.jpg,US
male,Mr,Kirk,Rice,4546,First Street,Nashville,Alaska,United States,14164,44.9830,-103.9480,+4:30,Kabul,kirk.rice@example.com,1966-12-08T15:46:56.468Z,55,2009-07-31T22:45:45.057Z,12,(474)-630-0468,(514)-073-5917,SSN,885-92-6236,https://randomuser.me/api/portraits/men/67.jpg,https://randomuser.me/api/portraits/med/men/67.jpg,https://randomuser.me/api/portraits/thumb/men/67.jpg,US
female,Miss,Samantha,Jennings,9322,W 6th St,San Mateo,Massachusetts,United States,93594,-86.5284,-18.8976,+5:45,Kathmandu,samantha.jennings@example.com,1956-05-01T18:20:07.439Z,65,2009-11-21T17:22:19.132Z,12,(943)-931-5648,(591)-907-2190,SSN,421-32-7029,https://randomuser.me/api/portraits/women/24.jpg,https://randomuser.me/api/portraits/med/women/24.jpg,https://randomuser.me/api/portraits/thumb/women/24.jpg,US
female,Mrs,Robin,Perry,9194,Brown Terrace,Oklahoma City,Connecticut,United States,54261,29.8808,155.6712,-9:00,Alaska,robin.perry@example.com,1948-10-23T10:38:52.766Z,73,2006-01-04T09:31:54.251Z,15,(573)-501-3176,(435)-611-6340,SSN,952-25-7563,https://randomuser.me/api/portraits/women/26.jpg,https://randomuser.me/api/portraits/med/women/26.jpg,https://randomuser.me/api/portraits/thumb/women/26.jpg,US
female,Miss,Darlene,Sims,368,Spring St,Pomona,Connecticut,United States,49191,63.3904,-66.8872,-8:00,Pacific Time (US & Canada),darlene.sims@example.com,1993-01-05T06:26:14.553Z,28,2016-12-06T15:54:53.758Z,5,(444)-959-9219,(193)-775-3077,SSN,728-25-1916,https://randomuser.me/api/portraits/women/37.jpg,https://randomuser.me/api/portraits/med/women/37.jpg,https://randomuser.me/api/portraits/thumb/women/37.jpg,US
female,Mrs,Lois,Dixon,9209,Pecan Acres Ln,West Valley City,New Hampshire,United States,53711,23.5948,64.9677,+4:30,Kabul,lois.dixon@example.com,1971-01-20T08:44:17.695Z,50,2003-11-29T04:44:41.972Z,18,(156)-556-2605,(757)-081-6704,SSN,139-64-2522,https://randomuser.me/api/portraits/women/84.jpg,https://randomuser.me/api/portraits/med/women/84.jpg,https://randomuser.me/api/portraits/thumb/women/84.jpg,US
female,Mrs,Nevaeh,Ryan,4311,Timber Wolf Trail,Lewiston,Nebraska,United States,43093,69.4724,65.9740,-2:00,Mid-Atlantic,nevaeh.ryan@example.com,1962-08-20T21:12:22.515Z,59,2012-06-03T12:52:26.824Z,9,(904)-022-1832,(638)-774-0287,SSN,864-88-6091,https://randomuser.me/api/portraits/women/57.jpg,https://randomuser.me/api/portraits/med/women/57.jpg,https://randomuser.me/api/portraits/thumb/women/57.jpg,US
