gender,name.title,name.first,name.last,location.street.number,location.street.name,location.city,location.state,location.country,location.postcode,location.coordinates.latitude,location.coordinates.longitude,location.timezone.offset,location.timezone.description,email,dob.date,dob.age,registered.date,registered.age,phone,cell,id.name,id.value,picture.large,picture.medium,picture.thumbnail,nat
female,Miss,Kathy,Holmes,2148,James St,Memphis,Illinois,United States,16039,84.4057,0.3061,-10:00,Hawaii,kathy.holmes@example.com,1973-10-06T05:22:26.841Z,48,2012-02-07T08:32:56.163Z,9,(054)-025-7055,(854)-220-9766,SSN,276-29-0583,https://randomuser.me/api/portraits/women/36.jpg,https://randomuser.me/api/portraits/med/women/36.jpg,https://randomuser.me/api/portraits/thumb/women/36.jpg,US
female,Ms,Julie,Bryant,352,Karen Dr,Addison,Utah,United States,35609,-80.7210,31.0709,-9:00,Alaska,julie.bryant@example.com,1995-01-22T12:25:44.484Z,26,2002-12-05T10:43:13.185Z,19,(995)-834-0597,(530)-855-8706,SSN,810-95-9125,https://randomuser.me/api/portraits/women/4.jpg,https://randomuser.me/api/portraits/med/women/4.jpg,https://randomuser.me/api/portraits/thumb/women/4.jpg,US
male,Mr,Gene,Hudson,1882,Pecan Acres Ln,Gainesville,Washington,United States,49206,73.5337,-116.5413,+5:45,Kathmandu,gene.hudson@example.com,1973-09-21T22:52:57.699Z,48,2004-01-13T09:32:48.096Z,17,(441)-438-6605,(705)-132-3983,SSN,444-70-9625,https://randomuser.me/api/portraits/men/47.jpg,https://randomuser.me/api/portraits/med/men/47.jpg,https://randomuser.me/api/portraits/thumb/men/47.jpg,US
female,Mrs,Carmen,Alexander,394,Green Rd,Bueblo,Montana,United States,23285,-17.4163,158.2904,-7:00,Mountain Time (US & Canada),carmen.alexander@example.com,1976-10-15T08:38:19.877Z,45,2003-09-17T00:35:34.846Z,18,(565)-643-5499,(450)-202-3616,SSN,030-96-5313,https://randomuser.me/api/portraits/women/76.jpg,https://randomuser.me/api/portraits/med/women/76.jpg,https://randomuser.me/api/portraits/thumb/women/76.jpg,US
male,Mr,Frank,Richardson,7847,Shady Ln Dr,Evansville,Massachusetts,United States,44600,-62.6616,-178.3830,-7:00,Mountain Time (US & Canada),frank.richardson@example.com,1982-06-07T08:14:27.775Z,39,2005-11-26T08:42:17.279Z,16,(288)-089-1164,(202)-907-4020,SSN,826-14-9526,https://randomuser.me/api/portraits/men/76.jpg,https://randomuser.me/api/portraits/med/men/76.jpg,https://randomuser.me/api/portraits/thumb/men/76.jpg,US
female,Miss,Georgia,Williams,5699,Walnut Hill Ln,Lubbock,Georgia,United States,36114,-80.8602,-149.3853,-10:00,Hawaii,georgia.williams@example.com,1994-09-23T11:44:40.004Z,27,2006-11-03T21:17:15.790Z,15,(508)-412-3293,(973)-279-0816,SSN,687-26-1522,https://randomuser.me/api/portraits/women/92.jpg,https://randomuser.me/api/portraits/med/women/92.jpg,https://randomuser.me/api/portraits/thumb/women/92.jpg,US
male,Mr,Mathew,Byrd,4178,James St,Dumas,Nebraska,United States,33602,41.6291,-179.2197,+5:45,Kathmandu,mathew.byrd@example.com,1969-06-24T08:09:30.661Z,52,2014-04-07T18:06:37.340Z,7,(191)-625-1407,(421)-191-7466,SSN,768-14-6683,https://randomuser.me/api/portraits/men/98.jpg,https://randomuser.me/api/portraits/med/men/98.jpg,https://randomuser.me/api/portraits/thumb/men/98.jpg,US
female,Ms,Jeanette,Howell,1105,Railroad St,Jersey City,Florida,United States,29406,53.9086,-173.6429,-3:30,Newfoundland,jeanette.howell@example.com,1945-05-23T00:57:18.939Z,76,2019-01-15T11:45:07.386Z,2,(523)-864-1849,(265)-366-6671,SSN,059-40-6294,https://randomuser.me/api/portraits/women/24.jpg,https://randomuser.me/api/portraits/med/women/24.jpg,https://randomuser.me/api/portraits/thumb/women/24.jpg,US
male,Mr,Carlos,Nelson,8802,Central St,Vancouver,New York,United States,26883,5.6558,-77.2530,-9:00,Alaska,carlos.nelson@example.com,1992-01-30T12:45:56.019Z,29,2003-03-07T05:42:09.637Z,18,(026)-278-8177,(001)-507-1566,SSN,605-67-3250,https://randomuser.me/api/portraits/men/40.jpg,https://randomuser.me/api/portraits/med/men/40.jpg,https://randomuser.me/api/portraits/thumb/men/40.jpg,US
female,Ms,Kenzi,Reid,1546,Locust Rd,Fontana,Mississippi,United States,28294,-80.7070,-43.9492,-10:00,Hawaii,kenzi.reid@example.com,1976-05-24T12:08:24.690Z,45,2016-10-10T12:29:28.626Z,5,(026)-630-1603,(428)-347-8989,SSN,181-64-6250,https://randomuser.me/api/portraits/women/38.jpg,https://randomuser.me/api/portraits/med/women/38.jpg,https://randomuser.me/api/portraits/thumb/women/38.jpg,US
male,Mr,Christian,Campbell,3443,Railroad St,Kent,Texas,United States,82757,-31.3740,-90.0463,+5:45,Kathmandu,christian.campbell@example.com,1953-09-25T10:59:36.886Z,68,2014-11-08T10:59:30.874Z,7,(495)-110-1495,(192)-096-2911,SSN,408-98-8618,https://randomuser.me/api/portraits/men/95.jpg,https://randomuser.me/api/portraits/med/men/95.jpg,https://randomuser.me/api/portraits/thumb/men/95.jpg,US
female,Miss,Peyton,Prescott,6776,W Campbell Ave,West Palm Beach,Kentucky,United States,62554,37.3589,-150.6538,-2:00,Mid-Atlantic,peyton.prescott@example.com,1947-01-16T16:37:34.669Z,74,2019-06-24T10:50:12.106Z,2,(800)-673-6691,(126)-754-3322,SSN,386-44-1328,https://randomuser.me/api/portraits/women/68.jpg,https://randomuser.me/api/portraits/med/women/68.jpg,https://randomuser.me/api/portraits/thumb/women/68.jpg,US
male,Mr,Bill,Davidson,6937,Saddle Dr,Burbank,Michigan,United States,91658,22.0399,-125.2410,+3:30,Tehran,bill.davidson@example.com,1968-10-28T14:48:11.748Z,53,2011-06-18T21:41:15.503Z,10,(271)-018-3671,(270)-919-3444,SSN,768-34-5899,https://randomuser.me/api/portraits/men/58.jpg,https://randomuser.me/api/portraits/med/men/58.jpg,https://randomuser.me/api/portraits/thumb/men/58.jpg,US
male,Mr,Arnold,Roberts,207,W Campbell Ave,Richmond,Idaho,United States,62281,-82.5243,175.0231,+5:45,Kathmandu,arnold.roberts@example.com,1954-09-25T14:01:04.931Z,67,2002-07-07T18:52:27.030Z,19,(286)-231-9332,(475)-506-2614,SSN,407-99-6242,https://randomuser.me/api/portraits/men/24.jpg,https://randomuser.me/api/portraits/med/men/24.jpg,https://randomuser.me/api/portraits/thumb/men/24.jpg,US
female,Miss,Shannon,Obrien,557,Avondale Ave,Buffalo,Mississippi,United States,32696,65.0550,94.4448,-10:00,Hawaii,shannon.obrien@example.com,1972-12-19T05:06:19.122Z,49,2002-10-28T17:06:48.758Z,19,(132)-371-8838,(935)-787-4890,SSN,045-93-0236,https://randomuser.me/api/portraits/women/26.jpg,https://randomuser.me/api/portraits/med/women/26.jpg,https://randomuser.me/api/portraits/thumb/women/26.jpg,US
female,Mrs,Violet,Beck,7763,N Stelling Rd,Allen,Kansas,United States,60277,-67.3267,-108.3194,-3:30,Newfoundland,violet.beck@example.com,1991-06-06T03:02:55.254Z,30,2005-08-10T18:26:10.016Z,16,(337)-868-9417,(735)-814-2240,SSN,894-23-6965,https://randomuser.me/api/portraits/women/67.jpg,https://randomuser.me/api/portraits/med/women/67.jpg,https://randomuser.me/api/portraits/thumb/women/67.jpg,US
male,Mr,Chris,Schmidt,4819,Pockrus Page Rd,Richardson,Georgia,United States,72716,-61.4947,-20.1082,-3:30,Newfoundland,chris.schmidt@example.com,1982-06-17T08:53:39.996Z,39,2013-02-07T20:25:36.579Z,8,(653)-506-9948,(309)-171-6803,SSN,781-39-3296,https://randomuser.me/api/portraits/men/12.jpg,https://randomuser.me/api/portraits/med/men/12.jpg,https://randomuser.me/api/portraits/thumb/men/12.jpg,US
female,Miss,Brandy,Stanley,115,W Campbell Ave,Irvine,Virginia,United States,76667,24.8640,-137.8014,+3:30,Tehran,brandy.stanley@example.com,1961-10-27T09:14:07.444Z,60,2009-12-31T16:29:33.106Z,12,(797)-145-1418,(164)-351-5672,SSN,529-54-1550,https://randomuser.me/api/portraits/women/48.jpg,https://randomuser.me/api/portraits/med/women/48.jpg,https://randomuser.me/api/portraits/thumb/women/48.jpg,US
female,Mrs,Abigail,Davis,1152,Nowlin Rd,Waco,Pennsylvania,United States,71492,38.4381,-3.7998,+3:30,Tehran,abigail.davis@example.com,1973-01-04T08:54:01.532Z,48,2013-09-10T01:15:53.888Z,8,(764)-474-4713,(807)-242-7375,SSN,523-52-5499,https://randomuser.me/api/portraits/women/80.jpg,https://randomuser.me/api/portraits/med/women/80.jpg,https://randomuser.me/api/portraits/thumb/women/80.jpg,US
female,Mrs,Jessie,Davis,6297,Sunset St,Indianapolis,Maryland,United States,41913,-26.9826,161.7998,-8:00,Pacific Time (US & Canada),jessie.davis@example.com,1966-01-03T06:13:47.683Z,55,2003-01-12T10:38:37.691Z,18,(954)-313-7968,(755)-798-8466,SSN,420-96-3997,https://randomuser.me/api/portraits/women/31.jpg,https://randomuser.me/api/portraits/med/women/31.jpg,https://randomuser.me/api/portraits/thumb/women/31.jpg,US
