gender,name.title,name.first,name.last,location.street.number,location.street.name,location.city,location.state,location.country,location.postcode,location.coordinates.latitude,location.coordinates.longitude,location.timezone.offset,location.timezone.description,email,dob.date,dob.age,registered.date,registered.age,phone,cell,id.name,id.value,picture.large,picture.medium,picture.thumbnail,nat
male,Mr,Hunter,Rodriquez,4546,Crockett St,Bernalillo,Montana,United States,74572,61.6758,156.0342,-10:00,Hawaii,hunter.rodriquez@example.com,1951-04-25T17:43:55.560Z,70,2011-03-10T01:03:20.368Z,10,(926)-245-3452,(027)-181-4738,SSN,034-69-1234,https://randomuser.me/api/portraits/men/79.jpg,https://randomuser.me/api/portraits/med/men/79.jpg,https://randomuser.me/api/portraits/thumb/men/79.jpg,US
female,Mrs,Lesa,Jacobs,9618,First Street,Caldwell,Illinois,United States,85293,55.8777,161.3108,-2:00,Mid-Atlantic,lesa.jacobs@example.com,1949-06-14T02:53:07.574Z,72,2002-07-07T00:57:26.603Z,19,(001)-818-9626,(815)-421-1145,SSN,625-33-1163,https://randomuser.me/api/portraits/women/63.jpg,https://randomuser.me/api/portraits/med/women/63.jpg,https://randomuser.me/api/portraits/thumb/women/63.jpg,US
male,Mr,Carl,Wade,6253,Stevens Creek Blvd,Gilbert,Hawaii,United States,60613,-2.0288,-57.8480,+4:30,Kabul,carl.wade@example.com,1988-04-22T16:08:21.141Z,33,2004-11-15T16:31:48.610Z,17,(945)-899-0428,(247)-168-6799,SSN,988-74-2116,https://randomuser.me/api/portraits/men/79.jpg,https://randomuser.me/api/portraits/med/men/79.jpg,https://randomuser.me/api/portraits/thumb/men/79.jpg,US
male,Mr,Theodore,Campbell,2211,Miller Ave,Berkeley,Mississippi,United States,59029,49.2426,166.1178,-9:00,Alaska,theodore.campbell@example.com,1970-07-23T21:29:43.519Z,51,2014-09-22T12:23:13.106Z,7,(755)-836-8386,(244)-490-4973,SSN,677-07-6038,https://randomuser.me/api/portraits/men/15.jpg,https://randomuser.me/api/portraits/med/men/15.jpg,https://randomuser.me/api/portraits/thumb/men/15.jpg,US
female,Mrs,Christine,Fox,9054,Valwood Pkwy,Des Moines,Arkansas,United States,46405,-62.9496,-36.4183,-9:00,Alaska,christine.fox@example.com,1992-11-10T06:25:36.832Z,29,2013-06-05T01:10:17.660Z,8,(984)-271-3355,(956)-481-8981,SSN,560-13-9617,https://randomuser.me/api/portraits/women/36.jpg,https://randomuser.me/api/portraits/med/women/36.jpg,https://randomuser.me/api/portraits/thumb/women/36.jpg,US
female,Mrs,Renee,Ryan,6485,White Oak Dr,Pembroke Pines,Kansas,United States,31617,17.2460,172.1897,-7:00,Mountain Time (US & Canada),renee.ryan@example.com,1972-07-24T21:24:24.401Z,49,2013-04-11T22:21:20.839Z,8,(226)-328-1555,(623)-406-3792,SSN,479-23-9227,https://randomuser.me/api/portraits/women/11.jpg,https://randomuser.me/api/portraits/med/women/11.jpg,https://randomuser.me/api/portraits/thumb/women/11.jpg,US
male,Mr,Arthur,Wheeler,6765,W Campbell Ave,Carlsbad,Maine,United States,33981,22.4358,123.0544,-3:30,Newfoundland,arthur.wheeler@example.com,1958-03-22T18:43:40.303Z,63,2003-01-26T05:22:49.165Z,18,(033)-477-8427,(206)-599-0010,SSN,113-17-2824,https://randomuser.me/api/portraits/men/76.jpg,https://randomuser.me/api/portraits/med/men/76.jpg,https://randomuser.me/api/portraits/thumb/men/76.jpg,US
male,Mr,Dan,Fernandez,294,E Little York Rd,Hialeah,Colorado,United States,42814,-13.5077,56.0691,-2:00,Mid-Atlantic,dan.fernandez@example.com,1948-08-04T18:52:00.957Z,73,2003-01-09T03:09:10.569Z,18,(840)-814-5813,(002)-950-9657,SSN,080-67-0197,https://randomuser.me/api/portraits/men/42.jpg,https://randomuser.me/api/portraits/med/men/42.jpg,https://randomuser.me/api/portraits/thumb/men/42.jpg,US
female,Ms,Wanda,Brooks,4608,Railroad St,Garden Grove,Michigan,United States,68154,86.3598,-129.8233,+3:30,Tehran,wanda.brooks@example.com,1947-08-02T10:50:56.915Z,74,2002-10-04T03:17:23.939Z,19,(249)-328-3735,(787)-825-5594,SSN,809-00-1869,https://randomuser.me/api/portraits/women/77.jpg,https://randomuser.me/api/portraits/med/women/77.jpg,https://randomuser.me/api/portraits/thumb/women/77.jpg,US
male,Mr,Logan,Bates,1826,Harrison Ct,Modesto,Michigan,United States,97883,-68.6277,-46.7631,-3:30,Newfoundland,logan.bates@example.com,1992-03-23T07:34:35.635Z,29,2011-12-29T04:12:26.370Z,10,(221)-960-4409,(412)-496-4484,SSN,094-81-6469,https://randomuser.me/api/portraits/men/70.jpg,https://randomuser.me/api/portraits/med/men/70.jpg,https://randomuser.me/api/portraits/thumb/men/70.jpg,US
female,Mrs,Sylvia,Alvarez,5274,Green Rd,Seagoville,Nevada,United States,71633,-63.5095,118.2908,+3:30,Tehran,sylvia.alvarez@example.com,1997-02-07T10:51:18.212Z,24,2002-06-08T19:20:06.269Z,19,(685)-634-7507,(184)-441-9147,SSN,250-02-0357,https://randomuser.me/api/portraits/women/60.jpg,https://randomuser.me/api/portraits/med/women/60.jpg,https://randomuser.me/api/portraits/thumb/women/60.jpg,US
female,Ms,Jacqueline,Nichols,5148,Crockett St,Indianapolis,Oklahoma,United States,58511,-61.2908,26.3582,+4:30,Kabul,jacqueline.nichols@example.com,1978-02-17T03:08:46.433Z,43,2015-08-26T02:04:58.587Z,6,(856)-564-2601,(774)-849-7842,SSN,016-30-5566,https://randomuser.me/api/portraits/women/53.jpg,https://randomuser.me/api/portraits/med/women/53.jpg,https://randomuser.me/api/portraits/thumb/women/53.jpg,US
female,Miss,Marie,Pearson,8670,College St,Everett,Oklahoma,United States,23502,-44.8429,-162.5002,+5:45,Kathmandu,marie.pearson@example.com,1960-10-18T01:10:20.734Z,61,2008-06-15T22:59:49.175Z,13,(994)-045-2402,(862)-499-8977,SSN,289-31-1117,https://randomuser.me/api/portraits/women/4.jpg,https://randomuser.me/api/portraits/med/women/4.jpg,https://randomuser.me/api/portraits/thumb/women/4.jpg,US
female,Mrs,Genesis,Robertson,257,Prospect Rd,Honolulu,Oklahoma,United States,18026,-61.9059,-131.5494,+5:45,Kathmandu,genesis.robertson@example.com,1955-05-17T23:54:06.104Z,66,2017-12-29T04:26:02.107Z,4,(458)-337-3005,(251)-897-7776,SSN,005-70-3364,https://randomuser.me/api/portraits/women/8.jpg,https://randomuser.me/api/portraits/med/women/8.jpg,https://randomuser.me/api/portraits/thumb/women/8.jpg,US
male,Mr,Ryan,Woods,1886,Saddle Dr,Medford,California,United States,25310,66.6295,93.7070,-2:00,Mid-Atlantic,ryan.woods@example.com,1980-04-16T06:34:07.508Z,41,2004-06-05T09:15:51.707Z,17,(282)-965-5002,(734)-111-6309,SSN,640-86-0481,https://randomuser.me/api/portraits/men/89.jpg,https://randomuser.me/api/portraits/med/men/89.jpg,https://randomuser.me/api/portraits/thumb/men/89.jpg,US
female,Miss,Connie,Terry,4122,E Pecan St,Paterson,North Carolina,United States,38533,-56.8627,118.9785,-7:00,Mountain Time (US & Canada),connie.terry@example.com,1987-07-03T20:19:55.822Z,34,2004-02-23T05:00:19.070Z,17,(628)-017-2485,(955)-028-8114,SSN,734-22-4666,https://randomuser.me/api/portraits/women/25.jpg,https://randomuser.me/api/portraits/med/women/25.jpg,https://randomuser.me/api/portraits/thumb/women/25.jpg,US
male,Mr,Jeremy,Walters,5579,Nowlin Rd,Greeley,California,United States,55889,-20.7911,3.6501,-8:00,Pacific Time (US & Canada),jeremy.walters@example.com,1956-11-15T18:06:30.957Z,65,2011-04-28T21:40:15.385Z,10,(034)-564-8564,(144)-666-0585,SSN,223-42-3732,https://randomuser.me/api/portraits/men/52.jpg,https://randomuser.me/api/portraits/med/men/52.jpg,https://randomuser.me/api/portraits/thumb/men/52.jpg,US
male,Mr,Andy,Thomas,2948,Pecan Acres Ln,Little Rock,Utah,United States,32395,66.9095,-165.9088,+3:30,Tehran,andy.thomas@example.com,1980-08-08T21:59:48.178Z,41,2009-10-18T13:33:05.586Z,12,(129)-771-6473,(235)-510-7990,SSN,333-38-8496,https://randomuser.me/api/portraits/men/39.jpg,https://randomuser.me/api/portraits/med/men/39.jpg,https://randomuser.me/api/portraits/thumb/men/39.jpg,US
female,Miss,Layla,Perry,2374,Fairview St,Bakersfield,Oklahoma,United States,58031,-83.1651,-82.4313,-7:00,Mountain Time (US & Canada),layla.perry@example.com,1979-11-08T02:24:06.865Z,42,2017-05-20T08:01:12.274Z,4,(446)-494-9068,(253)-902-5620,SSN,883-95-3438,https://randomuser.me/api/portraits/women/30.jpg,https://randomuser.me/api/portraits/med/women/30.jpg,https://randomuser.me/api/portraits/thumb/women/30.jpg,US
female,Mrs,Nicole,Kennedy,1366,W Pecan St,Bozeman,Alabama,United States,42090,-35.2457,158.9153,+5:45,Kathmandu,nicole.kennedy@example.com,1957-10-05T21:10:06.476Z,64,2015-09-09T23:16:54.993Z,6,(717)-749-8264,(207)-372-6917,SSN,065-61-3336,https://randomuser.me/api/portraits/women/17.jpg,https://randomuser.me/api/portraits/med/women/17.jpg,https://randomuser.me/api/portraits/thumb/women/17.jpg,US
