gender,name.title,name.first,name.last,location.street.number,location.street.name,location.city,location.state,location.country,location.postcode,location.coordinates.latitude,location.coordinates.longitude,location.timezone.offset,location.timezone.description,email,dob.date,dob.age,registered.date,registered.age,phone,cell,id.name,id.value,picture.large,picture.medium,picture.thumbnail,nat
male,Mr,Alfredo,Peck,5484,Royal Ln,Santa Maria,Virginia,United States,52616,47.6014,29.9343,-9:00,Alaska,alfredo.peck@example.com,1972-07-16T09:14:26.513Z,49,2006-10-13T15:05:34.488Z,15,(308)-113-5231,(097)-098-7319,SSN,949-28-8581,https://randomuser.me/api/portraits/men/33.jpg,https://randomuser.me/api/portraits/med/men/33.jpg,https://randomuser.me/api/portraits/thumb/men/33.jpg,US
female,Mrs,Janet,Lawson,1012,Bruce St,Anna,Connecticut,United States,82234,-85.8714,102.1305,-9:00,Alaska,janet.lawson@example.com,1962-11-12T09:16:43.728Z,59,2014-11-30T23:12:51.298Z,7,(435)-051-1763,(879)-115-4555,SSN,441-90-4673,https://randomuser.me/api/portraits/women/68.jpg,https://randomuser.me/api/portraits/med/women/68.jpg,https://randomuser.me/api/portraits/thumb/women/68.jpg,US
male,Mr,Arnold,Cox,2704,N Stelling Rd,El Paso,Arizona,United States,23873,29.1558,-67.1575,-7:00,Mountain Time (US & Canada),arnold.cox@example.com,1947-09-27T10:22:05.024Z,74,2007-01-08T20:57:28.964Z,14,(903)-052-9375,(412)-120-6986,SSN,819-95-8108,https://randomuser.me/api/portraits/men/20.jpg,https://randomuser.me/api/portraits/med/men/20.jpg,https://randomuser.me/api/portraits/thumb/men/20.jpg,US
female,Miss,Madison,Mccoy,2405,Country Club Rd,Frederick,Nevada,United States,88456,-39.4081,5.0693,+4:30,Kabul,madison.mccoy@example.com,1996-07-30T06:06:53.840Z,25,2005-08-28T00:31:50.703Z,16,(396)-606-9547,(377)-572-3810,SSN,228-47-7947,https://randomuser.me/api/portraits/women/30.jpg,https://randomuser.me/api/portraits/med/women/30.jpg,https://randomuser.me/api/portraits/thumb/women/30.jpg,US
female,Ms,Grace,Stanley,3675,Smokey Ln,Bozeman,New Jersey,United States,87967,-58.8108,-54.8082,-3:30,Newfoundland,grace.stanley@example.com,1996-05-19T23:12:59.851Z,25,2018-12-15T20:59:55.412Z,3,(293)-977-2782,(294)-529-9634,SSN,412-00-9953,https://randomuser.me/api/portraits/women/78.jpg,https://randomuser.me/api/portraits/med/women/78.jpg,https://randomuser.me/api/portraits/thumb/women/78.jpg,US
male,Mr,Jimmy,Anderson,9728,Pockrus Page Rd,Fort Worth,Utah,United States,61999,-23.1032,4.6333,-7:00,Mountain Time (US & Canada),jimmy.anderson@example.com,1978-01-14T23:47:19.922Z,43,2008-02-15T01:27:49.045Z,13,(508)-671-7200,(374)-940-2590,SSN,549-42-5028,https://randomuser.me/api/portraits/men/12.jpg,https://randomuser.me/api/portraits/med/men/12.jpg,https://randomuser.me/api/portraits/thumb/men/12.jpg,US
male,Mr,Clarence,Carter,1284,Homestead Rd,Colorado Springs,West Virginia,United States,67658,40.0306,32.8953,-9:00,Alaska,clarence.carter@example.com,1992-05-19T17:32:29.734Z,29,2012-12-30T05:34:11.154Z,9,(763)-632-6318,(049)-625-8162,SSN,478-33-0966,https://randomuser.me/api/portraits/men/30.jpg,https://randomuser.me/api/portraits/med/men/30.jpg,https://randomuser.me/api/portraits/thumb/men/30.jpg,US
female,Miss,Alexis,Anderson,9041,Valley View Ln,Stamford,Rhode Island,United States,34961,16.1507,163.6368,-8:00,Pacific Time (US & Canada),alexis.anderson@example.com,1997-07-18T04:11:00.493Z,24,2002-06-12T14:18:37.010Z,19,(985)-446-9968,(144)-149-7412,SSN,200-63-3114,https://randomuser.me/api/portraits/women/87.jpg,https://randomuser.me/api/portraits/med/women/87.jpg,https://randomuser.me/api/portraits/thumb/women/87.jpg,US
female,Ms,Lesa,Hunt,8826,E Little York Rd,Altoona,Indiana,United States,30300,64.6623,12.8427,-10:00,Hawaii,lesa.hunt@example.com,1995-10-14T05:19:11.846Z,26,2008-05-30T23:22:33.655Z,13,(189)-990-7926,(019)-591-5925,SSN,743-41-7036,https://randomuser.me/api/portraits/women/41.jpg,https://randomuser.me/api/portraits/med/women/41.jpg,https://randomuser.me/api/portraits/thumb/women/41.jpg,US
