gender,name.title,name.first,name.last,location.street.number,location.street.name,location.city,location.state,location.country,location.postcode,location.coordinates.latitude,location.coordinates.longitude,location.timezone.offset,location.timezone.description,email,dob.date,dob.age,registered.date,registered.age,phone,cell,id.name,id.value,picture.large,picture.medium,picture.thumbnail,nat
female,Ms,Joanne,Armstrong,147,Homestead Rd,Oxnard,Oklahoma,United States,76257,81.3829,-65.9117,-7:00,Mountain Time (US & Canada),joanne.armstrong@example.com,1950-09-25T21:40:50.046Z,71,2011-05-26T23:19:46.913Z,10,(799)-903-9711,(469)-881-6943,SSN,441-70-4460,https://randomuser.me/api/portraits/women/58.jpg,https://randomuser.me/api/portraits/med/women/58.jpg,https://randomuser.me/api/portraits/thumb/women/58.jpg,US
female,Miss,Stephanie,Harvey,2476,Plum St,South Bend,New Mexico,United States,10067,-69.7568,8.7161,-2:00,Mid-Atlantic,stephanie.harvey@example.com,1980-02-23T05:59:35.100Z,41,2005-03-08T20:03:09.193Z,16,(839)-660-4576,(713)-276-9147,SSN,110-38-1752,https://randomuser.me/api/portraits/women/13.jpg,https://randomuser.me/api/portraits/med/women/13.jpg,https://randomuser.me/api/portraits/thumb/women/13.jpg,US
female,Ms,Meghan,Flores,6722,Hogan St,Thornton,New Hampshire,United States,97051,-15.2034,124.7274,+5:45,Kathmandu,meghan.flores@example.com,1971-04-22T09:40:13.810Z,50,2005-01-22T22:25:51.502Z,16,(283)-631-4572,(664)-546-8029,SSN,070-60-1290,https://randomuser.me/api/portraits/women/75.jpg,https://randomuser.me/api/portraits/med/women/75.jpg,https://randomuser.me/api/portraits/thumb/women/75.jpg,US
female,Miss,Shannon,Castillo,3529,Lakeview St,Oxnard,Washington,United States,40191,83.2168,72.3994,+4:30,Kabul,shannon.castillo@example.com,1983-05-03T22:39:31.282Z,38,2002-10-19T01:11:23.631Z,19,(637)-590-8238,(661)-344-0064,SSN,103-30-5518,https://randomuser.me/api/portraits/women/84.jpg,https://randomuser.me/api/portraits/med/women/84.jpg,https://randomuser.me/api/portraits/thumb/women/84.jpg,US
male,Mr,Wallace,Chavez,8665,Hillcrest Rd,Hialeah,West Virginia,United States,11074,-42.3911,6.7753,+3:30,Tehran,wallace.chavez@example.com,1986-06-17T03:39:59.071Z,35,2014-11-26T13:25:05.008Z,7,(127)-732-4445,(114)-249-5983,SSN,949-81-0113,https://randomuser.me/api/portraits/men/55.jpg,https://randomuser.me/api/portraits/med/men/55.jpg,https://randomuser.me/api/portraits/thumb/men/55.jpg,US
female,Ms,Stacey,Washington,1221,Green Rd,Ennis,Florida,United States,86174,79.1014,23.1693,-8:00,Pacific Time (US & Canada),stacey.washington@example.com,1970-07-24T00:57:21.555Z,51,2003-04-07T15:21:33.249Z,18,(929)-734-2936,(431)-277-7767,SSN,470-76-6662,https://randomuser.me/api/portraits/women/35.jpg,https://randomuser.me/api/portraits/med/women/35.jpg,https://randomuser.me/api/portraits/thumb/women/35.jpg,US
male,Mr,Lloyd,Gilbert,7848,N Stelling Rd,Fort Wayne,Washington,United States,69932,-0.5724,37.0863,-3:30,Newfoundland,lloyd.gilbert@example.com,1988-10-24T02:53:00.860Z,33,2019-04-24T21:44:40.109Z,2,(406)-638-3755,(710)-989-4542,SSN,968-35-8869,https://randomuser.me/api/portraits/men/3.jpg,https://randomuser.me/api/portraits/med/men/3.jpg,https://randomuser.me/api/portraits/thumb/men/3.jpg,US
male,Mr,Lee,Bates,9743,Depaul Dr,Carlsbad,Nebraska,United States,51935,-69.3186,-86.7272,+4:30,Kabul,lee.bates@example.com,1977-11-29T14:50:45.401Z,44,2007-07-04T13:24:41.010Z,14,(100)-374-8634,(066)-710-6138,SSN,803-48-4378,https://randomuser.me/api/portraits/men/3.jpg,https://randomuser.me/api/portraits/med/men/3.jpg,https://randomuser.me/api/portraits/thumb/men/3.jpg,US
male,Mr,Steve,Bates,2707,W Dallas St,Flint,Missouri,United States,98252,-19.7578,168.1961,+4:30,Kabul,steve.bates@example.com,1986-01-04T11:42:58.174Z,35,2019-01-15T06:22:32.754Z,2,(218)-164-6849,(046)-455-2790,SSN,950-02-5627,https://randomuser.me/api/portraits/men/45.jpg,https://randomuser.me/api/portraits/med/men/45.jpg,https://randomuser.me/api/portraits/thumb/men/45.jpg,US
