gender,name.title,name.first,name.last,location.street.number,location.street.name,location.city,location.state,location.country,location.postcode,location.coordinates.latitude,location.coordinates.longitude,location.timezone.offset,location.timezone.description,email,dob.date,dob.age,registered.date,registered.age,phone,cell,id.name,id.value,picture.large,picture.medium,picture.thumbnail,nat
female,Ms,Mia,Dixon,2845,Homestead Rd,Huntington Beach,South Dakota,United States,52312,-62.4677,-68.6680,-7:00,Mountain Time (US & Canada),mia.dixon@example.com,1957-09-04T12:36:15.175Z,64,2017-03-08T00:57:23.458Z,4,(684)-358-9832,(968)-500-5196,SSN,411-64-0814,https://randomuser.me/api/portraits/women/51.jpg,https://randomuser.me/api/portraits/med/women/51.jpg,https://randomuser.me/api/portraits/thumb/women/51.jpg,US
female,Mrs,Penny,Hernandez,8456,N Stelling Rd,Seagoville,Michigan,United States,48307,-43.9111,-49.8017,-10:00,Hawaii,penny.hernandez@example.com,1976-01-29T12:46:44.832Z,45,2005-06-04T03:06:48.030Z,16,(170)-351-7354,(200)-027-4381,SSN,729-21-4113,https://randomuser.me/api/portraits/women/34.jpg,https://randomuser.me/api/portraits/med/women/34.jpg,https://randomuser.me/api/portraits/thumb/women/34.jpg,US
female,Mrs,Wendy,Sanchez,812,College St,Akron,Idaho,United States,40455,-51.9670,115.6812,-9:00,Alaska,wendy.sanchez@example.com,1971-11-06T06:57:46.193Z,50,2007-03-26T15:06:13.558Z,14,(605)-934-8951,(439)-900-1731,SSN,415-86-3358,https://randomuser.me/api/portraits/women/57.jpg,https://randomuser.me/api/portraits/med/women/57.jpg,https://randomuser.me/api/portraits/thumb/women/57.jpg,US
female,Ms,Tammy,Hoffman,5261,Hamilton Ave,Kent,Delaware,United States,59375,-36.9875,-22.3869,-3:30,Newfoundland,tammy.hoffman@example.com,1951-01-03T19:01:19.482Z,70,2016-07-14T10:02:29.509Z,5,(145)-158-4350,(981)-709-0375,SSN,150-67-3948,https://randomuser.me/api/portraits/women/53.jpg,https://randomuser.me/api/portraits/med/women/53.jpg,https://randomuser.me/api/portraits/thumb/women/53.jpg,US
female,Miss,Marcia,Martin,1963,Lone Wolf Trail,Santa Clara,Florida,United States,24218,-77.3094,87.9484,-7:00,Mountain Time (US & Canada),marcia.martin@example.com,1954-02-25T10:56:32.490Z,67,2016-06-13T15:59:48.926Z,5,(397)-263-9314,(200)-287-6224,SSN,697-67-7847,https://randomuser.me/api/portraits/women/0.jpg,https://randomuser.me/api/portraits/med/women/0.jpg,https://randomuser.me/api/portraits/thumb/women/0.jpg,US
male,Mr,Joe,Stone,7637,Elgin St,South Bend,Delaware,United States,71199,1.1062,121.8912,-8:00,Pacific Time (US & Canada),joe.stone@example.com,1975-10-06T16:52:59.854Z,46,2015-11-05T16:05:30.344Z,6,(629)-080-0580,(398)-331-6342,SSN,524-89-1931,https://randomuser.me/api/portraits/men/89.jpg,https://randomuser.me/api/portraits/med/men/89.jpg,https://randomuser.me/api/portraits/thumb/men/89.jpg,US
male,Mr,Lloyd,Taylor,3455,Mcclellan Rd,Colorado Springs,Colorado,United States,99144,64.3469,-19.4788,-3:30,Newfoundland,lloyd.taylor@example.com,1983-09-26T14:27:30.515Z,38,2006-11-21T01:08:27.263Z,15,(511)-861-1404,(600)-806-9980,SSN,985-35-9522,https://randomuser.me/api/portraits/men/27.jpg,https://randomuser.me/api/portraits/med/men/27.jpg,https://randomuser.me/api/portraits/thumb/men/27.jpg,US
female,Mrs,Kitty,Butler,1632,Dane St,Stanley,Delaware,United States,87321,66.4898,135.8277,+3:30,Tehran,kitty.butler@example.com,1971-11-01T22:04:37.837Z,50,2009-07-08T02:13:28.215Z,12,(320)-054-7651,(105)-882-3312,SSN,642-73-7108,https://randomuser.me/api/portraits/women/87.jpg,https://randomuser.me/api/portraits/med/women/87.jpg,https://randomuser.me/api/portraits/thumb/women/87.jpg,US
male,Mr,Earl,Richards,7043,Oak Ridge Ln,Newark,Alabama,United States,18288,81.4866,104.3701,+3:30,Tehran,earl.richards@example.com,1959-08-22T14:09:37.183Z,62,2010-12-25T18:10:48.159Z,11,(652)-658-1364,(231)-182-8146,SSN,353-76-5434,https://randomuser.me/api/portraits/men/47.jpg,https://randomuser.me/api/portraits/med/men/47.jpg,https://randomuser.me/api/portraits/thumb/men/47.jpg,US
female,Miss,Lisa,Tucker,2262,Lakeview St,Stanley,Nebraska,United States,76047,-3.3369,-176.2512,-9:00,Alaska,lisa.tucker@example.com,1973-11-03T00:25:34.039Z,48,2015-02-15T22:26:34.802Z,6,(284)-593-7670,(956)-279-2164,SSN,686-79-9576,https://randomuser.me/api/portraits/women/84.jpg,https://randomuser.me/api/portraits/med/women/84.jpg,https://randomuser.me/api/portraits/thumb/women/84.jpg,US
female,Ms,Louella,Harris,4032,W Campbell Ave,Erie,Florida,United States,47315,45.4398,36.6207,-10:00,Hawaii,louella.harris@example.com,1966-01-10T14:16:22.466Z,55,2009-02-01T03:37:37.704Z,12,(784)-267-8168,(268)-253-9643,SSN,126-10-5087,https://randomuser.me/api/portraits/women/63.jpg,https://randomuser.me/api/portraits/med/women/63.jpg,https://randomuser.me/api/portraits/thumb/women/63.jpg,US
female,Miss,Jacqueline,Harris,4838,Rolling Green Rd,Kansas City,Michigan,United States,99639,-36.4682,94.4034,-3:30,Newfoundland,jacqueline.harris@example.com,1998-08-16T03:23:42.448Z,23,2019-05-26T04:48:39.814Z,2,(657)-411-5610,(134)-762-5384,SSN,249-05-2297,https://randomuser.me/api/portraits/women/74.jpg,https://randomuser.me/api/portraits/med/women/74.jpg,https://randomuser.me/api/portraits/thumb/women/74.jpg,US
female,Mrs,Lucy,Pierce,9035,Miller Ave,Burkburnett,Virginia,United States,13303,1.4670,156.4391,-7:00,Mountain Time (US & Canada),lucy.pierce@example.com,1961-08-18T02:34:37.343Z,60,2018-08-21T08:08:38.772Z,3,(827)-298-4103,(785)-754-4073,SSN,574-07-2661,https://randomuser.me/api/portraits/women/51.jpg,https://randomuser.me/api/portraits/med/women/51.jpg,https://randomuser.me/api/portraits/thumb/women/51.jpg,US
male,Mr,Joseph,Hill,8063,Country Club Rd,Rochmond,Alaska,United States,62740,82.7806,-152.3009,-7:00,Mountain Time (US & Canada),joseph.hill@example.com,1953-07-24T08:26:26.388Z,68,2009-07-03T12:57:26.601Z,12,(411)-822-4022,(708)-192-4351,SSN,318-87-5546,https://randomuser.me/api/portraits/men/79.jpg,https://randomuser.me/api/portraits/med/men/79.jpg,https://randomuser.me/api/portraits/thumb/men/79.jpg,US
female,Ms,Evelyn,Wood,744,Mockingbird Hill,Thousand Oaks,New Hampshire,United States,53445,40.2257,-175.7969,-3:30,Newfoundland,evelyn.wood@example.com,1962-06-21T10:28:06.754Z,59,2002-07-21T16:10:20.997Z,19,(887)-496-3558,(656)-702-4040,SSN,740-80-2294,https://randomuser.me/api/portraits/women/95.jpg,https://randomuser.me/api/portraits/med/women/95.jpg,https://randomuser.me/api/portraits/thumb/women/95.jpg,US
female,Mrs,Ramona,Martinez,112,Nowlin Rd,Reno,Michigan,United States,98635,-8.8750,160.0114,-7:00,Mountain Time (US & Canada),ramona.martinez@example.com,1996-09-08T19:55:18.759Z,25,2002-04-30T15:05:42.080Z,19,(891)-928-1299,(954)-006-3904,SSN,866-36-2149,https://randomuser.me/api/portraits/women/57.jpg,https://randomuser.me/api/portraits/med/women/57.jpg,https://randomuser.me/api/portraits/thumb/women/57.jpg,US
