gender,name.title,name.first,name.last,location.street.number,location.street.name,location.city,location.state,location.country,location.postcode,location.coordinates.latitude,location.coordinates.longitude,location.timezone.offset,location.timezone.description,email,dob.date,dob.age,registered.date,registered.age,phone,cell,id.name,id.value,picture.large,picture.medium,picture.thumbnail,nat
male,Mr,Jason,King,3152,Fairview St,Richmond,New Mexico,United States,63677,80.3983,54.5732,-10:00,Hawaii,jason.king@example.com,1986-07-10T03:01:49.380Z,35,2012-01-15T11:24:19.501Z,9,(222)-706-9057,(321)-766-6796,SSN,104-43-8755,https://randomuser.me/api/portraits/men/42.jpg,https://randomuser.me/api/portraits/med/men/42.jpg,https://randomuser.me/api/portraits/thumb/men/42.jpg,US
male,Mr,Harvey,Rice,7378,Mcclellan Rd,Murrieta,Nevada,United States,85394,-24.9475,-138.5015,+3:30,Tehran,harvey.rice@example.com,1980-04-13T22:23:11.441Z,41,2007-09-21T10:32:44.963Z,14,(001)-874-0195,(711)-670-4239,SSN,961-21-9108,https://randomuser.me/api/portraits/men/54.jpg,https://randomuser.me/api/portraits/med/men/54.jpg,https://randomuser.me/api/portraits/thumb/men/54.jpg,US
male,Mr,Lance,Long,5990,W Pecan St,Gainesville,New Hampshire,United States,35978,-70.3641,-159.8488,-3:30,Newfoundland,lance.long@example.com,1947-05-17T23:57:13.157Z,74,2011-08-01T13:11:22.026Z,10,(449)-487-9783,(287)-541-4297,SSN,675-11-0706,https://randomuser.me/api/portraits/men/69.jpg,https://randomuser.me/api/portraits/med/men/69.jpg,https://randomuser.me/api/portraits/thumb/men/69.jpg,US
male,Mr,Tony,Andrews,2105,Dogwood Ave,Grand Prairie,Florida,United States,57378,55.1014,-1.6293,-2:00,Mid-Atlantic,tony.andrews@example.com,1980-11-23T14:10:03.145Z,41,2019-05-20T00:58:09.553Z,2,(041)-303-0451,(365)-911-8740,SSN,179-93-6830,https://randomuser.me/api/portraits/men/77.jpg,https://randomuser.me/api/portraits/med/men/77.jpg,https://randomuser.me/api/portraits/thumb/men/77.jpg,US
female,Mrs,Heather,Cunningham,6337,Forest Ln,Cambridge,Wyoming,United States,24580,55.0907,55.9364,+3:30,Tehran,heather.cunningham@example.com,1992-12-03T13:58:03.037Z,29,2002-08-05T08:30:07.603Z,19,(337)-704-5202,(832)-533-8706,SSN,664-70-3277,https://randomuser.me/api/portraits/women/5.jpg,https://randomuser.me/api/portraits/med/women/5.jpg,https://randomuser.me/api/portraits/thumb/women/5.jpg,US
male,Mr,Alan,Washington,6580,Walnut Hill Ln,Knoxville,Illinois,United States,65169,74.4110,-142.5722,-9:00,Alaska,alan.washington@example.com,1978-05-10T16:18:17.576Z,43,2009-02-02T22:04:55.544Z,12,(389)-666-1681,(668)-264-1669,SSN,190-58-5930,https://randomuser.me/api/portraits/men/39.jpg,https://randomuser.me/api/portraits/med/men/39.jpg,https://randomuser.me/api/portraits/thumb/men/39.jpg,US
male,Mr,Luis,Wagner,7337,Royal Ln,Columbia,Alabama,United States,62958,-74.9359,141.0043,-9:00,Alaska,luis.wagner@example.com,1995-09-12T03:22:11.852Z,26,2004-10-05T04:16:00.542Z,17,(202)-817-6278,(372)-476-8318,SSN,079-06-5920,https://randomuser.me/api/portraits/men/43.jpg,https://randomuser.me/api/portraits/med/men/43.jpg,https://randomuser.me/api/portraits/thumb/men/43.jpg,US
female,Mrs,Cindy,Robinson,9123,Valwood Pkwy,Baton Rouge,Vermont,United States,36647,-15.3970,-58.3096,+3:30,Tehran,cindy.robinson@example.com,1991-05-07T09:46:48.763Z,30,2007-05-06T19:31:23.369Z,14,(679)-276-5925,(887)-106-1911,SSN,420-11-4792,https://randomuser.me/api/portraits/women/41.jpg,https://randomuser.me/api/portraits/med/women/41.jpg,https://randomuser.me/api/portraits/thumb/women/41.jpg,US
female,Ms,Maureen,Gardner,8257,Elgin St,Sterling Heights,Michigan,United States,83446,64.7960,112.9062,-3:30,Newfoundland,maureen.gardner@example.com,1948-10-21T16:02:20.564Z,73,2016-11-05T21:32:52.304Z,5,(351)-345-9446,(169)-776-7208,SSN,571-81-9242,https://randomuser.me/api/portraits/women/76.jpg,https://randomuser.me/api/portraits/med/women/76.jpg,https://randomuser.me/api/portraits/thumb/women/76.jpg,US
female,Mrs,Hilda,Hunt,240,Karen Dr,Corona,Nebraska,United States,87065,-79.2209,158.4390,-8:00,Pacific Time (US & Canada),hilda.hunt@example.com,1947-09-21T11:25:45.573Z,74,2014-06-16T14:40:58.555Z,7,(067)-700-1672,(556)-555-3907,SSN,899-62-3269,https://randomuser.me/api/portraits/women/89.jpg,https://randomuser.me/api/portraits/med/women/89.jpg,https://randomuser.me/api/portraits/thumb/women/89.jpg,US
female,Mrs,Regina,Rodriguez,5986,Hunters Creek Dr,Miami Gardens,Hawaii,United States,42432,-77.5840,4.7900,-8:00,Pacific Time (US & Canada),regina.rodriguez@example.com,1970-07-09T22:45:12.396Z,51,2014-11-10T17:59:42.822Z,7,(927)-119-4971,(662)-729-6211,SSN,984-36-7284,https://randomuser.me/api/portraits/women/13.jpg,https://randomuser.me/api/portraits/med/women/13.jpg,https://randomuser.me/api/portraits/thumb/women/13.jpg,US
female,Miss,Vickie,Hansen,3832,E Little York Rd,Dumas,Florida,United States,53581,-56.0702,-100.4639,+4:30,Kabul,vickie.hansen@example.com,1950-05-07T12:57:36.282Z,71,2013-10-17T06:16:07.553Z,8,(760)-576-2402,(471)-311-1892,SSN,420-49-7770,https://randomuser.me/api/portraits/women/29.jpg,https://randomuser.me/api/portraits/med/women/29.jpg,https://randomuser.me/api/portraits/thumb/women/29.jpg,US
female,Miss,Cherly,Holland,5967,W 6th St,Fresno,Virginia,United States,35978,-1.8131,53.3949,+4:30,Kabul,cherly.holland@example.com,1952-05-11T22:13:05.277Z,69,2003-12-11T12:54:56.541Z,18,(355)-309-1697,(803)-275-2189,SSN,474-37-2445,https://randomuser.me/api/portraits/women/67.jpg,https://randomuser.me/api/portraits/med/women/67.jpg,https://randomuser.me/api/portraits/thumb/women/67.jpg,US
male,Mr,Randy,Harris,2575,Hickory Creek Dr,Farmers Branch,Michigan,United States,58065,-54.7990,119.7477,-3:30,Newfoundland,randy.harris@example.com,1981-04-16T20:38:57.512Z,40,2018-03-07T22:40:33.936Z,3,(760)-615-6103,(765)-949-2349,SSN,089-46-7081,https://randomuser.me/api/portraits/men/19.jpg,https://randomuser.me/api/portraits/med/men/19.jpg,https://randomuser.me/api/portraits/thumb/men/19.jpg,US
female,Miss,Sofia,Price,5397,Locust Rd,Greensboro,Colorado,United States,51677,-12.8976,50.3401,-8:00,Pacific Time (US & Canada),sofia.price@example.com,1949-12-04T19:55:41.894Z,72,2003-03-09T17:39:29.711Z,18,(008)-298-8494,(899)-414-7471,SSN,803-77-6655,https://randomuser.me/api/portraits/women/59.jpg,https://randomuser.me/api/portraits/med/women/59.jpg,https://randomuser.me/api/portraits/thumb/women/59.jpg,US
female,Ms,Mattie,Barnes,8980,White Oak Dr,North Valley,Ohio,United States,53468,-60.9842,36.6682,-9:00,Alaska,mattie.barnes@example.com,1958-01-06T20:11:58.411Z,63,2011-05-06T20:45:18.354Z,10,(252)-777-2648,(713)-048-2017,SSN,564-25-3080,https://randomuser.me/api/portraits/women/85.jpg,https://randomuser.me/api/portraits/med/women/85.jpg,https://randomuser.me/api/portraits/thumb/women/85.jpg,US
male,Mr,Jesse,Peters,4710,Miller Ave,Akron,Oklahoma,United States,46717,-65.7895,148.1244,+3:30,Tehran,jesse.peters@example.com,1976-09-19T17:31:06.293Z,45,2007-07-26T17:06:03.004Z,14,(207)-456-2561,(107)-181-4787,SSN,069-65-7083,https://randomuser.me/api/portraits/men/32.jpg,https://randomuser.me/api/portraits/med/men/32.jpg,https://randomuser.me/api/portraits/thumb/men/32.jpg,US
female,Miss,Leslie,Jenkins,7285,James St,Peoria,Minnesota,United States,64406,-73.6813,98.2549,-9:00,Alaska,leslie.jenkins@example.com,1995-12-01T04:54:36.737Z,26,2012-12-19T22:00:32.136Z,9,(398)-889-8507,(312)-097-6538,SSN,736-01-8565,https://randomuser.me/api/portraits/women/30.jpg,https://randomuser.me/api/portraits/med/women/30.jpg,https://randomuser.me/api/portraits/thumb/women/30.jpg,US
female,Miss,Riley,Carpenter,137,W Pecan St,Lewiston,Connecticut,United States,86732,76.8038,-102.7549,+3:30,Tehran,riley.carpenter@example.com,1963-01-26T14:13:54.590Z,58,2016-01-16T02:21:16.689Z,5,(082)-992-7095,(312)-353-5583,SSN,513-00-7525,https://randomuser.me/api/portraits/women/31.jpg,https://randomuser.me/api/portraits/med/women/31.jpg,https://randomuser.me/api/portraits/thumb/women/31.jpg,US
female,Ms,Cassandra,Clark,6116,Bruce St,Davenport,Wisconsin,United States,46010,79.7826,-14.6473,+4:30,Kabul,cassandra.clark@example.com,1992-09-30T21:39:50.309Z,29,2006-08-16T05:49:49.639Z,15,(617)-157-3896,(793)-747-8265,SSN,456-97-8422,https://randomuser.me/api/portraits/women/83.jpg,https://randomuser.me/api/portraits/med/women/83.jpg,https://randomuser.me/api/portraits/thumb/women/83.jpg,US
