gender,name.title,name.first,name.last,location.street.number,location.street.name,location.city,location.state,location.country,location.postcode,location.coordinates.latitude,location.coordinates.longitude,location.timezone.offset,location.timezone.description,email,dob.date,dob.age,registered.date,registered.age,phone,cell,id.name,id.value,picture.large,picture.medium,picture.thumbnail,nat
male,Mr,Barry,Garza,817,Country Club Rd,San Jose,New York,United States,57166,-40.6551,98.0302,+3:30,Tehran,barry.garza@example.com,1962-06-24T17:28:39.671Z,59,2016-12-29T16:26:07.651Z,5,(298)-688-5597,(624)-165-4400,SSN,189-70-9722,https://randomuser.me/api/portraits/men/72.jpg,https://randomuser.me/api/portraits/med/men/72.jpg,https://randomuser.me/api/portraits/thumb/men/72.jpg,US
male,Mr,Harold,Jimenez,6946,Dogwood Ave,Elgin,Wyoming,United States,95114,74.4518,-96.7169,-10:00,Hawaii,harold.jimenez@example.com,1966-10-31T09:21:36.965Z,55,2009-08-05T05:54:34.828Z,12,(617)-927-9174,(187)-080-6731,SSN,962-29-8466,https://randomuser.me/api/portraits/men/69.jpg,https://randomuser.me/api/portraits/med/men/69.jpg,https://randomuser.me/api/portraits/thumb/men/69.jpg,US
female,Ms,Arlene,Stevens,7973,Rolling Green Rd,Broken Arrow,Pennsylvania,United States,24884,1.4344,76.2360,+3:30,Tehran,arlene.stevens@example.com,1985-08-15T16:18:50.727Z,36,2016-01-02T03:29:16.152Z,5,(729)-221-2156,(366)-895-2944,SSN,246-05-4714,https://randomuser.me/api/portraits/women/65.jpg,https://randomuser.me/api/portraits/med/women/65.jpg,https://randomuser.me/api/portraits/thumb/women/65.jpg,US
female,Mrs,Naomi,Thomas,3360,Miller Ave,Hialeah,Washington,United States,44006,-13.5056,150.2509,+3:30,Tehran,naomi.thomas@example.com,1976-10-12T06:40:28.934Z,45,2011-10-07T08:48:29.888Z,10,(652)-855-0518,(899)-211-8973,SSN,813-74-1426,https://randomuser.me/api/portraits/women/21.jpg,https://randomuser.me/api/portraits/med/women/21.jpg,https://randomuser.me/api/portraits/thumb/women/21.jpg,US
female,Mrs,Willie,Lambert,4942,Stevens Creek Blvd,Murfreesboro,Montana,United States,29408,30.3338,-88.9879,-8:00,Pacific Time (US & Canada),willie.lambert@example.com,1960-09-02T09:27:22.524Z,61,2015-07-17T19:18:58.675Z,6,(126)-011-1642,(879)-139-4900,SSN,723-64-4641,https://randomuser.me/api/portraits/women/23.jpg,https://randomuser.me/api/portraits/med/women/23.jpg,https://randomuser.me/api/portraits/thumb/women/23.jpg,US
male,Mr,Clinton,Mitchell,4973,Hunters Creek Dr,Santa Clara,Oklahoma,United States,53944,-81.4350,-82.0756,-2:00,Mid-Atlantic,clinton.mitchell@example.com,1954-08-14T19:43:17.647Z,67,2009-03-22T22:03:25.309Z,12,(193)-558-6419,(633)-860-6723,SSN,435-31-2525,https://randomuser.me/api/portraits/men/46.jpg,https://randomuser.me/api/portraits/med/men/46.jpg,https://randomuser.me/api/portraits/thumb/men/46.jpg,US
female,Mrs,Jeanne,King,1558,E North St,Hollywood,New Mexico,United States,24357,-75.5423,140.8218,-2:00,Mid-Atlantic,jeanne.king@example.com,1970-05-20T17:52:35.135Z,51,2018-03-15T17:57:49.383Z,3,(945)-215-7077,(829)-233-5907,SSN,969-35-9781,https://randomuser.me/api/portraits/women/79.jpg,https://randomuser.me/api/portraits/med/women/79.jpg,https://randomuser.me/api/portraits/thumb/women/79.jpg,US
male,Mr,Pedro,Warren,7403,Spring St,Irvine,Montana,United States,23139,-69.9947,-90.9671,-10:00,Hawaii,pedro.warren@example.com,1975-01-09T08:41:38.741Z,46,2002-09-12T17:21:46.389Z,19,(193)-755-1532,(846)-315-4804,SSN,404-38-4183,https://randomuser.me/api/portraits/men/9.jpg,https://randomuser.me/api/portraits/med/men/9.jpg,https://randomuser.me/api/portraits/thumb/men/9.jpg,US
male,Mr,Francisco,Ferguson,4248,Daisy Dr,Riverside,Hawaii,United States,35314,40.6335,-104.9335,-7:00,Mountain Time (US & Canada),francisco.ferguson@example.com,1958-09-23T08:56:21.907Z,63,2006-01-13T09:45:22.450Z,15,(459)-129-9675,(176)-481-4010,SSN,117-28-6212,https://randomuser.me/api/portraits/men/16.jpg,https://randomuser.me/api/portraits/med/men/16.jpg,https://randomuser.me/api/portraits/thumb/men/16.jpg,US
