gender,name.title,name.first,name.last,location.street.number,location.street.name,location.city,location.state,location.country,location.postcode,location.coordinates.latitude,location.coordinates.longitude,location.timezone.offset,location.timezone.description,email,dob.date,dob.age,registered.date,registered.age,phone,cell,id.name,id.value,picture.large,picture.medium,picture.thumbnail,nat
male,Mr,Richard,Steward,4000,Bruce St,Anna,Arkansas,United States,61556,78.8988,163.5177,+3:30,Tehran,richard.steward@example.com,1997-10-07T20:48:32.181Z,24,2018-04-09T02:12:34.475Z,3,(214)-993-9058,(104)-631-8899,SSN,329-76-0114,https://randomuser.me/api/portraits/men/53.jpg,https://randomuser.me/api/portraits/med/men/53.jpg,https://randomuser.me/api/portraits/thumb/men/53.jpg,US
male,Mr,Lawrence,Jensen,9175,Country Club Rd,Red Oak,Missouri,United States,71043,-29.7811,148.8300,+3:30,Tehran,lawrence.jensen@example.com,1975-02-21T20:21:22.126Z,46,2011-07-20T03:47:22.504Z,10,(958)-312-1997,(424)-292-0169,SSN,993-71-2655,https://randomuser.me/api/portraits/men/67.jpg,https://randomuser.me/api/portraits/med/men/67.jpg,https://randomuser.me/api/portraits/thumb/men/67.jpg,US
male,Mr,Leo,Meyer,2394,Avondale Ave,Princeton,Missouri,United States,65538,-82.0430,-18.3148,-3:30,Newfoundland,leo.meyer@example.com,1974-09-04T23:51:43.752Z,47,2009-03-06T09:28:41.812Z,12,(706)-092-6730,(984)-248-4546,SSN,260-44-0616,https://randomuser.me/api/portraits/men/54.jpg,https://randomuser.me/api/portraits/med/men/54.jpg,https://randomuser.me/api/portraits/thumb/men/54.jpg,US
female,Miss,Natalie,Hughes,5995,Locust Rd,Richardson,Maine,United States,41890,86.7383,149.9049,-7:00,Mountain Time (US & Canada),natalie.hughes@example.com,1958-11-16T07:54:53.686Z,63,2016-07-24T20:31:36.933Z,5,(511)-602-2603,(639)-119-3745,SSN,852-62-0292,https://randomuser.me/api/portraits/women/58.jpg,https://randomuser.me/api/portraits/med/women/58.jpg,https://randomuser.me/api/portraits/thumb/women/58.jpg,US
male,Mr,Joe,Holmes,7602,Stevens Creek Blvd,Modesto,Kansas,United States,35931,86.6484,138.9855,+3:30,Tehran,joe.holmes@example.com,1945-06-16T15:42:25.166Z,76,2018-03-24T04:41:04.875Z,3,(637)-378-6236,(474)-839-2226,SSN,219-00-6536,https://randomuser.me/api/portraits/men/44.jpg,https://randomuser.me/api/portraits/med/men/44.jpg,https://randomuser.me/api/portraits/thumb/men/44.jpg,US
male,Mr,Ricky,Arnold,1287,Marsh Ln,Milwaukee,Mississippi,United States,64661,72.6447,-168.0426,+4:30,Kabul,ricky.arnold@example.com,1946-11-28T02:32:40.660Z,75,2010-07-29T21:13:00.765Z,11,(992)-613-0801,(104)-394-6064,SSN,927-93-5663,https://randomuser.me/api/portraits/men/78.jpg,https://randomuser.me/api/portraits/med/men/78.jpg,https://randomuser.me/api/portraits/thumb/men/78.jpg,US
male,Mr,Isaac,Webb,6804,E North St,Shelby,Montana,United States,24071,70.9950,-151.3164,-3:30,Newfoundland,isaac.webb@example.com,1952-08-14T10:18:49.606Z,69,2005-02-28T12:34:58.424Z,16,(204)-621-9818,(414)-505-1243,SSN,618-71-1866,https://randomuser.me/api/portraits/men/84.jpg,https://randomuser.me/api/portraits/med/men/84.jpg,https://randomuser.me/api/portraits/thumb/men/84.jpg,US
female,Mrs,Joann,Olson,8035,Blossom Hill Rd,Gresham,Hawaii,United States,52939,57.3458,-32.6308,-2:00,Mid-Atlantic,joann.olson@example.com,1965-08-18T03:49:15.115Z,56,2012-07-12T19:22:33.200Z,9,(406)-563-7492,(767)-648-0585,SSN,362-16-4693,https://randomuser.me/api/portraits/women/20.jpg,https://randomuser.me/api/portraits/med/women/20.jpg,https://randomuser.me/api/portraits/thumb/women/20.jpg,US
female,Mrs,Pauline,Peck,1593,Eason Rd,Raleigh,Indiana,United States,73948,-87.8666,-39.2807,+4:30,Kabul,pauline.peck@example.com,1962-05-11T04:43:59.175Z,59,2004-07-20T19:56:51.376Z,17,(389)-334-0395,(701)-224-1569,SSN,435-20-1190,https://randomuser.me/api/portraits/women/45.jpg,https://randomuser.me/api/portraits/med/women/45.jpg,https://randomuser.me/api/portraits/thumb/women/45.jpg,US
female,Miss,Kristin,Stanley,3856,Woodland St,Burbank,Oregon,United States,63303,48.4189,116.7850,-10:00,Hawaii,kristin.stanley@example.com,1991-12-10T01:00:51.073Z,30,2015-04-19T07:18:02.126Z,6,(949)-560-9672,(388)-010-9321,SSN,137-31-8027,https://randomuser.me/api/portraits/women/50.jpg,https://randomuser.me/api/portraits/med/women/50.jpg,https://randomuser.me/api/portraits/thumb/women/50.jpg,US
female,Miss,Penny,Cook,5416,Crockett St,Atlanta,New Hampshire,United States,82340,49.8022,-163.3184,+5:45,Kathmandu,penny.cook@example.com,1945-03-01T12:41:50.892Z,76,2014-07-30T01:44:19.211Z,7,(170)-009-1100,(691)-117-2435,SSN,901-47-1399,https://randomuser.me/api/portraits/women/51.jpg,https://randomuser.me/api/portraits/med/women/51.jpg,https://randomuser.me/api/portraits/thumb/women/51.jpg,US
male,Mr,Robert,Fields,695,E Little York Rd,Lubbock,Pennsylvania,United States,26186,-26.4268,-10.9273,-10:00,Hawaii,robert.fields@example.com,1980-10-07T00:27:56.390Z,41,2007-01-02T08:44:07.119Z,14,(463)-532-0987,(833)-431-0921,SSN,147-04-2591,https://randomuser.me/api/portraits/men/14.jpg,https://randomuser.me/api/portraits/med/men/14.jpg,https://randomuser.me/api/portraits/thumb/men/14.jpg,US
female,Mrs,Leah,Black,4815,Saddle Dr,Jacksonville,Minnesota,United States,82329,73.6700,143.3251,-3:30,Newfoundland,leah.black@example.com,1996-09-05T13:38:24.486Z,25,2010-03-01T00:30:32.095Z,11,(403)-126-2835,(020)-747-8140,SSN,041-43-9919,https://randomuser.me/api/portraits/women/19.jpg,https://randomuser.me/api/portraits/med/women/19.jpg,https://randomuser.me/api/portraits/thumb/women/19.jpg,US
female,Mrs,Charlene,Gibson,8362,W Dallas St,Virginia Beach,North Dakota,United States,79941,-18.2441,-68.4641,-8:00,Pacific Time (US & Canada),charlene.gibson@example.com,1946-07-25T18:49:44.810Z,75,2018-01-03T00:31:23.999Z,3,(239)-542-5901,(105)-787-8288,SSN,293-59-8832,https://randomuser.me/api/portraits/women/22.jpg,https://randomuser.me/api/portraits/med/women/22.jpg,https://randomuser.me/api/portraits/thumb/women/22.jpg,US
male,Mr,Jimmie,Collins,7084,Hogan St,Albany,Maine,United States,53532,-19.0983,110.8076,-8:00,Pacific Time (US & Canada),jimmie.collins@example.com,1974-11-10T14:20:12.156Z,47,2018-07-09T18:12:48.955Z,3,(980)-573-5456,(412)-016-2773,SSN,192-48-4015,https://randomuser.me/api/portraits/men/35.jpg,https://randomuser.me/api/portraits/med/men/35.jpg,https://randomuser.me/api/portraits/thumb/men/35.jpg,US
female,Mrs,Lauren,Perry,83,Edwards Rd,Grapevine,Maryland,United States,54797,-70.4919,114.3295,-7:00,Mountain Time (US & Canada),lauren.perry@example.com,1960-02-20T13:45:56.929Z,61,2015-09-13T08:18:48.171Z,6,(241)-092-6081,(551)-487-2083,SSN,420-97-0284,https://randomuser.me/api/portraits/women/73.jpg,https://randomuser.me/api/portraits/med/women/73.jpg,https://randomuser.me/api/portraits/thumb/women/73.jpg,US
female,Miss,Victoria,Richards,1712,Green Rd,Indianapolis,Nebraska,United States,26117,49.8987,81.7604,+3:30,Tehran,victoria.richards@example.com,1988-11-07T14:38:08.267Z,33,2018-01-17T12:17:33.672Z,3,(900)-368-6257,(511)-737-2072,SSN,199-83-9775,https://randomuser.me/api/portraits/women/85.jpg,https://randomuser.me/api/portraits/med/women/85.jpg,https://randomuser.me/api/portraits/thumb/women/85.jpg,US
male,Mr,Leslie,Craig,6963,Dane St,Tacoma,South Carolina,United States,46825,-52.3743,-67.6156,-2:00,Mid-Atlantic,leslie.craig@example.com,1988-06-05T15:37:02.784Z,33,2019-05-27T05:26:59.645Z,2,(913)-523-1040,(154)-666-2654,SSN,969-75-6082,https://randomuser.me/api/portraits/men/62.jpg,https://randomuser.me/api/portraits/med/men/62.jpg,https://randomuser.me/api/portraits/thumb/men/62.jpg,US
female,Ms,Sonia,Carlson,6483,Daisy Dr,Temecula,Wyoming,United States,50982,-25.9219,-81.3290,+4:30,Kabul,sonia.carlson@example.com,1974-04-18T08:15:55.989Z,47,2009-07-09T02:41:46.762Z,12,(488)-487-8520,(195)-447-0336,SSN,850-81-8141,https://randomuser.me/api/portraits/women/82.jpg,https://randomuser.me/api/portraits/med/women/82.jpg,https://randomuser.me/api/portraits/thumb/women/82.jpg,US
male,Mr,Levi,Nguyen,2192,Pecan Acres Ln,Gresham,Rhode Island,United States,67382,-11.3577,-143.1882,-2:00,Mid-Atlantic,levi.nguyen@example.com,1962-07-21T13:30:59.857Z,59,2006-08-16T03:41:32.239Z,15,(034)-463-7398,(561)-756-3770,SSN,165-97-2144,https://randomuser.me/api/portraits/men/3.jpg,https://randomuser.me/api/portraits/med/men/3.jpg,https://randomuser.me/api/portraits/thumb/men/3.jpg,US
