gender,name.title,name.first,name.last,location.street.number,location.street.name,location.city,location.state,location.country,location.postcode,location.coordinates.latitude,location.coordinates.longitude,location.timezone.offset,location.timezone.description,email,dob.date,dob.age,registered.date,registered.age,phone,cell,id.name,id.value,picture.large,picture.medium,picture.thumbnail,nat
female,Ms,Dianne,Stanley,4663,Lakeshore Rd,Allen,Pennsylvania,United States,62754,-66.3245,-167.7928,-2:00,Mid-Atlantic,dianne.stanley@example.com,1991-05-07T03:59:26.138Z,30,2014-05-07T09:02:56.011Z,7,(308)-248-0514,(326)-469-9953,SSN,641-19-0994,https://randomuser.me/api/portraits/women/43.jpg,https://randomuser.me/api/portraits/med/women/43.jpg,https://randomuser.me/api/portraits/thumb/women/43.jpg,US
female,Miss,Ida,Sanders,9097,Spring St,Corona,Arkansas,United States,72101,1.5860,-40.3731,-10:00,Hawaii,ida.sanders@example.com,1990-01-24T08:13:31.096Z,31,2008-05-17T11:28:20.811Z,13,(996)-545-2125,(242)-765-7808,SSN,826-32-7553,https://randomuser.me/api/portraits/women/46.jpg,https://randomuser.me/api/portraits/med/women/46.jpg,https://randomuser.me/api/portraits/thumb/women/46.jpg,US
female,Ms,June,Hopkins,4740,W Belt Line Rd,Savannah,Oregon,United States,50103,-50.4487,27.8987,+5:45,Kathmandu,june.hopkins@example.com,1969-04-24T04:04:28.110Z,52,2011-01-24T03:33:17.167Z,10,(422)-293-2518,(869)-492-5745,SSN,108-63-9323,https://randomuser.me/api/portraits/women/35.jpg,https://randomuser.me/api/portraits/med/women/35.jpg,https://randomuser.me/api/portraits/thumb/women/35.jpg,US
female,Mrs,Daisy,Silva,9078,Paddock Way,Frederick,Idaho,United States,10755,84.9051,-11.5645,+3:30,Tehran,daisy.silva@example.com,1966-04-11T05:25:51.297Z,55,2012-12-02T17:09:21.834Z,9,(389)-595-8091,(045)-650-3300,SSN,350-06-2450,https://randomuser.me/api/portraits/women/19.jpg,https://randomuser.me/api/portraits/med/women/19.jpg,https://randomuser.me/api/portraits/thumb/women/19.jpg,US
male,Mr,Jamie,Lucas,1027,Oak Ridge Ln,Bakersfield,Texas,United States,34053,20.0508,-141.5763,-9:00,Alaska,jamie.lucas@example.com,1971-12-27T16:44:32.420Z,50,2003-10-14T03:38:14.035Z,18,(617)-227-0150,(449)-987-0355,SSN,521-25-1528,https://randomuser.me/api/portraits/men/17.jpg,https://randomuser.me/api/portraits/med/men/17.jpg,https://randomuser.me/api/portraits/thumb/men/17.jpg,US
female,Ms,Leslie,Brown,1372,Lone Wolf Trail,Salem,Tennessee,United States,62400,-54.5002,-3.5615,-2:00,Mid-Atlantic,leslie.brown@example.com,1974-10-29T20:28:18.726Z,47,2016-07-10T00:41:53.329Z,5,(023)-531-7391,(195)-206-1172,SSN,081-90-4488,https://randomuser.me/api/portraits/women/29.jpg,https://randomuser.me/api/portraits/med/women/29.jpg,https://randomuser.me/api/portraits/thumb/women/29.jpg,US
male,Mr,Ryan,Ramirez,4485,Lovers Ln,Phoenix,Florida,United States,54853,-58.9834,-60.0726,-9:00,Alaska,ryan.ramirez@example.com,1956-09-06T12:45:07.226Z,65,2011-12-29T02:41:18.563Z,10,(692)-165-8875,(706)-720-2352,SSN,369-00-1970,https://randomuser.me/api/portraits/men/46.jpg,https://randomuser.me/api/portraits/med/men/46.jpg,https://randomuser.me/api/portraits/thumb/men/46.jpg,US
male,Mr,Samuel,Wells,5728,Karen Dr,Peoria,Oregon,United States,90157,40.3649,83.9714,-3:30,Newfoundland,samuel.wells@example.com,1960-02-09T11:33:37.881Z,61,2016-03-24T10:58:15.352Z,5,(380)-520-3186,(767)-754-2924,SSN,156-13-5289,https://randomuser.me/api/portraits/men/22.jpg,https://randomuser.me/api/portraits/med/men/22.jpg,https://randomuser.me/api/portraits/thumb/men/22.jpg,US
male,Mr,Wesley,Schmidt,7066,Locust Rd,Carrollton,Kentucky,United States,73199,17.4443,146.8278,+5:45,Kathmandu,wesley.schmidt@example.com,1996-02-07T15:51:38.847Z,25,2010-03-05T01:04:27.094Z,11,(979)-624-6162,(047)-678-9763,SSN,408-83-4303,https://randomuser.me/api/portraits/men/33.jpg,https://randomuser.me/api/portraits/med/men/33.jpg,https://randomuser.me/api/portraits/thumb/men/33.jpg,US
female,Ms,Lynn,Stevens,3903,Marsh Ln,Fairfield,Alabama,United States,71881,15.6410,71.7587,-10:00,Hawaii,lynn.stevens@example.com,1994-09-26T06:08:27.589Z,27,2003-09-28T08:37:58.021Z,18,(466)-358-1665,(296)-494-5661,SSN,849-88-9301,https://randomuser.me/api/portraits/women/4.jpg,https://randomuser.me/api/portraits/med/women/4.jpg,https://randomuser.me/api/portraits/thumb/women/4.jpg,US
female,Miss,Hannah,Collins,7171,Bollinger Rd,Syracuse,Utah,United States,27076,73.0200,89.2198,+5:45,Kathmandu,hannah.collins@example.com,1978-09-21T14:44:23.598Z,43,2018-12-20T06:32:23.816Z,3,(076)-776-0328,(287)-273-9536,SSN,037-60-2444,https://randomuser.me/api/portraits/women/42.jpg,https://randomuser.me/api/portraits/med/women/42.jpg,https://randomuser.me/api/portraits/thumb/women/42.jpg,US
male,Mr,Albert,Torres,2309,James St,Savannah,Alabama,United States,44395,-58.0483,-0.5867,+4:30,Kabul,albert.torres@example.com,1957-04-29T07:51:49.961Z,64,2006-03-02T01:39:13.677Z,15,(146)-089-8717,(429)-360-2199,SSN,699-29-5667,https://randomuser.me/api/portraits/men/90.jpg,https://randomuser.me/api/portraits/med/men/90.jpg,https://randomuser.me/api/portraits/thumb/men/90.jpg,US
male,Mr,Curtis,Steeves ,3532,Homestead Rd,Redding,Missouri,United States,92511,-49.3168,-66.1669,-3:30,Newfoundland,curtis.steeves@example.com,1993-06-25T00:05:46.803Z,28,2017-06-11T09:58:23.195Z,4,(911)-338-1539,(092)-476-1992,SSN,365-99-4222,https://randomuser.me/api/portraits/men/23.jpg,https://randomuser.me/api/portraits/med/men/23.jpg,https://randomuser.me/api/portraits/thumb/men/23.jpg,US
female,Ms,Doris,Prescott,1912,Camden Ave,Little Rock,Alaska,United States,95295,50.8556,-159.3122,+3:30,Tehran,doris.prescott@example.com,1979-01-03T02:26:07.180Z,42,2007-07-17T04:52:03.676Z,14,(569)-972-2555,(077)-589-1892,SSN,511-27-7517,https://randomuser.me/api/portraits/women/69.jpg,https://randomuser.me/api/portraits/med/women/69.jpg,https://randomuser.me/api/portraits/thumb/women/69.jpg,US
male,Mr,Gerald,Simmmons,173,Fincher Rd,San Antonio,Ohio,United States,38909,22.6516,132.2105,-9:00,Alaska,gerald.simmmons@example.com,1956-06-15T18:46:59.962Z,65,2010-04-24T21:26:48.851Z,11,(574)-598-9731,(733)-433-0268,SSN,796-11-8835,https://randomuser.me/api/portraits/men/67.jpg,https://randomuser.me/api/portraits/med/men/67.jpg,https://randomuser.me/api/portraits/thumb/men/67.jpg,US
female,Ms,Heidi,Porter,2013,Mcclellan Rd,Lubbock,Vermont,United States,71075,72.4367,53.1656,-3:30,Newfoundland,heidi.porter@example.com,1945-08-27T05:58:31.011Z,76,2018-07-20T08:37:28.250Z,3,(976)-679-6867,(343)-042-4281,SSN,070-05-5058,https://randomuser.me/api/portraits/women/65.jpg,https://randomuser.me/api/portraits/med/women/65.jpg,https://randomuser.me/api/portraits/thumb/women/65.jpg,US
