gender,name.title,name.first,name.last,location.street.number,location.street.name,location.city,location.state,location.country,location.postcode,location.coordinates.latitude,location.coordinates.longitude,location.timezone.offset,location.timezone.description,email,dob.date,dob.age,registered.date,registered.age,phone,cell,id.name,id.value,picture.large,picture.medium,picture.thumbnail,nat
female,Ms,Rhonda,Matthews,7203,Royal Ln,Pompano Beach,Wyoming,United States,60882,68.4800,115.4666,-7:00,Mountain Time (US & Canada),rhonda.matthews@example.com,1994-11-24T17:35:21.825Z,27,2014-10-15T14:58:18.504Z,7,(660)-374-0529,(603)-650-9875,SSN,306-00-6275,https://randomuser.me/api/portraits/women/58.jpg,https://randomuser.me/api/portraits/med/women/58.jpg,https://randomuser.me/api/portraits/thumb/women/58.jpg,US
female,Miss,Zoey,Long,3193,Valwood Pkwy,Spokane,West Virginia,United States,30777,15.3319,-75.1851,-9:00,Alaska,zoey.long@example.com,1992-08-11T20:00:29.333Z,29,2018-03-16T03:34:07.516Z,3,(909)-912-6060,(047)-977-1644,SSN,868-16-7195,https://randomuser.me/api/portraits/women/12.jpg,https://randomuser.me/api/portraits/med/women/12.jpg,https://randomuser.me/api/portraits/thumb/women/12.jpg,US
male,Mr,Noah,Snyder,3885,Edwards Rd,New Orleans,Montana,United States,83309,-46.4382,-40.5322,-7:00,Mountain Time (US & Canada),noah.snyder@example.com,1982-08-20T17:42:15.036Z,39,2002-08-22T20:34:40.392Z,19,(488)-872-2485,(678)-072-6191,SSN,933-74-9801,https://randomuser.me/api/portraits/men/63.jpg,https://randomuser.me/api/portraits/med/men/63.jpg,https://randomuser.me/api/portraits/thumb/men/63.jpg,US
male,Mr,Dan,Williamson,7587,W Sherman Dr,Santa Ana,New Jersey,United States,67223,-16.2896,-35.9506,-7:00,Mountain Time (US & Canada),dan.williamson@example.com,1967-10-22T15:18:09.255Z,54,2019-01-09T11:50:40.270Z,2,(769)-517-3148,(897)-800-3273,SSN,784-84-1950,https://randomuser.me/api/portraits/men/74.jpg,https://randomuser.me/api/portraits/med/men/74.jpg,https://randomuser.me/api/portraits/thumb/men/74.jpg,US
male,Mr,Timmothy,Walker,6008,Stevens Creek Blvd,Kent,Oregon,United States,66390,36.3878,-171.2990,-7:00,Mountain Time (US & Canada),timmothy.walker@example.com,1948-09-17T03:45:21.855Z,73,2017-11-03T07:49:39.845Z,4,(319)-276-6784,(764)-021-5450,SSN,697-07-1519,https://randomuser.me/api/portraits/men/35.jpg,https://randomuser.me/api/portraits/med/men/35.jpg,https://randomuser.me/api/portraits/thumb/men/35.jpg,US
female,Mrs,Ann,Castillo,8461,Fincher Rd,Santa Maria,California,United States,82158,-25.9329,-102.6239,-3:30,Newfoundland,ann.castillo@example.com,1976-05-19T18:26:43.633Z,45,2014-06-10T14:20:00.196Z,7,(242)-795-8268,(955)-178-4096,SSN,307-95-3009,https://randomuser.me/api/portraits/women/95.jpg,https://randomuser.me/api/portraits/med/women/95.jpg,https://randomuser.me/api/portraits/thumb/women/95.jpg,US
male,Mr,Antonio,Torres,5349,Wycliff Ave,Boston,North Carolina,United States,20841,-60.3057,168.4547,+5:45,Kathmandu,antonio.torres@example.com,1957-09-01T19:25:53.733Z,64,2018-02-18T13:29:27.676Z,3,(976)-326-3891,(193)-035-5987,SSN,976-16-4159,https://randomuser.me/api/portraits/men/23.jpg,https://randomuser.me/api/portraits/med/men/23.jpg,https://randomuser.me/api/portraits/thumb/men/23.jpg,US
female,Ms,Noelle,Hudson,3166,Westheimer Rd,Richardson,Idaho,United States,73824,-86.7254,147.7134,-7:00,Mountain Time (US & Canada),noelle.hudson@example.com,1996-03-21T20:04:03.118Z,25,2015-02-16T14:32:08.198Z,6,(510)-068-4027,(181)-127-3396,SSN,822-64-6804,https://randomuser.me/api/portraits/women/62.jpg,https://randomuser.me/api/portraits/med/women/62.jpg,https://randomuser.me/api/portraits/thumb/women/62.jpg,US
male,Mr,Noah,Green,5508,Mockingbird Ln,Victorville,North Dakota,United States,53014,-79.6109,-11.6392,+4:30,Kabul,noah.green@example.com,1998-04-27T11:38:28.593Z,23,2018-07-04T19:45:20.579Z,3,(824)-712-5144,(626)-114-3304,SSN,408-66-1825,https://randomuser.me/api/portraits/men/85.jpg,https://randomuser.me/api/portraits/med/men/85.jpg,https://randomuser.me/api/portraits/thumb/men/85.jpg,US
male,Mr,Darrell,Boyd,2522,Sunset St,Westminster,Wisconsin,United States,28450,7.4599,123.9961,-7:00,Mountain Time (US & Canada),darrell.boyd@example.com,1985-07-21T17:10:46.497Z,36,2006-03-13T02:30:00.156Z,15,(084)-447-2841,(923)-529-2192,SSN,689-17-6722,https://randomuser.me/api/portraits/men/65.jpg,https://randomuser.me/api/portraits/med/men/65.jpg,https://randomuser.me/api/portraits/thumb/men/65.jpg,US
male,Mr,Ruben,Watts,8034,Fincher Rd,Cincinnati,Pennsylvania,United States,77866,88.3122,73.7044,+3:30,Tehran,ruben.watts@example.com,1967-11-13T12:24:26.038Z,54,2004-04-19T07:24:21.751Z,17,(123)-709-5339,(962)-526-0826,SSN,761-35-3791,https://randomuser.me/api/portraits/men/19.jpg,https://randomuser.me/api/portraits/med/men/19.jpg,https://randomuser.me/api/portraits/thumb/men/19.jpg,US
female,Mrs,Carrie,Barrett,6115,Edwards Rd,Sterling Heights,California,United States,17561,58.2063,38.0940,-7:00,Mountain Time (US & Canada),carrie.barrett@example.com,1965-09-30T21:32:08.735Z,56,2015-06-02T11:47:43.652Z,6,(330)-408-0112,(931)-033-9946,SSN,025-05-5225,https://randomuser.me/api/portraits/women/82.jpg,https://randomuser.me/api/portraits/med/women/82.jpg,https://randomuser.me/api/portraits/thumb/women/82.jpg,US
female,Ms,Phyllis,Jackson,8710,Plum St,El Paso,Michigan,United States,58438,-86.0358,45.9915,+3:30,Tehran,phyllis.jackson@example.com,1963-05-23T02:35:36.151Z,58,2018-02-20T18:14:44.799Z,3,(879)-319-9785,(551)-504-0965,SSN,953-45-9922,https://randomuser.me/api/portraits/women/96.jpg,https://randomuser.me/api/portraits/med/women/96.jpg,https://randomuser.me/api/portraits/thumb/women/96.jpg,US
male,Mr,Tom,Mcdonalid,1864,Camden Ave,Wichita Falls,Colorado,United States,68148,59.1033,-10.6339,-9:00,Alaska,tom.mcdonalid@example.com,1970-09-22T06:58:10.837Z,51,2012-09-21T22:58:27.605Z,9,(022)-569-4955,(957)-210-2792,SSN,241-56-0112,https://randomuser.me/api/portraits/men/63.jpg,https://randomuser.me/api/portraits/med/men/63.jpg,https://randomuser.me/api/portraits/thumb/men/63.jpg,US
male,Mr,Ronnie,Cook,534,Avondale Ave,Las Cruces,Nevada,United States,12313,83.3832,9.1262,-7:00,Mountain Time (US & Canada),ronnie.cook@example.com,1996-03-30T10:45:45.843Z,25,2016-06-01T22:59:05.216Z,5,(686)-233-7071,(655)-281-5139,SSN,965-02-0031,https://randomuser.me/api/portraits/men/88.jpg,https://randomuser.me/api/portraits/med/men/88.jpg,https://randomuser.me/api/portraits/thumb/men/88.jpg,US
