gender,name.title,name.first,name.last,location.street.number,location.street.name,location.city,location.state,location.country,location.postcode,location.coordinates.latitude,location.coordinates.longitude,location.timezone.offset,location.timezone.description,email,dob.date,dob.age,registered.date,registered.age,phone,cell,id.name,id.value,picture.large,picture.medium,picture.thumbnail,nat
male,Mr,Bradley,Wheeler,3716,Lakeview St,Boulder,New Jersey,United States,17020,13.6339,24.1486,-2:00,Mid-Atlantic,bradley.wheeler@example.com,1988-02-01T22:14:03.523Z,33,2011-03-15T10:56:40.600Z,10,(427)-033-1827,(633)-631-0363,SSN,915-92-5697,https://randomuser.me/api/portraits/men/45.jpg,https://randomuser.me/api/portraits/med/men/45.jpg,https://randomuser.me/api/portraits/thumb/men/45.jpg,US
female,Ms,Gabriella,Simpson,5309,Mockingbird Hill,Eureka,New Hampshire,United States,10775,59.2143,-113.3086,-2:00,Mid-Atlantic,gabriella.simpson@example.com,1975-02-10T17:44:18.066Z,46,2009-07-25T03:23:00.107Z,12,(608)-302-8420,(480)-774-4000,SSN,878-80-4841,https://randomuser.me/api/portraits/women/95.jpg,https://randomuser.me/api/portraits/med/women/95.jpg,https://randomuser.me/api/portraits/thumb/women/95.jpg,US
male,Mr,Everett,Knight,8487,Daisy Dr,Shiloh,Arkansas,United States,85507,-33.8862,-172.4229,-7:00,Mountain Time (US & Canada),everett.knight@example.com,1991-02-10T06:26:14.411Z,30,2003-12-02T01:47:10.559Z,18,(923)-325-8056,(811)-586-3306,SSN,035-20-2499,https://randomuser.me/api/portraits/men/98.jpg,https://randomuser.me/api/portraits/med/men/98.jpg,https://randomuser.me/api/portraits/thumb/men/98.jpg,US
male,Mr,Randall,Lawrence,3620,Marsh Ln,Ironville,New York,United States,14508,-44.2257,2.8681,+4:30,Kabul,randall.lawrence@example.com,1948-11-30T19:48:05.301Z,73,2013-12-01T09:12:47.599Z,8,(973)-733-8154,(262)-497-1748,SSN,034-09-4561,https://randomuser.me/api/portraits/men/2.jpg,https://randomuser.me/api/portraits/med/men/2.jpg,https://randomuser.me/api/portraits/thumb/men/2.jpg,US
female,Mrs,Annie,Lewis,5636,Marsh Ln,Detroit,New Mexico,United States,36167,67.9556,-55.7127,+3:30,Tehran,annie.lewis@example.com,1985-04-25T09:56:38.992Z,36,2018-07-09T19:08:54.323Z,3,(665)-932-8029,(585)-228-5287,SSN,084-04-6311,https://randomuser.me/api/portraits/women/38.jpg,https://randomuser.me/api/portraits/med/women/38.jpg,https://randomuser.me/api/portraits/thumb/women/38.jpg,US
female,Mrs,Sherry,Long,852,Samaritan Dr,West Palm Beach,Michigan,United States,70476,34.7492,98.9704,-8:00,Pacific Time (US & Canada),sherry.long@example.com,1992-11-22T16:05:08.385Z,29,2018-12-31T08:19:25.187Z,3,(652)-271-2165,(942)-708-0617,SSN,793-66-6160,https://randomuser.me/api/portraits/women/72.jpg,https://randomuser.me/api/portraits/med/women/72.jpg,https://randomuser.me/api/portraits/thumb/women/72.jpg,US
female,Miss,Tracy,George,7018,Spring St,San Bernardino,Vermont,United States,79398,-21.8137,-69.5406,-8:00,Pacific Time (US & Canada),tracy.george@example.com,1958-08-10T14:06:00.677Z,63,2002-07-26T13:33:05.859Z,19,(244)-614-2533,(278)-665-7447,SSN,679-31-4931,https://randomuser.me/api/portraits/women/79.jpg,https://randomuser.me/api/portraits/med/women/79.jpg,https://randomuser.me/api/portraits/thumb/women/79.jpg,US
male,Mr,Andrew,Frazier,6390,Ash Dr,Oxnard,Alaska,United States,96512,-70.2998,-17.3339,-2:00,Mid-Atlantic,andrew.frazier@example.com,1996-07-06T19:21:14.927Z,25,2005-03-14T04:47:41.640Z,16,(157)-493-9236,(325)-697-3631,SSN,325-17-0183,https://randomuser.me/api/portraits/men/90.jpg,https://randomuser.me/api/portraits/med/men/90.jpg,https://randomuser.me/api/portraits/thumb/men/90.jpg,US
female,Miss,Lily,Russell,3945,Poplar Dr,Springfield,Colorado,United States,41957,0.0846,-122.1635,-10:00,Hawaii,lily.russell@example.com,1998-07-09T21:46:52.698Z,23,2010-06-24T13:51:30.744Z,11,(952)-698-6246,(887)-662-8938,SSN,591-77-5340,https://randomuser.me/api/portraits/women/24.jpg,https://randomuser.me/api/portraits/med/women/24.jpg,https://randomuser.me/api/portraits/thumb/women/24.jpg,US
