gender,name.title,name.first,name.last,location.street.number,location.street.name,location.city,location.state,location.country,location.postcode,location.coordinates.latitude,location.coordinates.longitude,location.timezone.offset,location.timezone.description,email,dob.date,dob.age,registered.date,registered.age,phone,cell,id.name,id.value,picture.large,picture.medium,picture.thumbnail,nat
male,Mr,Joe,Powell,2979,Depaul Dr,El Paso,North Carolina,United States,37624,16.3959,-125.3774,+3:30,Tehran,joe.powell@example.com,1982-02-12T01:38:31.206Z,39,2016-03-11T08:43:57.372Z,5,(212)-418-4053,(964)-288-3488,SSN,410-55-7484,https://randomuser.me/api/portraits/men/59.jpg,https://randomuser.me/api/portraits/med/men/59.jpg,https://randomuser.me/api/portraits/thumb/men/59.jpg,US
female,Miss,Diana,Peterson,9364,Lakeview St,Shiloh,Nebraska,United States,15777,3.1472,-56.1913,-9:00,Alaska,diana.peterson@example.com,1962-03-10T23:59:57.811Z,59,2010-05-22T16:53:38.421Z,11,(039)-072-7063,(418)-187-2617,SSN,941-54-1935,https://randomuser.me/api/portraits/women/92.jpg,https://randomuser.me/api/portraits/med/women/92.jpg,https://randomuser.me/api/portraits/thumb/women/92.jpg,US
male,Mr,Vincent,Morris,3904,Lakeshore Rd,Simi Valley,New Jersey,United States,99260,46.3629,162.8654,+3:30,Tehran,vincent.morris@example.com,1977-04-18T03:53:12.053Z,44,2008-12-27T08:27:25.431Z,13,(640)-008-6790,(842)-706-1869,SSN,832-81-6022,https://randomuser.me/api/portraits/men/89.jpg,https://randomuser.me/api/portraits/med/men/89.jpg,https://randomuser.me/api/portraits/thumb/men/89.jpg,US
male,Mr,Calvin,Wheeler,2524,W Belt Line Rd,Detroit,Wyoming,United States,87855,-46.6104,32.3869,+4:30,Kabul,calvin.wheeler@example.com,1964-01-10T14:08:30.733Z,57,2017-07-09T09:10:48.240Z,4,(148)-362-9568,(677)-440-1279,SSN,221-58-7267,https://randomuser.me/api/portraits/men/36.jpg,https://randomuser.me/api/portraits/med/men/36.jpg,https://randomuser.me/api/portraits/thumb/men/36.jpg,US
female,Mrs,Pauline,Marshall,4660,Rolling Green Rd,Burkburnett,Connecticut,United States,25566,82.1597,155.7049,-3:30,Newfoundland,pauline.marshall@example.com,1983-04-15T02:19:57.226Z,38,2008-06-05T15:45:23.436Z,13,(360)-788-6358,(207)-711-6609,SSN,082-48-6350,https://randomuser.me/api/portraits/women/5.jpg,https://randomuser.me/api/portraits/med/women/5.jpg,https://randomuser.me/api/portraits/thumb/women/5.jpg,US
female,Miss,Melanie,Mills,3318,Central St,Hamsburg,Wyoming,United States,45259,72.4925,53.5267,+4:30,Kabul,melanie.mills@example.com,1976-01-22T00:50:08.028Z,45,2005-04-09T18:36:07.192Z,16,(975)-645-5273,(330)-133-7381,SSN,607-85-2842,https://randomuser.me/api/portraits/women/47.jpg,https://randomuser.me/api/portraits/med/women/47.jpg,https://randomuser.me/api/portraits/thumb/women/47.jpg,US
male,Mr,Brennan,Wright,894,Washington Ave,Killeen,Nevada,United States,34640,37.1951,-135.9530,+3:30,Tehran,brennan.wright@example.com,1973-02-07T11:46:46.675Z,48,2015-05-02T11:35:59.257Z,6,(973)-802-8083,(951)-978-1704,SSN,754-09-2741,https://randomuser.me/api/portraits/men/48.jpg,https://randomuser.me/api/portraits/med/men/48.jpg,https://randomuser.me/api/portraits/thumb/men/48.jpg,US
male,Mr,Don,Welch,1130,Photinia Ave,Elizabeth,Utah,United States,39148,71.9715,173.8920,+3:30,Tehran,don.welch@example.com,1959-12-11T14:06:28.147Z,62,2016-03-07T04:36:41.130Z,5,(377)-701-8528,(939)-257-4319,SSN,519-99-0501,https://randomuser.me/api/portraits/men/23.jpg,https://randomuser.me/api/portraits/med/men/23.jpg,https://randomuser.me/api/portraits/thumb/men/23.jpg,US
female,Ms,Elaine,Crawford,9927,Plum St,Laredo,Kentucky,United States,83303,-87.8597,72.7003,-3:30,Newfoundland,elaine.crawford@example.com,1958-12-27T06:14:17.568Z,63,2009-03-27T12:25:52.367Z,12,(730)-595-7756,(953)-626-0290,SSN,276-94-6126,https://randomuser.me/api/portraits/women/96.jpg,https://randomuser.me/api/portraits/med/women/96.jpg,https://randomuser.me/api/portraits/thumb/women/96.jpg,US
male,Mr,Connor,Ferguson,8344,Paddock Way,Anna,Delaware,United States,57123,-62.9875,53.4089,-10:00,Hawaii,connor.ferguson@example.com,1989-12-27T00:23:45.913Z,32,2006-09-11T10:37:56.767Z,15,(202)-824-4098,(192)-089-0856,SSN,394-01-8082,https://randomuser.me/api/portraits/men/51.jpg,https://randomuser.me/api/portraits/med/men/51.jpg,https://randomuser.me/api/portraits/thumb/men/51.jpg,US
female,Mrs,Allison,Price,1833,Dane St,Lowell,Iowa,United States,43272,1.6100,115.0314,+3:30,Tehran,allison.price@example.com,1959-02-19T23:06:10.182Z,62,2008-08-04T20:28:20.451Z,13,(034)-668-8573,(072)-605-6497,SSN,908-13-3659,https://randomuser.me/api/portraits/women/12.jpg,https://randomuser.me/api/portraits/med/women/12.jpg,https://randomuser.me/api/portraits/thumb/women/12.jpg,US
male,Mr,Floyd,Prescott,758,Railroad St,Steilacoom,Delaware,United States,97879,6.0581,-100.8228,+3:30,Tehran,floyd.prescott@example.com,1960-05-08T11:45:52.521Z,61,2006-06-14T11:16:13.603Z,15,(543)-959-7841,(846)-478-0950,SSN,666-00-6420,https://randomuser.me/api/portraits/men/87.jpg,https://randomuser.me/api/portraits/med/men/87.jpg,https://randomuser.me/api/portraits/thumb/men/87.jpg,US
female,Ms,Beth,Kelly,5569,Spring Hill Rd,Bozeman,California,United States,21747,25.4665,-169.5848,+3:30,Tehran,beth.kelly@example.com,1996-06-23T00:32:53.419Z,25,2019-09-11T06:07:37.985Z,2,(461)-860-6405,(128)-722-2254,SSN,508-98-4463,https://randomuser.me/api/portraits/women/87.jpg,https://randomuser.me/api/portraits/med/women/87.jpg,https://randomuser.me/api/portraits/thumb/women/87.jpg,US
male,Mr,Charles,Harrison,4703,Mockingbird Hill,Costa Mesa,Maryland,United States,96891,-86.7509,-155.0698,-7:00,Mountain Time (US & Canada),charles.harrison@example.com,1991-10-27T23:23:55.423Z,30,2008-09-18T05:58:06.293Z,13,(090)-346-9102,(275)-252-1499,SSN,941-78-5890,https://randomuser.me/api/portraits/men/41.jpg,https://randomuser.me/api/portraits/med/men/41.jpg,https://randomuser.me/api/portraits/thumb/men/41.jpg,US
male,Mr,Roy,Kim,6361,Frances Ct,Grand Prairie,New Hampshire,United States,75858,-85.7811,48.1204,-2:00,Mid-Atlantic,roy.kim@example.com,1978-01-16T09:46:40.715Z,43,2004-09-01T00:33:17.728Z,17,(352)-554-6928,(149)-616-4511,SSN,684-85-2349,https://randomuser.me/api/portraits/men/80.jpg,https://randomuser.me/api/portraits/med/men/80.jpg,https://randomuser.me/api/portraits/thumb/men/80.jpg,US
female,Ms,Holly,Bennett,4558,W 6th St,Costa Mesa,Rhode Island,United States,49640,33.0915,43.5393,+5:45,Kathmandu,holly.bennett@example.com,1973-09-10T07:27:18.793Z,48,2016-08-17T02:41:28.003Z,5,(666)-836-3752,(866)-636-2449,SSN,517-53-8769,https://randomuser.me/api/portraits/women/1.jpg,https://randomuser.me/api/portraits/med/women/1.jpg,https://randomuser.me/api/portraits/thumb/women/1.jpg,US
male,Mr,Zachary,Bishop,6296,Bruce St,Norfolk,Alaska,United States,68542,24.0885,-119.4364,-9:00,Alaska,zachary.bishop@example.com,1982-03-26T06:55:32.019Z,39,2016-11-25T18:48:45.613Z,5,(336)-161-2186,(965)-349-6921,SSN,938-21-8618,https://randomuser.me/api/portraits/men/39.jpg,https://randomuser.me/api/portraits/med/men/39.jpg,https://randomuser.me/api/portraits/thumb/men/39.jpg,US
male,Mr,Herbert,Thomas,1531,Ash Dr,San Diego,New Hampshire,United States,44556,72.2568,-62.8141,-2:00,Mid-Atlantic,herbert.thomas@example.com,1992-11-11T06:33:25.617Z,29,2015-10-12T05:22:12.154Z,6,(997)-907-3548,(606)-151-4452,SSN,295-22-2183,https://randomuser.me/api/portraits/men/69.jpg,https://randomuser.me/api/portraits/med/men/69.jpg,https://randomuser.me/api/portraits/thumb/men/69.jpg,US
