gender,name.title,name.first,name.last,location.street.number,location.street.name,location.city,location.state,location.country,location.postcode,location.coordinates.latitude,location.coordinates.longitude,location.timezone.offset,location.timezone.description,email,dob.date,dob.age,registered.date,registered.age,phone,cell,id.name,id.value,picture.large,picture.medium,picture.thumbnail,nat
female,Ms,Kathryn,Duncan,1815,Country Club Rd,Providence,Maine,United States,95812,31.2423,145.5461,+5:45,Kathmandu,kathryn.duncan@example.com,1980-04-18T12:50:36.193Z,41,2010-05-12T22:16:22.902Z,11,(349)-716-9861,(953)-740-7689,SSN,787-97-8563,https://randomuser.me/api/portraits/women/51.jpg,https://randomuser.me/api/portraits/med/women/51.jpg,https://randomuser.me/api/portraits/thumb/women/51.jpg,US
female,Mrs,Claudia,Snyder,5226,Spring St,Mesquite,Kentucky,United States,60599,56.9031,65.7751,+5:45,Kathmandu,claudia.snyder@example.com,1979-10-24T11:55:05.232Z,42,2012-12-25T17:35:03.166Z,9,(764)-103-7052,(497)-684-9874,SSN,023-57-1861,https://randomuser.me/api/portraits/women/67.jpg,https://randomuser.me/api/portraits/med/women/67.jpg,https://randomuser.me/api/portraits/thumb/women/67.jpg,US
male,Mr,Robert,Flores,5945,W Belt Line Rd,Edison,California,United States,37981,44.7343,-27.7350,-3:30,Newfoundland,robert.flores@example.com,1996-09-09T18:41:51.174Z,25,2007-05-01T18:25:51.370Z,14,(599)-550-5303,(682)-058-4579,SSN,708-82-8349,https://randomuser.me/api/portraits/men/82.jpg,https://randomuser.me/api/portraits/med/men/82.jpg,https://randomuser.me/api/portraits/thumb/men/82.jpg,US
male,Mr,Johnni,Curtis,3364,Thornridge Cir,Daly City,Arkansas,United States,96407,42.8826,-102.8849,+4:30,Kabul,johnni.curtis@example.com,1985-03-09T01:14:24.483Z,36,2009-08-11T05:15:16.082Z,12,(534)-655-4226,(704)-549-0234,SSN,566-90-8067,https://randomuser.me/api/portraits/men/33.jpg,https://randomuser.me/api/portraits/med/men/33.jpg,https://randomuser.me/api/portraits/thumb/men/33.jpg,US
male,Mr,Miguel,Roberts,725,Wheeler Ridge Dr,Carrollton,Nebraska,United States,32323,53.8846,-140.3033,+5:45,Kathmandu,miguel.roberts@example.com,1967-10-05T07:10:10.230Z,54,2006-12-22T20:47:28.618Z,15,(927)-527-8401,(440)-224-6594,SSN,630-48-7537,https://randomuser.me/api/portraits/men/12.jpg,https://randomuser.me/api/portraits/med/men/12.jpg,https://randomuser.me/api/portraits/thumb/men/12.jpg,US
female,Mrs,Elaine,Burke,548,Taylor St,Ventura,Wyoming,United States,89788,66.3247,24.8487,+5:45,Kathmandu,elaine.burke@example.com,1950-04-20T01:03:13.140Z,71,2017-06-05T11:48:26.199Z,4,(500)-924-3413,(818)-649-1900,SSN,575-61-3784,https://randomuser.me/api/portraits/women/34.jpg,https://randomuser.me/api/portraits/med/women/34.jpg,https://randomuser.me/api/portraits/thumb/women/34.jpg,US
male,Mr,Neil,Anderson,5251,Mockingbird Hill,Denver,Indiana,United States,97353,85.5639,-111.3238,-10:00,Hawaii,neil.anderson@example.com,1979-04-08T15:57:40.703Z,42,2017-07-05T19:43:09.813Z,4,(815)-390-4121,(423)-963-5245,SSN,459-80-9956,https://randomuser.me/api/portraits/men/73.jpg,https://randomuser.me/api/portraits/med/men/73.jpg,https://randomuser.me/api/portraits/thumb/men/73.jpg,US
female,Ms,Sophie,Ellis,442,Spring Hill Rd,Saginaw,Minnesota,United States,46318,-73.7470,-90.3372,-9:00,Alaska,sophie.ellis@example.com,1966-02-21T22:33:32.142Z,55,2017-03-19T01:20:31.899Z,4,(514)-481-9342,(120)-733-1206,SSN,204-27-6397,https://randomuser.me/api/portraits/women/46.jpg,https://randomuser.me/api/portraits/med/women/46.jpg,https://randomuser.me/api/portraits/thumb/women/46.jpg,US
female,Mrs,Sophia,Palmer,2527,Hickory Creek Dr,Midland,Maryland,United States,13711,-88.9785,160.7363,+5:45,Kathmandu,sophia.palmer@example.com,1977-04-19T11:38:16.978Z,44,2007-12-26T05:47:59.145Z,14,(465)-709-8882,(512)-800-8644,SSN,410-25-2105,https://randomuser.me/api/portraits/women/11.jpg,https://randomuser.me/api/portraits/med/women/11.jpg,https://randomuser.me/api/portraits/thumb/women/11.jpg,US
male,Mr,Roy,Campbell,209,W Sherman Dr,Tempe,South Carolina,United States,57583,4.5144,4.9084,-9:00,Alaska,roy.campbell@example.com,1994-09-06T04:22:34.371Z,27,2006-04-13T06:09:59.490Z,15,(006)-189-7242,(070)-290-6230,SSN,835-34-6716,https://randomuser.me/api/portraits/men/73.jpg,https://randomuser.me/api/portraits/med/men/73.jpg,https://randomuser.me/api/portraits/thumb/men/73.jpg,US
male,Mr,Warren,Mcdonalid,3475,Saddle Dr,Los Angeles,Idaho,United States,75051,82.3171,47.6688,-8:00,Pacific Time (US & Canada),warren.mcdonalid@example.com,1989-07-30T07:12:41.202Z,32,2008-02-06T00:23:23.971Z,13,(558)-760-8743,(908)-940-7756,SSN,904-06-0018,https://randomuser.me/api/portraits/men/66.jpg,https://randomuser.me/api/portraits/med/men/66.jpg,https://randomuser.me/api/portraits/thumb/men/66.jpg,US
male,Mr,Brett,Bradley,494,Northaven Rd,Las Vegas,Iowa,United States,41201,-18.4092,-71.3240,-9:00,Alaska,brett.bradley@example.com,1960-10-04T07:30:47.128Z,61,2013-02-25T16:08:14.604Z,8,(970)-316-6076,(359)-944-8852,SSN,216-04-6351,https://randomuser.me/api/portraits/men/65.jpg,https://randomuser.me/api/portraits/med/men/65.jpg,https://randomuser.me/api/portraits/thumb/men/65.jpg,US
female,Miss,Joan,Watkins,8330,Poplar Dr,Edison,Idaho,United States,61501,22.8739,-52.8995,-9:00,Alaska,joan.watkins@example.com,1991-11-12T04:51:03.964Z,30,2003-09-24T12:21:21.066Z,18,(735)-321-2020,(970)-880-0759,SSN,470-91-3536,https://randomuser.me/api/portraits/women/0.jpg,https://randomuser.me/api/portraits/med/women/0.jpg,https://randomuser.me/api/portraits/thumb/women/0.jpg,US
male,Mr,Eugene,Hunter,9495,Fairview St,Green Bay,West Virginia,United States,76011,-32.2776,-22.2539,-8:00,Pacific Time (US & Canada),eugene.hunter@example.com,1998-05-28T11:03:25.716Z,23,2017-03-10T17:41:57.579Z,4,(038)-025-2511,(670)-500-8799,SSN,480-36-6930,https://randomuser.me/api/portraits/men/31.jpg,https://randomuser.me/api/portraits/med/men/31.jpg,https://randomuser.me/api/portraits/thumb/men/31.jpg,US
male,Mr,Aiden,Lowe,6638,Edwards Rd,Cedar Rapids,Vermont,United States,50603,-13.2209,97.0684,-10:00,Hawaii,aiden.lowe@example.com,1954-03-29T20:44:33.806Z,67,2013-06-09T19:44:20.806Z,8,(233)-770-4072,(191)-806-2397,SSN,095-57-7119,https://randomuser.me/api/portraits/men/58.jpg,https://randomuser.me/api/portraits/med/men/58.jpg,https://randomuser.me/api/portraits/thumb/men/58.jpg,US
female,Ms,Lucille,Austin,4317,W Gray St,Lewiston,Georgia,United States,88620,-33.1059,-21.4474,-8:00,Pacific Time (US & Canada),lucille.austin@example.com,1959-10-23T17:15:46.621Z,62,2010-12-14T15:32:39.102Z,11,(173)-438-5200,(942)-844-1178,SSN,774-58-1777,https://randomuser.me/api/portraits/women/12.jpg,https://randomuser.me/api/portraits/med/women/12.jpg,https://randomuser.me/api/portraits/thumb/women/12.jpg,US
female,Mrs,Stacey,Hill,8167,Homestead Rd,Thornton,Maryland,United States,37607,-19.9387,-116.1539,+5:45,Kathmandu,stacey.hill@example.com,1981-01-01T04:20:58.826Z,41,2012-09-14T10:07:45.388Z,9,(907)-039-3502,(089)-771-1116,SSN,888-29-4810,https://randomuser.me/api/portraits/women/9.jpg,https://randomuser.me/api/portraits/med/women/9.jpg,https://randomuser.me/api/portraits/thumb/women/9.jpg,US
male,Mr,Jeffery,Holt,4232,Taylor St,High Point,Nebraska,United States,53613,-37.0996,-138.0869,+5:45,Kathmandu,jeffery.holt@example.com,1977-12-21T08:39:02.889Z,44,2015-10-02T17:10:34.911Z,6,(407)-510-3461,(937)-993-8728,SSN,897-87-2202,https://randomuser.me/api/portraits/men/22.jpg,https://randomuser.me/api/portraits/med/men/22.jpg,https://randomuser.me/api/portraits/thumb/men/22.jpg,US
female,Mrs,Carolyn,May,5374,Northaven Rd,Waxahachie,Nebraska,United States,39138,-81.9006,17.8612,-7:00,Mountain Time (US & Canada),carolyn.may@example.com,1960-03-11T14:18:55.406Z,61,2015-07-26T05:59:51.825Z,6,(791)-058-3110,(503)-950-5453,SSN,740-56-9764,https://randomuser.me/api/portraits/women/66.jpg,https://randomuser.me/api/portraits/med/women/66.jpg,https://randomuser.me/api/portraits/thumb/women/66.jpg,US
