gender,name.title,name.first,name.last,location.street.number,location.street.name,location.city,location.state,location.country,location.postcode,location.coordinates.latitude,location.coordinates.longitude,location.timezone.offset,location.timezone.description,email,dob.date,dob.age,registered.date,registered.age,phone,cell,id.name,id.value,picture.large,picture.medium,picture.thumbnail,nat
female,Ms,Herminia,Vasquez,6238,Frances Ct,Hayward,Missouri,United States,35612,16.4937,133.4158,-2:00,Mid-Atlantic,herminia.vasquez@example.com,1951-01-14T21:06:14.935Z,70,2006-12-23T04:29:05.822Z,15,(050)-200-5583,(404)-808-6362,SSN,212-74-2380,https://randomuser.me/api/portraits/women/10.jpg,https://randomuser.me/api/portraits/med/women/10.jpg,https://randomuser.me/api/portraits/thumb/women/10.jpg,US
male,Mr,Angel,Mason,8635,Bruce St,Bellevue,Maryland,United States,94030,41.1616,-122.4714,-8:00,Pacific Time (US & Canada),angel.mason@example.com,1969-02-24T00:55:21.043Z,52,2012-08-25T10:55:08.242Z,9,(747)-946-6615,(976)-956-9847,SSN,245-46-4254,https://randomuser.me/api/portraits/men/14.jpg,https://randomuser.me/api/portraits/med/men/14.jpg,https://randomuser.me/api/portraits/thumb/men/14.jpg,US
female,Mrs,Tracy,Woods,3083,College St,Temecula,Washington,United States,83743,-41.8105,157.6397,-8:00,Pacific Time (US & Canada),tracy.woods@example.com,1952-06-15T23:56:42.395Z,69,2011-06-08T17:03:19.951Z,10,(875)-900-7927,(680)-334-4558,SSN,688-57-3949,https://randomuser.me/api/portraits/women/90.jpg,https://randomuser.me/api/portraits/med/women/90.jpg,https://randomuser.me/api/portraits/thumb/women/90.jpg,US
female,Miss,Alexa,Rhodes,8040,Ash Dr,Clearwater,Kansas,United States,54533,-63.9893,102.1549,-7:00,Mountain Time (US & Canada),alexa.rhodes@example.com,1951-06-15T17:25:49.639Z,70,2012-05-18T03:21:50.651Z,9,(380)-894-1234,(587)-100-4289,SSN,719-73-9740,https://randomuser.me/api/portraits/women/12.jpg,https://randomuser.me/api/portraits/med/women/12.jpg,https://randomuser.me/api/portraits/thumb/women/12.jpg,US
female,Miss,Anne,Fuller,8189,Lakeview St,Cedar Hill,Ohio,United States,91310,-82.7596,17.6543,-10:00,Hawaii,anne.fuller@example.com,1952-09-17T19:40:19.681Z,69,2019-02-23T23:43:34.339Z,2,(399)-968-0014,(141)-956-3719,SSN,588-37-1798,https://randomuser.me/api/portraits/women/77.jpg,https://randomuser.me/api/portraits/med/women/77.jpg,https://randomuser.me/api/portraits/thumb/women/77.jpg,US
female,Mrs,Michele,Martin,7377,Camden Ave,Lafayette,Minnesota,United States,41605,81.4671,163.4077,-7:00,Mountain Time (US & Canada),michele.martin@example.com,1991-11-12T19:11:44.276Z,30,2014-11-02T14:25:52.366Z,7,(702)-290-3123,(877)-497-9656,SSN,345-69-5812,https://randomuser.me/api/portraits/women/14.jpg,https://randomuser.me/api/portraits/med/women/14.jpg,https://randomuser.me/api/portraits/thumb/women/14.jpg,US
female,Ms,Lena,Gregory,2213,Homestead Rd,Lousville,Mississippi,United States,68832,48.3614,20.3656,-2:00,Mid-Atlantic,lena.gregory@example.com,1969-04-13T02:05:00.583Z,52,2009-06-29T12:51:03.463Z,12,(395)-615-4276,(757)-879-0885,SSN,791-90-3349,https://randomuser.me/api/portraits/women/72.jpg,https://randomuser.me/api/portraits/med/women/72.jpg,https://randomuser.me/api/portraits/thumb/women/72.jpg,US
male,Mr,Perry,Herrera,6589,Hogan St,Baton Rouge,Oklahoma,United States,70705,49.1684,33.3119,-9:00,Alaska,perry.herrera@example.com,1957-03-11T00:48:18.507Z,64,2002-09-20T12:00:04.392Z,19,(114)-318-0521,(281)-395-6114,SSN,229-14-9441,https://randomuser.me/api/portraits/men/73.jpg,https://randomuser.me/api/portraits/med/men/73.jpg,https://randomuser.me/api/portraits/thumb/men/73.jpg,US
female,Miss,Arlene,Hawkins,169,W Dallas St,Lancaster,Kentucky,United States,26566,42.9671,86.2529,+4:30,Kabul,arlene.hawkins@example.com,1967-08-04T14:12:27.981Z,54,2004-12-04T04:31:50.712Z,17,(751)-651-7237,(652)-417-8135,SSN,846-80-2372,https://randomuser.me/api/portraits/women/73.jpg,https://randomuser.me/api/portraits/med/women/73.jpg,https://randomuser.me/api/portraits/thumb/women/73.jpg,US
male,Mr,Hunter,Hoffman,3718,Northaven Rd,Grapevine,Hawaii,United States,48828,34.9195,125.7576,-8:00,Pacific Time (US & Canada),hunter.hoffman@example.com,1990-04-27T07:52:37.702Z,31,2006-06-02T06:32:40.151Z,15,(640)-321-0368,(360)-034-6275,SSN,675-91-0589,https://randomuser.me/api/portraits/men/13.jpg,https://randomuser.me/api/portraits/med/men/13.jpg,https://randomuser.me/api/portraits/thumb/men/13.jpg,US
female,Mrs,Sara,Ramirez,6897,Shady Ln Dr,Daly City,Michigan,United States,72264,-27.3582,63.2194,-2:00,Mid-Atlantic,sara.ramirez@example.com,1981-02-27T02:20:22.683Z,40,2016-03-10T22:35:37.366Z,5,(095)-203-0669,(826)-185-0019,SSN,090-49-3629,https://randomuser.me/api/portraits/women/91.jpg,https://randomuser.me/api/portraits/med/women/91.jpg,https://randomuser.me/api/portraits/thumb/women/91.jpg,US
