gender,name.title,name.first,name.last,location.street.number,location.street.name,location.city,location.state,location.country,location.postcode,location.coordinates.latitude,location.coordinates.longitude,location.timezone.offset,location.timezone.description,email,dob.date,dob.age,registered.date,registered.age,phone,cell,id.name,id.value,picture.large,picture.medium,picture.thumbnail,nat
male,Mr,Stanley,Hoffman,2249,Hillcrest Rd,Fullerton,Ohio,United States,47648,-36.6567,-149.4465,-7:00,Mountain Time (US & Canada),stanley.hoffman@example.com,1973-05-26T17:09:05.330Z,48,2005-10-07T23:01:45.141Z,16,(638)-645-3993,(842)-473-8686,SSN,616-21-9267,https://randomuser.me/api/portraits/men/57.jpg,https://randomuser.me/api/portraits/med/men/57.jpg,https://randomuser.me/api/portraits/thumb/men/57.jpg,US
female,Ms,Sophia,Alexander,3601,N Stelling Rd,Salt Lake City,Idaho,United States,13111,20.0456,-153.7438,-10:00,Hawaii,sophia.alexander@example.com,1996-08-19T23:43:04.573Z,25,2014-02-08T07:24:39.406Z,7,(978)-613-4401,(294)-182-2785,SSN,848-12-6980,https://randomuser.me/api/portraits/women/88.jpg,https://randomuser.me/api/portraits/med/women/88.jpg,https://randomuser.me/api/portraits/thumb/women/88.jpg,US
male,Mr,John,Lawson,1555,Parker Rd,Minneapolis,Rhode Island,United States,38991,57.1080,68.2458,-9:00,Alaska,john.lawson@example.com,1952-06-24T20:59:28.569Z,69,2007-03-17T07:28:19.297Z,14,(252)-820-2796,(354)-306-5169,SSN,727-25-8222,https://randomuser.me/api/portraits/men/15.jpg,https://randomuser.me/api/portraits/med/men/15.jpg,https://randomuser.me/api/portraits/thumb/men/15.jpg,US
male,Mr,Norman,Flores,6006,Mockingbird Hill,San Diego,North Carolina,United States,37992,-15.4680,-145.1958,+5:45,Kathmandu,norman.flores@example.com,1954-10-01T14:28:06.376Z,67,2007-07-31T18:53:15.639Z,14,(326)-095-1089,(576)-969-6199,SSN,451-92-1447,https://randomuser.me/api/portraits/men/43.jpg,https://randomuser.me/api/portraits/med/men/43.jpg,https://randomuser.me/api/portraits/thumb/men/43.jpg,US
male,Mr,Earl,Kim,6188,Westheimer Rd,Corona,Nebraska,United States,75320,54.2161,-171.4038,-9:00,Alaska,earl.kim@example.com,1956-02-23T08:31:30.177Z,65,2004-05-26T22:47:53.104Z,17,(305)-588-1814,(155)-250-5856,SSN,800-58-7746,https://randomuser.me/api/portraits/men/88.jpg,https://randomuser.me/api/portraits/med/men/88.jpg,https://randomuser.me/api/portraits/thumb/men/88.jpg,US
female,Miss,Wanda,Austin,304,White Oak Dr,Frederick,Iowa,United States,80610,-80.3514,-72.0285,+5:45,Kathmandu,wanda.austin@example.com,1990-07-30T17:20:45.816Z,31,2017-07-14T16:26:40.886Z,4,(903)-809-3394,(786)-975-8835,SSN,172-41-6384,https://randomuser.me/api/portraits/women/16.jpg,https://randomuser.me/api/portraits/med/women/16.jpg,https://randomuser.me/api/portraits/thumb/women/16.jpg,US
female,Mrs,Lydia,Day,5414,Walnut Hill Ln,Cape Fear,New Hampshire,United States,47123,-55.9738,15.4086,+4:30,Kabul,lydia.day@example.com,1948-02-27T02:28:46.209Z,73,2019-08-04T08:11:06.403Z,2,(293)-453-6812,(327)-873-0938,SSN,562-42-2304,https://randomuser.me/api/portraits/women/2.jpg,https://randomuser.me/api/portraits/med/women/2.jpg,https://randomuser.me/api/portraits/thumb/women/2.jpg,US
male,Mr,Chris,Morgan,7306,Fairview St,St. Louis,Illinois,United States,45430,0.2902,116.9593,-7:00,Mountain Time (US & Canada),chris.morgan@example.com,1984-08-27T02:11:54.115Z,37,2018-09-20T21:51:26.615Z,3,(964)-030-1187,(306)-858-5443,SSN,024-24-2585,https://randomuser.me/api/portraits/men/97.jpg,https://randomuser.me/api/portraits/med/men/97.jpg,https://randomuser.me/api/portraits/thumb/men/97.jpg,US
female,Ms,Toni,Bowman,4822,Westheimer Rd,Detroit,California,United States,75030,57.3525,42.2579,+3:30,Tehran,toni.bowman@example.com,1969-10-20T19:10:35.102Z,52,2005-07-08T05:06:17.814Z,16,(654)-690-4897,(658)-698-1530,SSN,600-28-5076,https://randomuser.me/api/portraits/women/94.jpg,https://randomuser.me/api/portraits/med/women/94.jpg,https://randomuser.me/api/portraits/thumb/women/94.jpg,US
female,Ms,Lesa,Ortiz,3213,Frances Ct,Bakersfield,Wyoming,United States,71400,-6.1396,55.1960,-8:00,Pacific Time (US & Canada),lesa.ortiz@example.com,1985-03-28T09:50:57.769Z,36,2014-03-29T00:33:38.437Z,7,(961)-823-2697,(705)-125-8137,SSN,112-66-0132,https://randomuser.me/api/portraits/women/80.jpg,https://randomuser.me/api/portraits/med/women/80.jpg,https://randomuser.me/api/portraits/thumb/women/80.jpg,US
male,Mr,Joshua,Martin,5995,Sunset St,Daly City,Michigan,United States,26131,30.8376,-175.6965,-9:00,Alaska,joshua.martin@example.com,1948-09-10T23:35:11.063Z,73,2008-08-24T05:45:28.936Z,13,(889)-195-3086,(337)-168-0695,SSN,941-08-0959,https://randomuser.me/api/portraits/men/32.jpg,https://randomuser.me/api/portraits/med/men/32.jpg,https://randomuser.me/api/portraits/thumb/men/32.jpg,US
female,Miss,Gabriella,Owens,195,Railroad St,Orange,Delaware,United States,34378,-31.8861,-0.8220,-9:00,Alaska,gabriella.owens@example.com,1952-08-08T23:43:00.452Z,69,2008-07-05T08:24:36.861Z,13,(506)-135-1828,(875)-021-7277,SSN,649-20-0570,https://randomuser.me/api/portraits/women/33.jpg,https://randomuser.me/api/portraits/med/women/33.jpg,https://randomuser.me/api/portraits/thumb/women/33.jpg,US
female,Ms,Sherry,Matthews,8314,Walnut Hill Ln,Santa Clara,Indiana,United States,99260,-43.0728,58.7619,-8:00,Pacific Time (US & Canada),sherry.matthews@example.com,1981-10-02T04:08:47.549Z,40,2005-04-21T04:01:28.728Z,16,(761)-357-6458,(129)-293-3011,SSN,333-93-4309,https://randomuser.me/api/portraits/women/71.jpg,https://randomuser.me/api/portraits/med/women/71.jpg,https://randomuser.me/api/portraits/thumb/women/71.jpg,US
male,Mr,Gabriel,Reed,6944,Timber Wolf Trail,Santa Rosa,Michigan,United States,31137,69.2928,158.9085,-7:00,Mountain Time (US & Canada),gabriel.reed@example.com,1953-09-26T22:20:48.630Z,68,2008-03-27T18:32:28.072Z,13,(599)-562-1008,(647)-276-5363,SSN,586-48-3060,https://randomuser.me/api/portraits/men/31.jpg,https://randomuser.me/api/portraits/med/men/31.jpg,https://randomuser.me/api/portraits/thumb/men/31.jpg,US
female,Mrs,Jessie,Sims,8737,Crockett St,Gainesville,Missouri,United States,59097,-33.7904,37.3474,-8:00,Pacific Time (US & Canada),jessie.sims@example.com,1970-11-14T08:45:54.284Z,51,2018-06-29T08:39:52.690Z,3,(098)-354-7046,(652)-243-5481,SSN,319-73-2003,https://randomuser.me/api/portraits/women/69.jpg,https://randomuser.me/api/portraits/med/women/69.jpg,https://randomuser.me/api/portraits/thumb/women/69.jpg,US
female,Ms,Pauline,Holt,1345,Mockingbird Hill,Sunnyvale,South Carolina,United States,36969,11.2912,87.0744,-2:00,Mid-Atlantic,pauline.holt@example.com,1951-08-11T01:51:01.555Z,70,2019-07-02T16:14:02.154Z,2,(963)-571-4767,(617)-823-2121,SSN,528-17-0510,https://randomuser.me/api/portraits/women/57.jpg,https://randomuser.me/api/portraits/med/women/57.jpg,https://randomuser.me/api/portraits/thumb/women/57.jpg,US
