gender,name.title,name.first,name.last,location.street.number,location.street.name,location.city,location.state,location.country,location.postcode,location.coordinates.latitude,location.coordinates.longitude,location.timezone.offset,location.timezone.description,email,dob.date,dob.age,registered.date,registered.age,phone,cell,id.name,id.value,picture.large,picture.medium,picture.thumbnail,nat
male,Mr,Joel,Miles,3212,Sunset St,Richardson,New Hampshire,United States,88964,-84.9408,35.4009,+5:45,Kathmandu,joel.miles@example.com,1989-02-24T10:20:06.419Z,32,2002-05-16T02:48:08.297Z,19,(855)-292-8618,(896)-814-2010,SSN,598-60-8923,https://randomuser.me/api/portraits/men/14.jpg,https://randomuser.me/api/portraits/med/men/14.jpg,https://randomuser.me/api/portraits/thumb/men/14.jpg,US
male,Mr,Fernando,Beck,5742,Taylor St,Jersey City,Florida,United States,27234,-88.4276,-127.0656,-2:00,Mid-Atlantic,fernando.beck@example.com,1974-08-17T03:21:21.793Z,47,2008-08-11T11:27:42.880Z,13,(573)-116-8807,(039)-468-5751,SSN,167-56-0698,https://randomuser.me/api/portraits/men/32.jpg,https://randomuser.me/api/portraits/med/men/32.jpg,https://randomuser.me/api/portraits/thumb/men/32.jpg,US
female,Miss,Tara,Bell,7141,Fairview St,Hamsburg,Connecticut,United States,57843,43.6522,130.2844,+3:30,Tehran,tara.bell@example.com,1947-07-07T13:47:54.307Z,74,2003-10-01T22:10:47.000Z,18,(192)-098-8558,(797)-997-5871,SSN,109-83-4313,https://randomuser.me/api/portraits/women/57.jpg,https://randomuser.me/api/portraits/med/women/57.jpg,https://randomuser.me/api/portraits/thumb/women/57.jpg,US
female,Mrs,Eva,Henry,1977,Hickory Creek Dr,Bridgeport,Alabama,United States,83757,-83.9109,87.0295,-10:00,Hawaii,eva.henry@example.com,1953-04-20T13:54:44.469Z,68,2017-06-21T14:04:52.910Z,4,(432)-018-6771,(411)-459-4960,SSN,597-68-6521,https://randomuser.me/api/portraits/women/58.jpg,https://randomuser.me/api/portraits/med/women/58.jpg,https://randomuser.me/api/portraits/thumb/women/58.jpg,US
female,Mrs,Becky,Gordon,1279,Railroad St,Athens,Nebraska,United States,90612,-22.4139,168.7851,-7:00,Mountain Time (US & Canada),becky.gordon@example.com,1964-11-01T18:04:13.898Z,57,2007-02-05T18:56:57.318Z,14,(107)-176-0433,(362)-781-0686,SSN,998-15-1266,https://randomuser.me/api/portraits/women/32.jpg,https://randomuser.me/api/portraits/med/women/32.jpg,https://randomuser.me/api/portraits/thumb/women/32.jpg,US
male,Mr,Leslie,Miller,7871,N Stelling Rd,North Valley,Texas,United States,85469,40.9486,45.0327,+4:30,Kabul,leslie.miller@example.com,1996-12-24T03:35:00.202Z,25,2012-10-03T22:31:01.918Z,9,(551)-590-4276,(185)-828-9992,SSN,877-65-3828,https://randomuser.me/api/portraits/men/80.jpg,https://randomuser.me/api/portraits/med/men/80.jpg,https://randomuser.me/api/portraits/thumb/men/80.jpg,US
male,Mr,Travis,Moore,8939,Walnut Hill Ln,Mcallen,Pennsylvania,United States,39267,36.0414,37.4891,+5:45,Kathmandu,travis.moore@example.com,1964-12-29T20:13:05.275Z,57,2002-04-30T16:57:40.976Z,19,(464)-018-4736,(595)-122-5584,SSN,474-72-0295,https://randomuser.me/api/portraits/men/5.jpg,https://randomuser.me/api/portraits/med/men/5.jpg,https://randomuser.me/api/portraits/thumb/men/5.jpg,US
male,Mr,Justin,Reynolds,6315,Eason Rd,Nampa,Michigan,United States,43044,47.4517,-158.2873,-10:00,Hawaii,justin.reynolds@example.com,1990-03-14T12:35:07.969Z,31,2009-04-12T11:58:27.451Z,12,(843)-607-6840,(323)-333-4169,SSN,902-39-4098,https://randomuser.me/api/portraits/men/21.jpg,https://randomuser.me/api/portraits/med/men/21.jpg,https://randomuser.me/api/portraits/thumb/men/21.jpg,US
female,Miss,Carole,Harris,8998,Crockett St,New Haven,New Mexico,United States,13995,-54.9145,132.3455,+4:30,Kabul,carole.harris@example.com,1988-12-14T01:39:06.906Z,33,2017-12-30T13:40:00.830Z,4,(128)-098-3236,(964)-080-2564,SSN,879-77-3579,https://randomuser.me/api/portraits/women/19.jpg,https://randomuser.me/api/portraits/med/women/19.jpg,https://randomuser.me/api/portraits/thumb/women/19.jpg,US
female,Ms,Tracy,Mitchelle,868,Woodland St,Sacramento,Delaware,United States,33373,-38.9578,-158.2016,+5:45,Kathmandu,tracy.mitchelle@example.com,1954-10-24T07:28:09.512Z,67,2006-07-25T04:39:14.204Z,15,(496)-783-1959,(334)-000-3677,SSN,300-52-3952,https://randomuser.me/api/portraits/women/52.jpg,https://randomuser.me/api/portraits/med/women/52.jpg,https://randomuser.me/api/portraits/thumb/women/52.jpg,US
female,Mrs,Loretta,Perez,5238,Northaven Rd,Murrieta,Wisconsin,United States,48796,27.2074,-39.6612,-9:00,Alaska,loretta.perez@example.com,1983-04-21T17:38:49.159Z,38,2007-10-24T13:31:14.150Z,14,(524)-860-7285,(173)-221-3790,SSN,117-86-2084,https://randomuser.me/api/portraits/women/49.jpg,https://randomuser.me/api/portraits/med/women/49.jpg,https://randomuser.me/api/portraits/thumb/women/49.jpg,US
female,Miss,Stacey,Richards,3249,Westheimer Rd,Anaheim,Florida,United States,94891,22.6956,173.0728,-3:30,Newfoundland,stacey.richards@example.com,1995-01-10T01:17:51.250Z,26,2010-09-12T11:09:23.336Z,11,(243)-553-5426,(612)-109-4485,SSN,388-61-9658,https://randomuser.me/api/portraits/women/89.jpg,https://randomuser.me/api/portraits/med/women/89.jpg,https://randomuser.me/api/portraits/thumb/women/89.jpg,US
male,Mr,Alexander,Gonzales,6152,N Stelling Rd,Hollywood,South Dakota,United States,56339,-40.7163,-64.1869,+4:30,Kabul,alexander.gonzales@example.com,1960-11-15T22:08:53.496Z,61,2008-01-24T21:52:51.573Z,13,(348)-974-0459,(267)-872-8214,SSN,649-40-6616,https://randomuser.me/api/portraits/men/21.jpg,https://randomuser.me/api/portraits/med/men/21.jpg,https://randomuser.me/api/portraits/thumb/men/21.jpg,US
female,Ms,Olivia,Kim,5863,Mcgowen St,Antioch,Kansas,United States,95716,77.4603,161.2066,-7:00,Mountain Time (US & Canada),olivia.kim@example.com,1990-06-29T05:37:05.719Z,31,2013-09-23T17:48:00.035Z,8,(806)-827-3806,(678)-314-3329,SSN,592-66-2223,https://randomuser.me/api/portraits/women/55.jpg,https://randomuser.me/api/portraits/med/women/55.jpg,https://randomuser.me/api/portraits/thumb/women/55.jpg,US
male,Mr,Paul,Cox,6541,Spring Hill Rd,Mobile,Hawaii,United States,55002,-52.6472,-62.6000,-3:30,Newfoundland,paul.cox@example.com,1956-06-15T00:49:24.337Z,65,2010-12-05T02:58:02.841Z,11,(549)-169-4921,(048)-527-9963,SSN,824-97-8251,https://randomuser.me/api/portraits/men/87.jpg,https://randomuser.me/api/portraits/med/men/87.jpg,https://randomuser.me/api/portraits/thumb/men/87.jpg,US
