gender,name.title,name.first,name.last,location.street.number,location.street.name,location.city,location.state,location.country,location.postcode,location.coordinates.latitude,location.coordinates.longitude,location.timezone.offset,location.timezone.description,email,dob.date,dob.age,registered.date,registered.age,phone,cell,id.name,id.value,picture.large,picture.medium,picture.thumbnail,nat
female,Miss,Billie,Carr,5118,E Pecan St,Dayton,South Dakota,United States,57451,-11.0529,40.8114,-2:00,Mid-Atlantic,billie.carr@example.com,1973-05-25T00:04:26.670Z,48,2008-03-26T18:40:33.817Z,13,(490)-188-3383,(125)-515-6046,SSN,581-74-3793,https://randomuser.me/api/portraits/women/30.jpg,https://randomuser.me/api/portraits/med/women/30.jpg,https://randomuser.me/api/portraits/thumb/women/30.jpg,US
female,Ms,Peyton,George,3099,Marsh Ln,Murrieta,New Mexico,United States,83418,66.4450,77.4967,+3:30,Tehran,peyton.george@example.com,1963-07-05T05:57:45.881Z,58,2005-09-16T17:24:34.617Z,16,(035)-888-8791,(066)-992-6240,SSN,676-19-8899,https://randomuser.me/api/portraits/women/16.jpg,https://randomuser.me/api/portraits/med/women/16.jpg,https://randomuser.me/api/portraits/thumb/women/16.jpg,US
male,Mr,Freddie,Burke,2195,Lakeview St,Westminster,Alaska,United States,40716,-47.4937,-108.0697,+5:45,Kathmandu,freddie.burke@example.com,1964-01-29T18:42:45.933Z,57,2012-02-22T09:53:56.534Z,9,(155)-901-7421,(817)-150-3419,SSN,572-57-5523,https://randomuser.me/api/portraits/men/7.jpg,https://randomuser.me/api/portraits/med/men/7.jpg,https://randomuser.me/api/portraits/thumb/men/7.jpg,US
female,Mrs,Noelle,Curtis,5738,Daisy Dr,Cincinnati,Georgia,United States,21632,-79.4422,37.3327,-7:00,Mountain Time (US & Canada),noelle.curtis@example.com,1991-05-21T11:20:48.397Z,30,2007-05-30T22:35:55.653Z,14,(300)-047-0302,(448)-798-8445,SSN,458-46-5145,https://randomuser.me/api/portraits/women/33.jpg,https://randomuser.me/api/portraits/med/women/33.jpg,https://randomuser.me/api/portraits/thumb/women/33.jpg,US
male,Mr,Jose,Clark,5854,Frances Ct,Philadelphia,Nevada,United States,39013,-65.3813,-51.7381,-7:00,Mountain Time (US & Canada),jose.clark@example.com,1976-01-07T01:23:46.229Z,45,2012-08-15T01:17:50.974Z,9,(706)-041-2312,(823)-693-3254,SSN,072-06-7610,https://randomuser.me/api/portraits/men/98.jpg,https://randomuser.me/api/portraits/med/men/98.jpg,https://randomuser.me/api/portraits/thumb/men/98.jpg,US
female,Ms,Beatrice,Lopez,1519,College St,Anchorage,Alaska,United States,58728,-60.9877,120.2537,+3:30,Tehran,beatrice.lopez@example.com,1961-04-23T06:33:19.330Z,60,2016-02-15T16:26:04.990Z,5,(357)-960-7700,(344)-898-6845,SSN,410-34-4993,https://randomuser.me/api/portraits/women/40.jpg,https://randomuser.me/api/portraits/med/women/40.jpg,https://randomuser.me/api/portraits/thumb/women/40.jpg,US
female,Ms,Ann,Phillips,9391,E Center St,Westminster,Wisconsin,United States,33660,-79.9297,-50.8588,-9:00,Alaska,ann.phillips@example.com,1952-06-02T18:41:33.205Z,69,2006-03-19T00:41:59.031Z,15,(203)-326-4164,(953)-726-1563,SSN,035-19-5099,https://randomuser.me/api/portraits/women/7.jpg,https://randomuser.me/api/portraits/med/women/7.jpg,https://randomuser.me/api/portraits/thumb/women/7.jpg,US
male,Mr,Dwight,Burton,5635,Bruce St,Nashville,Georgia,United States,54260,-79.4615,-161.2045,+3:30,Tehran,dwight.burton@example.com,1965-01-25T10:14:21.627Z,56,2007-07-12T01:04:05.764Z,14,(953)-522-7544,(192)-884-1869,SSN,001-10-5526,https://randomuser.me/api/portraits/men/2.jpg,https://randomuser.me/api/portraits/med/men/2.jpg,https://randomuser.me/api/portraits/thumb/men/2.jpg,US
male,Mr,Wyatt,Day,5521,Robinson Rd,Grand Prairie,New York,United States,13612,-14.4593,122.1489,+3:30,Tehran,wyatt.day@example.com,1965-01-29T12:21:50.267Z,56,2009-02-20T02:00:31.881Z,12,(996)-355-4652,(696)-431-8974,SSN,142-00-3513,https://randomuser.me/api/portraits/men/35.jpg,https://randomuser.me/api/portraits/med/men/35.jpg,https://randomuser.me/api/portraits/thumb/men/35.jpg,US
female,Miss,Leona,Wright,7188,E North St,Newport News,Vermont,United States,27068,-80.1462,-63.4825,-9:00,Alaska,leona.wright@example.com,1959-12-07T15:36:17.079Z,62,2007-06-10T05:53:18.869Z,14,(165)-064-4329,(693)-591-4171,SSN,501-35-0054,https://randomuser.me/api/portraits/women/86.jpg,https://randomuser.me/api/portraits/med/women/86.jpg,https://randomuser.me/api/portraits/thumb/women/86.jpg,US
female,Ms,Lillie,Medina,8066,Crockett St,Bakersfield,Alabama,United States,55457,-45.6831,48.4370,-3:30,Newfoundland,lillie.medina@example.com,1973-01-24T13:07:53.813Z,48,2013-04-07T15:00:50.299Z,8,(700)-054-6880,(850)-326-3808,SSN,254-99-4805,https://randomuser.me/api/portraits/women/41.jpg,https://randomuser.me/api/portraits/med/women/41.jpg,https://randomuser.me/api/portraits/thumb/women/41.jpg,US
male,Mr,Gerald,Wilson,4645,Homestead Rd,Worcester,New Mexico,United States,96912,-45.1005,-142.3356,-7:00,Mountain Time (US & Canada),gerald.wilson@example.com,1974-06-20T07:12:28.664Z,47,2010-05-02T09:37:51.797Z,11,(513)-072-4463,(674)-457-5837,SSN,150-80-5136,https://randomuser.me/api/portraits/men/90.jpg,https://randomuser.me/api/portraits/med/men/90.jpg,https://randomuser.me/api/portraits/thumb/men/90.jpg,US
male,Mr,Tristan,Hopkins,6629,Ash Dr,San Bernardino,Idaho,United States,17486,-79.3584,-4.0907,-7:00,Mountain Time (US & Canada),tristan.hopkins@example.com,1969-12-01T16:58:17.555Z,52,2016-02-28T04:47:51.658Z,5,(399)-691-5117,(359)-819-8871,SSN,575-57-9499,https://randomuser.me/api/portraits/men/52.jpg,https://randomuser.me/api/portraits/med/men/52.jpg,https://randomuser.me/api/portraits/thumb/men/52.jpg,US
male,Mr,Ross,Cole,5523,Preston Rd,Stockton,Maryland,United States,13175,16.1564,58.5545,-7:00,Mountain Time (US & Canada),ross.cole@example.com,1978-09-29T07:56:04.087Z,43,2015-10-29T09:50:59.475Z,6,(439)-463-3922,(558)-094-6294,SSN,901-62-5233,https://randomuser.me/api/portraits/men/88.jpg,https://randomuser.me/api/portraits/med/men/88.jpg,https://randomuser.me/api/portraits/thumb/men/88.jpg,US
female,Mrs,Peyton,Carroll,8522,W Gray St,San Bernardino,Illinois,United States,39634,-18.0129,125.5012,-3:30,Newfoundland,peyton.carroll@example.com,1995-02-04T20:39:29.525Z,26,2018-06-09T16:03:12.221Z,3,(618)-468-0163,(777)-101-9611,SSN,627-84-2687,https://randomuser.me/api/portraits/women/12.jpg,https://randomuser.me/api/portraits/med/women/12.jpg,https://randomuser.me/api/portraits/thumb/women/12.jpg,US
female,Mrs,Christy,Carpenter,4911,Homestead Rd,Yakima,Mississippi,United States,85384,17.6463,-52.6450,+5:45,Kathmandu,christy.carpenter@example.com,1977-05-07T20:37:08.851Z,44,2007-02-12T04:42:37.932Z,14,(293)-638-1585,(087)-921-2927,SSN,261-03-8543,https://randomuser.me/api/portraits/women/3.jpg,https://randomuser.me/api/portraits/med/women/3.jpg,https://randomuser.me/api/portraits/thumb/women/3.jpg,US
male,Mr,Jerome,Fisher,3703,Timber Wolf Trail,Santa Ana,South Carolina,United States,36020,12.3522,70.0682,-10:00,Hawaii,jerome.fisher@example.com,1960-07-23T12:32:13.881Z,61,2015-07-22T12:54:46.466Z,6,(248)-862-2594,(593)-276-9169,SSN,001-77-3720,https://randomuser.me/api/portraits/men/26.jpg,https://randomuser.me/api/portraits/med/men/26.jpg,https://randomuser.me/api/portraits/thumb/men/26.jpg,US
