gender,name.title,name.first,name.last,location.street.number,location.street.name,location.city,location.state,location.country,location.postcode,location.coordinates.latitude,location.coordinates.longitude,location.timezone.offset,location.timezone.description,email,dob.date,dob.age,registered.date,registered.age,phone,cell,id.name,id.value,picture.large,picture.medium,picture.thumbnail,nat
female,Ms,Loretta,Powell,6520,Depaul Dr,Olathe,Maryland,United States,13406,28.2235,97.4564,-2:00,Mid-Atlantic,loretta.powell@example.com,1956-10-27T18:40:21.284Z,65,2014-06-07T02:22:51.480Z,7,(264)-376-8072,(324)-296-9570,SSN,148-07-0866,https://randomuser.me/api/portraits/women/58.jpg,https://randomuser.me/api/portraits/med/women/58.jpg,https://randomuser.me/api/portraits/thumb/women/58.jpg,US
male,Mr,Pat,Fernandez,3117,Frances Ct,North Charleston,Ohio,United States,21424,89.6209,42.9054,+3:30,Tehran,pat.fernandez@example.com,1964-02-06T19:29:56.034Z,57,2004-10-14T19:26:12.550Z,17,(581)-434-7038,(608)-309-5846,SSN,040-18-3681,https://randomuser.me/api/portraits/men/85.jpg,https://randomuser.me/api/portraits/med/men/85.jpg,https://randomuser.me/api/portraits/thumb/men/85.jpg,US
male,Mr,Jesse,Walker,6370,Paddock Way,The Colony,South Dakota,United States,69691,12.6343,-91.3354,+5:45,Kathmandu,jesse.walker@example.com,1950-01-08T11:25:46.553Z,71,2013-07-10T16:16:45.529Z,8,(580)-163-5010,(981)-157-2915,SSN,941-38-6256,https://randomuser.me/api/portraits/men/20.jpg,https://randomuser.me/api/portraits/med/men/20.jpg,https://randomuser.me/api/portraits/thumb/men/20.jpg,US
female,Ms,Penny,Wheeler,5433,Eason Rd,Grand Prairie,Wyoming,United States,33943,-80.5957,58.5624,-10:00,Hawaii,penny.wheeler@example.com,1994-06-14T23:13:18.100Z,27,2011-07-18T09:41:20.850Z,10,(085)-105-9247,(321)-637-3766,SSN,917-72-9898,https://randomuser.me/api/portraits/women/37.jpg,https://randomuser.me/api/portraits/med/women/37.jpg,https://randomuser.me/api/portraits/thumb/women/37.jpg,US
female,Miss,Pamela,Graves,2221,W Dallas St,Lakewood,Missouri,United States,53040,-32.8560,39.1555,-7:00,Mountain Time (US & Canada),pamela.graves@example.com,1991-11-14T13:30:15.313Z,30,2015-05-11T02:39:44.426Z,6,(262)-210-3435,(931)-968-7033,SSN,317-39-9918,https://randomuser.me/api/portraits/women/23.jpg,https://randomuser.me/api/portraits/med/women/23.jpg,https://randomuser.me/api/portraits/thumb/women/23.jpg,US
female,Mrs,Lucille,Campbell,4760,Samaritan Dr,Murrieta,South Dakota,United States,98526,-32.3558,-129.6887,-7:00,Mountain Time (US & Canada),lucille.campbell@example.com,1947-03-19T12:12:32.463Z,74,2013-02-14T15:57:19.494Z,8,(053)-898-3878,(939)-185-0882,SSN,041-50-0103,https://randomuser.me/api/portraits/women/30.jpg,https://randomuser.me/api/portraits/med/women/30.jpg,https://randomuser.me/api/portraits/thumb/women/30.jpg,US
male,Mr,Harry,Gilbert,9384,Lovers Ln,Salinas,Missouri,United States,62871,-83.2810,-38.2748,-9:00,Alaska,harry.gilbert@example.com,1953-09-26T01:36:32.631Z,68,2017-07-25T03:58:41.914Z,4,(946)-693-0448,(172)-363-8236,SSN,657-52-2526,https://randomuser.me/api/portraits/men/53.jpg,https://randomuser.me/api/portraits/med/men/53.jpg,https://randomuser.me/api/portraits/thumb/men/53.jpg,US
male,Mr,Arron,Moreno,7680,Dane St,Greeley,Nebraska,United States,89891,76.2321,88.5402,+3:30,Tehran,arron.moreno@example.com,1972-08-19T12:34:34.867Z,49,2002-04-06T13:57:41.664Z,19,(529)-270-1005,(700)-259-5442,SSN,511-88-0746,https://randomuser.me/api/portraits/men/94.jpg,https://randomuser.me/api/portraits/med/men/94.jpg,https://randomuser.me/api/portraits/thumb/men/94.jpg,US
female,Mrs,Norma,Holland,9440,Fairview St,Medford,New York,United States,22261,81.7462,178.0865,+5:45,Kathmandu,norma.holland@example.com,1994-11-13T22:58:53.058Z,27,2004-11-16T10:45:12.123Z,17,(478)-216-3033,(705)-085-0725,SSN,742-26-3431,https://randomuser.me/api/portraits/women/93.jpg,https://randomuser.me/api/portraits/med/women/93.jpg,https://randomuser.me/api/portraits/thumb/women/93.jpg,US
male,Mr,Ray,Mccoy,163,Bollinger Rd,St. Petersburg,Maryland,United States,78702,36.0429,-68.0926,+5:45,Kathmandu,ray.mccoy@example.com,1944-10-17T15:34:19.712Z,77,2017-07-27T00:57:25.309Z,4,(508)-984-4141,(439)-528-4739,SSN,484-85-1812,https://randomuser.me/api/portraits/men/97.jpg,https://randomuser.me/api/portraits/med/men/97.jpg,https://randomuser.me/api/portraits/thumb/men/97.jpg,US
female,Miss,Felecia,Richards,8939,E North St,Surprise,Rhode Island,United States,56122,-39.9521,-101.1728,-2:00,Mid-Atlantic,felecia.richards@example.com,1971-12-05T00:32:12.779Z,50,2010-10-17T02:55:15.194Z,11,(988)-529-0285,(363)-375-6066,SSN,368-29-6506,https://randomuser.me/api/portraits/women/91.jpg,https://randomuser.me/api/portraits/med/women/91.jpg,https://randomuser.me/api/portraits/thumb/women/91.jpg,US
male,Mr,Darrell,Vasquez,9453,Daisy Dr,Saint Paul,Florida,United States,60571,-51.5707,-99.1501,-10:00,Hawaii,darrell.vasquez@example.com,1966-09-05T07:50:52.627Z,55,2004-07-15T09:51:51.274Z,17,(472)-852-0796,(602)-026-2782,SSN,755-69-5879,https://randomuser.me/api/portraits/men/51.jpg,https://randomuser.me/api/portraits/med/men/51.jpg,https://randomuser.me/api/portraits/thumb/men/51.jpg,US
female,Miss,Lydia,Chambers,968,Photinia Ave,The Colony,Indiana,United States,29115,-63.4183,20.8910,-10:00,Hawaii,lydia.chambers@example.com,1982-10-21T15:39:04.615Z,39,2004-10-04T12:18:12.524Z,17,(082)-246-4134,(351)-670-7481,SSN,586-05-6892,https://randomuser.me/api/portraits/women/18.jpg,https://randomuser.me/api/portraits/med/women/18.jpg,https://randomuser.me/api/portraits/thumb/women/18.jpg,US
male,Mr,Karl,Riley,5243,Photinia Ave,Belen,Idaho,United States,23883,6.2093,-156.5318,-2:00,Mid-Atlantic,karl.riley@example.com,1985-06-16T05:26:47.919Z,36,2019-07-02T23:13:48.556Z,2,(280)-322-8050,(986)-256-9778,SSN,781-08-1153,https://randomuser.me/api/portraits/men/83.jpg,https://randomuser.me/api/portraits/med/men/83.jpg,https://randomuser.me/api/portraits/thumb/men/83.jpg,US
