gender,name.title,name.first,name.last,location.street.number,location.street.name,location.city,location.state,location.country,location.postcode,location.coordinates.latitude,location.coordinates.longitude,location.timezone.offset,location.timezone.description,email,dob.date,dob.age,registered.date,registered.age,phone,cell,id.name,id.value,picture.large,picture.medium,picture.thumbnail,nat
male,Mr,David,Ward,5315,Frances Ct,Berkeley,New Mexico,United States,55277,61.3051,-168.7487,-9:00,Alaska,david.ward@example.com,1963-09-28T06:54:21.898Z,58,2016-11-30T09:00:00.086Z,5,(051)-976-3335,(769)-854-7877,SSN,902-87-4435,https://randomuser.me/api/portraits/men/57.jpg,https://randomuser.me/api/portraits/med/men/57.jpg,https://randomuser.me/api/portraits/thumb/men/57.jpg,US
female,Miss,Alyssa,Turner,1393,W Dallas St,New York,Indiana,United States,61944,0.9087,-54.7251,-8:00,Pacific Time (US & Canada),alyssa.turner@example.com,1973-01-28T17:59:38.539Z,48,2012-12-16T13:38:49.889Z,9,(896)-308-1781,(908)-341-7367,SSN,680-08-0058,https://randomuser.me/api/portraits/women/77.jpg,https://randomuser.me/api/portraits/med/women/77.jpg,https://randomuser.me/api/portraits/thumb/women/77.jpg,US
male,Mr,Roland,Williamson,7361,Forest Ln,San Bernardino,South Carolina,United States,16099,49.3009,19.9109,+5:45,Kathmandu,roland.williamson@example.com,1947-12-20T02:45:32.746Z,74,2008-08-01T09:53:03.301Z,13,(867)-964-3651,(637)-001-1330,SSN,426-11-0546,https://randomuser.me/api/portraits/men/72.jpg,https://randomuser.me/api/portraits/med/men/72.jpg,https://randomuser.me/api/portraits/thumb/men/72.jpg,US
female,Ms,Emma,Elliott,9501,Lakeview St,Everett,New Jersey,United States,92446,-22.3429,-48.2228,-3:30,Newfoundland,emma.elliott@example.com,1993-02-05T03:05:28.539Z,28,2018-04-10T02:42:26.971Z,3,(712)-172-2987,(130)-641-0100,SSN,483-89-0426,https://randomuser.me/api/portraits/women/71.jpg,https://randomuser.me/api/portraits/med/women/71.jpg,https://randomuser.me/api/portraits/thumb/women/71.jpg,US
female,Miss,Kristina,Rodriguez,5698,Royal Ln,Evansville,Kentucky,United States,27609,82.0531,-36.8693,+3:30,Tehran,kristina.rodriguez@example.com,1969-08-06T18:02:30.928Z,52,2013-05-05T05:53:14.158Z,8,(759)-891-3336,(507)-727-9193,SSN,225-16-2844,https://randomuser.me/api/portraits/women/37.jpg,https://randomuser.me/api/portraits/med/women/37.jpg,https://randomuser.me/api/portraits/thumb/women/37.jpg,US
female,Mrs,Veronica,Perez,1000,Wycliff Ave,Frisco,Michigan,United States,79786,19.1831,43.1095,-8:00,Pacific Time (US & Canada),veronica.perez@example.com,1947-06-13T09:37:25.343Z,74,2004-12-06T02:02:00.201Z,17,(999)-313-7392,(920)-976-9098,SSN,367-13-7489,https://randomuser.me/api/portraits/women/2.jpg,https://randomuser.me/api/portraits/med/women/2.jpg,https://randomuser.me/api/portraits/thumb/women/2.jpg,US
female,Mrs,Addison,Warren,6027,Pockrus Page Rd,Farmers Branch,New Jersey,United States,73418,32.0622,163.0464,+3:30,Tehran,addison.warren@example.com,1953-03-05T18:29:59.191Z,68,2011-12-04T22:20:46.320Z,10,(901)-842-7050,(459)-457-5199,SSN,649-72-8732,https://randomuser.me/api/portraits/women/74.jpg,https://randomuser.me/api/portraits/med/women/74.jpg,https://randomuser.me/api/portraits/thumb/women/74.jpg,US
male,Mr,Arthur,Warren,1906,W Sherman Dr,West Jordan,South Carolina,United States,73488,16.2901,-161.6291,-10:00,Hawaii,arthur.warren@example.com,1983-03-16T04:32:43.582Z,38,2007-04-18T06:25:05.734Z,14,(985)-066-3318,(361)-501-0544,SSN,656-60-6393,https://randomuser.me/api/portraits/men/57.jpg,https://randomuser.me/api/portraits/med/men/57.jpg,https://randomuser.me/api/portraits/thumb/men/57.jpg,US
male,Mr,Zachary,Matthews,3183,Blossom Hill Rd,Corona,Texas,United States,11874,-86.0702,177.0288,+3:30,Tehran,zachary.matthews@example.com,1995-08-30T08:26:58.298Z,26,2012-06-22T05:14:59.838Z,9,(323)-794-8009,(642)-120-2216,SSN,603-80-7465,https://randomuser.me/api/portraits/men/94.jpg,https://randomuser.me/api/portraits/med/men/94.jpg,https://randomuser.me/api/portraits/thumb/men/94.jpg,US
female,Mrs,Marian,Harvey,466,First Street,Madison,Pennsylvania,United States,55164,-62.3542,87.6556,-7:00,Mountain Time (US & Canada),marian.harvey@example.com,1947-04-30T18:56:49.769Z,74,2017-04-30T20:16:31.566Z,4,(195)-247-0899,(280)-791-6322,SSN,206-21-9508,https://randomuser.me/api/portraits/women/58.jpg,https://randomuser.me/api/portraits/med/women/58.jpg,https://randomuser.me/api/portraits/thumb/women/58.jpg,US
male,Mr,Earl,Hamilton,3141,College St,Charleston,Maryland,United States,47015,-85.3007,93.7407,-3:30,Newfoundland,earl.hamilton@example.com,1996-12-30T18:58:56.212Z,25,2009-10-31T22:40:14.397Z,12,(898)-162-0910,(375)-188-4470,SSN,608-50-7755,https://randomuser.me/api/portraits/men/76.jpg,https://randomuser.me/api/portraits/med/men/76.jpg,https://randomuser.me/api/portraits/thumb/men/76.jpg,US
female,Mrs,Jacqueline,Mccoy,5684,E Sandy Lake Rd,Lubbock,Utah,United States,92691,89.0353,-156.4293,+4:30,Kabul,jacqueline.mccoy@example.com,1976-06-08T05:54:05.722Z,45,2011-09-19T10:43:28.648Z,10,(496)-540-0976,(964)-118-7770,SSN,748-06-6981,https://randomuser.me/api/portraits/women/13.jpg,https://randomuser.me/api/portraits/med/women/13.jpg,https://randomuser.me/api/portraits/thumb/women/13.jpg,US
female,Ms,Carmen,Carter,5016,Fairview St,Olathe,Tennessee,United States,38288,-71.4492,-115.5011,+5:45,Kathmandu,carmen.carter@example.com,1998-02-13T06:40:54.973Z,23,2014-05-13T13:27:36.329Z,7,(983)-496-5207,(095)-562-0979,SSN,469-42-5491,https://randomuser.me/api/portraits/women/88.jpg,https://randomuser.me/api/portraits/med/women/88.jpg,https://randomuser.me/api/portraits/thumb/women/88.jpg,US
male,Mr,Jared,Barrett,3829,Walnut Hill Ln,Wilmington,New Hampshire,United States,55654,35.7377,146.0304,+4:30,Kabul,jared.barrett@example.com,1956-04-22T08:20:35.523Z,65,2010-11-25T11:09:57.996Z,11,(133)-723-3849,(318)-611-8322,SSN,978-79-8566,https://randomuser.me/api/portraits/men/91.jpg,https://randomuser.me/api/portraits/med/men/91.jpg,https://randomuser.me/api/portraits/thumb/men/91.jpg,US
male,Mr,Daryl,Woods,3172,Blossom Hill Rd,Bernalillo,Louisiana,United States,73460,-41.1152,-31.2772,+5:45,Kathmandu,daryl.woods@example.com,1989-03-12T21:43:20.032Z,32,2010-03-28T01:11:51.003Z,11,(737)-927-1087,(094)-942-8925,SSN,376-37-5478,https://randomuser.me/api/portraits/men/15.jpg,https://randomuser.me/api/portraits/med/men/15.jpg,https://randomuser.me/api/portraits/thumb/men/15.jpg,US
female,Ms,Nina,Shaw,4220,Smokey Ln,Fayetteville,Washington,United States,70047,88.5917,-123.8851,+3:30,Tehran,nina.shaw@example.com,1958-09-11T08:40:03.104Z,63,2005-05-25T02:15:25.997Z,16,(007)-822-1832,(684)-831-0609,SSN,730-68-0533,https://randomuser.me/api/portraits/women/26.jpg,https://randomuser.me/api/portraits/med/women/26.jpg,https://randomuser.me/api/portraits/thumb/women/26.jpg,US
female,Mrs,Meghan,Robertson,4884,Sunset St,Omaha,Delaware,United States,19555,-7.4627,129.8994,-3:30,Newfoundland,meghan.robertson@example.com,1965-10-10T19:44:30.658Z,56,2014-10-25T22:27:52.477Z,7,(480)-915-4901,(430)-089-9294,SSN,072-53-2224,https://randomuser.me/api/portraits/women/18.jpg,https://randomuser.me/api/portraits/med/women/18.jpg,https://randomuser.me/api/portraits/thumb/women/18.jpg,US
