gender,name.title,name.first,name.last,location.street.number,location.street.name,location.city,location.state,location.country,location.postcode,location.coordinates.latitude,location.coordinates.longitude,location.timezone.offset,location.timezone.description,email,dob.date,dob.age,registered.date,registered.age,phone,cell,id.name,id.value,picture.large,picture.medium,picture.thumbnail,nat
male,Mr,Carl,Castillo,2769,Washington Ave,Murrieta,Maryland,United States,44993,-76.8770,-65.1742,-10:00,Hawaii,carl.castillo@example.com,1974-12-26T19:50:08.265Z,47,2011-08-06T21:26:44.544Z,10,(253)-907-0218,(505)-556-9631,SSN,462-50-7098,https://randomuser.me/api/portraits/men/18.jpg,https://randomuser.me/api/portraits/med/men/18.jpg,https://randomuser.me/api/portraits/thumb/men/18.jpg,US
male,Mr,Landon,Ray,1927,Hickory Creek Dr,Forney,California,United States,54563,11.4217,-61.9280,-10:00,Hawaii,landon.ray@example.com,1980-04-30T12:14:33.260Z,41,2013-03-20T05:55:14.057Z,8,(747)-094-0886,(426)-996-2693,SSN,106-88-7051,https://randomuser.me/api/portraits/men/12.jpg,https://randomuser.me/api/portraits/med/men/12.jpg,https://randomuser.me/api/portraits/thumb/men/12.jpg,US
female,Miss,Diana,Torres,8209,Northaven Rd,Nampa,Rhode Island,United States,69452,30.6516,-20.1943,-2:00,Mid-Atlantic,diana.torres@example.com,1977-04-07T07:51:10.935Z,44,2008-04-20T01:41:52.231Z,13,(290)-609-7788,(743)-064-5786,SSN,270-02-6032,https://randomuser.me/api/portraits/women/49.jpg,https://randomuser.me/api/portraits/med/women/49.jpg,https://randomuser.me/api/portraits/thumb/women/49.jpg,US
female,Ms,Amy,Carter,4337,Nowlin Rd,Denton,Delaware,United States,57120,-54.0674,-172.1648,-9:00,Alaska,amy.carter@example.com,1960-03-03T07:03:55.624Z,61,2015-09-27T06:44:00.605Z,6,(443)-413-9722,(986)-986-4643,SSN,048-89-6637,https://randomuser.me/api/portraits/women/45.jpg,https://randomuser.me/api/portraits/med/women/45.jpg,https://randomuser.me/api/portraits/thumb/women/45.jpg,US
male,Mr,Jon,Garza,1082,Lone Wolf Trail,Waterbury,Wisconsin,United States,67611,-50.8669,-155.6838,-7:00,Mountain Time (US & Canada),jon.garza@example.com,1970-07-30T17:37:56.091Z,51,2004-11-19T08:14:18.516Z,17,(967)-106-2736,(330)-289-0747,SSN,438-12-5703,https://randomuser.me/api/portraits/men/95.jpg,https://randomuser.me/api/portraits/med/men/95.jpg,https://randomuser.me/api/portraits/thumb/men/95.jpg,US
male,Mr,Lester,Phillips,2478,Bruce St,Odessa,Mississippi,United States,82702,-4.1988,-70.0923,-10:00,Hawaii,lester.phillips@example.com,1947-07-18T13:34:13.141Z,74,2004-09-29T03:50:16.341Z,17,(177)-116-7542,(272)-752-2991,SSN,852-44-7552,https://randomuser.me/api/portraits/men/16.jpg,https://randomuser.me/api/portraits/med/men/16.jpg,https://randomuser.me/api/portraits/thumb/men/16.jpg,US
male,Mr,Bernard,Griffin,606,Valwood Pkwy,Austin,New Hampshire,United States,64328,-28.1425,-38.6860,-2:00,Mid-Atlantic,bernard.griffin@example.com,1952-07-31T22:34:05.798Z,69,2009-08-29T19:22:13.087Z,12,(564)-376-7717,(338)-093-6622,SSN,556-89-2508,https://randomuser.me/api/portraits/men/19.jpg,https://randomuser.me/api/portraits/med/men/19.jpg,https://randomuser.me/api/portraits/thumb/men/19.jpg,US
female,Miss,Celina,Miller,5723,W Belt Line Rd,Boston,North Carolina,United States,84870,87.0546,50.0832,-10:00,Hawaii,celina.miller@example.com,1959-10-16T00:19:04.850Z,62,2007-01-10T20:43:31.450Z,14,(231)-627-4621,(303)-439-8853,SSN,498-20-8322,https://randomuser.me/api/portraits/women/4.jpg,https://randomuser.me/api/portraits/med/women/4.jpg,https://randomuser.me/api/portraits/thumb/women/4.jpg,US
female,Mrs,Kristina,Holmes,33,Hogan St,Los Lunas,South Carolina,United States,75218,-11.8291,-179.4469,+4:30,Kabul,kristina.holmes@example.com,1987-12-26T17:40:27.388Z,34,2009-01-06T04:51:14.751Z,12,(062)-168-6334,(755)-548-8660,SSN,529-66-5818,https://randomuser.me/api/portraits/women/70.jpg,https://randomuser.me/api/portraits/med/women/70.jpg,https://randomuser.me/api/portraits/thumb/women/70.jpg,US
male,Mr,Andy,Lane,2228,Spring St,Pasadena,Indiana,United States,79145,-49.2708,-164.8601,-7:00,Mountain Time (US & Canada),andy.lane@example.com,1966-02-01T11:45:08.320Z,55,2004-01-02T00:43:59.217Z,17,(858)-334-6844,(756)-947-7942,SSN,872-09-0170,https://randomuser.me/api/portraits/men/97.jpg,https://randomuser.me/api/portraits/med/men/97.jpg,https://randomuser.me/api/portraits/thumb/men/97.jpg,US
male,Mr,Harold,Kelley,6544,Oak Lawn Ave,Roseville,New Jersey,United States,65818,73.2581,39.4826,-10:00,Hawaii,harold.kelley@example.com,1994-06-07T20:54:27.325Z,27,2019-01-20T03:54:25.362Z,2,(377)-354-8208,(133)-576-1317,SSN,758-59-6973,https://randomuser.me/api/portraits/men/45.jpg,https://randomuser.me/api/portraits/med/men/45.jpg,https://randomuser.me/api/portraits/thumb/men/45.jpg,US
male,Mr,Barry,Morgan,6317,Northaven Rd,Hayward,West Virginia,United States,23556,-45.4535,108.1609,-2:00,Mid-Atlantic,barry.morgan@example.com,1960-11-14T10:04:39.677Z,61,2006-06-27T08:39:45.696Z,15,(585)-361-3392,(774)-119-8572,SSN,113-85-7645,https://randomuser.me/api/portraits/men/96.jpg,https://randomuser.me/api/portraits/med/men/96.jpg,https://randomuser.me/api/portraits/thumb/men/96.jpg,US
female,Ms,Judy,Kim,5719,Hogan St,Rio Rancho,Florida,United States,63930,62.8348,179.2338,-3:30,Newfoundland,judy.kim@example.com,1955-10-25T18:48:54.310Z,66,2012-12-26T03:31:29.275Z,9,(544)-710-8279,(827)-623-4303,SSN,555-92-4933,https://randomuser.me/api/portraits/women/85.jpg,https://randomuser.me/api/portraits/med/women/85.jpg,https://randomuser.me/api/portraits/thumb/women/85.jpg,US
female,Ms,Layla,Obrien,9107,Wycliff Ave,Modesto,West Virginia,United States,28265,42.3728,20.7373,-9:00,Alaska,layla.obrien@example.com,1976-11-18T12:34:30.560Z,45,2018-06-16T22:58:54.896Z,3,(369)-247-9009,(854)-678-4706,SSN,237-34-2684,https://randomuser.me/api/portraits/women/90.jpg,https://randomuser.me/api/portraits/med/women/90.jpg,https://randomuser.me/api/portraits/thumb/women/90.jpg,US
female,Miss,Ella,Rogers,7268,Mcclellan Rd,Ironville,Alaska,United States,98377,55.8258,-116.3394,-2:00,Mid-Atlantic,ella.rogers@example.com,1948-05-10T20:35:52.323Z,73,2013-05-22T16:31:37.080Z,8,(849)-320-2747,(765)-079-3918,SSN,273-40-6036,https://randomuser.me/api/portraits/women/52.jpg,https://randomuser.me/api/portraits/med/women/52.jpg,https://randomuser.me/api/portraits/thumb/women/52.jpg,US
female,Mrs,Sofia,Young,321,Cackson St,New York,South Carolina,United States,54963,10.9200,86.7934,-2:00,Mid-Atlantic,sofia.young@example.com,1947-10-26T13:26:44.504Z,74,2010-06-18T12:08:37.858Z,11,(778)-923-1997,(807)-497-3980,SSN,236-13-6663,https://randomuser.me/api/portraits/women/10.jpg,https://randomuser.me/api/portraits/med/women/10.jpg,https://randomuser.me/api/portraits/thumb/women/10.jpg,US
male,Mr,Hunter,White,6037,Forest Ln,Las Vegas,Minnesota,United States,74498,-71.6615,171.4399,-9:00,Alaska,hunter.white@example.com,1960-06-24T07:34:50.365Z,61,2009-10-21T02:42:48.245Z,12,(446)-861-8326,(409)-984-1329,SSN,686-67-8057,https://randomuser.me/api/portraits/men/52.jpg,https://randomuser.me/api/portraits/med/men/52.jpg,https://randomuser.me/api/portraits/thumb/men/52.jpg,US
female,Mrs,Wilma,Williams,8262,W Gray St,Baltimore,New Jersey,United States,65933,55.6651,-24.7834,-7:00,Mountain Time (US & Canada),wilma.williams@example.com,1972-03-21T23:19:12.991Z,49,2011-04-20T21:19:13.101Z,10,(662)-938-7390,(713)-392-2853,SSN,170-57-8054,https://randomuser.me/api/portraits/women/93.jpg,https://randomuser.me/api/portraits/med/women/93.jpg,https://randomuser.me/api/portraits/thumb/women/93.jpg,US
