gender,name.title,name.first,name.last,location.street.number,location.street.name,location.city,location.state,location.country,location.postcode,location.coordinates.latitude,location.coordinates.longitude,location.timezone.offset,location.timezone.description,email,dob.date,dob.age,registered.date,registered.age,phone,cell,id.name,id.value,picture.large,picture.medium,picture.thumbnail,nat
female,Mrs,Riley,Owens,6025,Parker Rd,Thornton,Alabama,United States,12942,-14.9530,44.7400,-3:30,Newfoundland,riley.owens@example.com,1965-02-10T07:42:28.035Z,56,2005-01-28T13:53:00.368Z,16,(825)-790-4347,(021)-778-8972,SSN,194-82-6056,https://randomuser.me/api/portraits/women/73.jpg,https://randomuser.me/api/portraits/med/women/73.jpg,https://randomuser.me/api/portraits/thumb/women/73.jpg,US
female,Mrs,Linda,Mcdonalid,478,Daisy Dr,Grants Pass,Ohio,United States,99338,-39.5354,-17.2596,-10:00,Hawaii,linda.mcdonalid@example.com,1951-03-20T10:08:04.708Z,70,2012-02-13T05:24:28.155Z,9,(562)-959-2831,(663)-363-4697,SSN,441-96-8701,https://randomuser.me/api/portraits/women/90.jpg,https://randomuser.me/api/portraits/med/women/90.jpg,https://randomuser.me/api/portraits/thumb/women/90.jpg,US
male,Mr,Martin,Walker,5245,Valwood Pkwy,Burbank,Indiana,United States,41675,55.9332,24.8419,-7:00,Mountain Time (US & Canada),martin.walker@example.com,1973-10-23T07:29:18.455Z,48,2019-06-01T20:22:17.963Z,2,(230)-944-8598,(763)-362-3103,SSN,713-20-5160,https://randomuser.me/api/portraits/men/82.jpg,https://randomuser.me/api/portraits/med/men/82.jpg,https://randomuser.me/api/portraits/thumb/men/82.jpg,US
male,Mr,Justin,Armstrong,8701,Karen Dr,North Charleston,Nevada,United States,91951,11.5048,104.6727,-9:00,Alaska,justin.armstrong@example.com,1960-11-04T09:31:31.554Z,61,2015-02-20T01:33:42.433Z,6,(575)-152-2261,(761)-816-3871,SSN,202-68-4246,https://randomuser.me/api/portraits/men/86.jpg,https://randomuser.me/api/portraits/med/men/86.jpg,https://randomuser.me/api/portraits/thumb/men/86.jpg,US
female,Mrs,Dolores,Harrison,268,Green Rd,Santa Clara,Florida,United States,23334,50.2130,-67.5644,-2:00,Mid-Atlantic,dolores.harrison@example.com,1950-08-24T21:39:04.338Z,71,2017-07-10T07:18:18.423Z,4,(892)-377-3653,(304)-142-3660,SSN,171-53-6366,https://randomuser.me/api/portraits/women/34.jpg,https://randomuser.me/api/portraits/med/women/34.jpg,https://randomuser.me/api/portraits/thumb/women/34.jpg,US
female,Mrs,Sarah,Davidson,5038,Preston Rd,Duncanville,Arizona,United States,56026,-66.8448,46.4457,-7:00,Mountain Time (US & Canada),sarah.davidson@example.com,1963-05-28T00:15:07.784Z,58,2005-04-27T13:05:05.541Z,16,(698)-647-4861,(954)-204-5178,SSN,294-41-7313,https://randomuser.me/api/portraits/women/8.jpg,https://randomuser.me/api/portraits/med/women/8.jpg,https://randomuser.me/api/portraits/thumb/women/8.jpg,US
female,Mrs,Lynn,Washington,1758,Lovers Ln,Brownsville,Maryland,United States,97214,39.8251,-154.7753,+4:30,Kabul,lynn.washington@example.com,1984-09-05T21:44:10.766Z,37,2009-09-08T12:59:39.557Z,12,(999)-481-5618,(265)-082-0999,SSN,809-66-0703,https://randomuser.me/api/portraits/women/14.jpg,https://randomuser.me/api/portraits/med/women/14.jpg,https://randomuser.me/api/portraits/thumb/women/14.jpg,US
male,Mr,Frank,Martin,9208,Thornridge Cir,Edgewood,Delaware,United States,58024,9.1618,58.9418,-3:30,Newfoundland,frank.martin@example.com,1985-11-09T14:06:33.745Z,36,2004-07-25T19:52:50.416Z,17,(495)-398-0122,(794)-891-9162,SSN,159-69-1582,https://randomuser.me/api/portraits/men/51.jpg,https://randomuser.me/api/portraits/med/men/51.jpg,https://randomuser.me/api/portraits/thumb/men/51.jpg,US
male,Mr,Cory,Jimenez,8164,E Sandy Lake Rd,Fremont,North Dakota,United States,33054,-56.7608,8.8133,+4:30,Kabul,cory.jimenez@example.com,1995-04-17T09:53:00.311Z,26,2012-07-18T16:13:07.020Z,9,(992)-748-0806,(273)-507-2538,SSN,674-34-7430,https://randomuser.me/api/portraits/men/45.jpg,https://randomuser.me/api/portraits/med/men/45.jpg,https://randomuser.me/api/portraits/thumb/men/45.jpg,US
