gender,name.title,name.first,name.last,location.street.number,location.street.name,location.city,location.state,location.country,location.postcode,location.coordinates.latitude,location.coordinates.longitude,location.timezone.offset,location.timezone.description,email,dob.date,dob.age,registered.date,registered.age,phone,cell,id.name,id.value,picture.large,picture.medium,picture.thumbnail,nat
female,Mrs,Cindy,Pena,617,Samaritan Dr,Stanley,Louisiana,United States,82091,81.3415,130.6376,-3:30,Newfoundland,cindy.pena@example.com,1947-08-03T09:18:41.660Z,74,2013-11-26T10:09:26.335Z,8,(448)-171-7787,(776)-314-0383,SSN,730-49-3106,https://randomuser.me/api/portraits/women/71.jpg,https://randomuser.me/api/portraits/med/women/71.jpg,https://randomuser.me/api/portraits/thumb/women/71.jpg,US
male,Mr,Ian,Dunn,4111,Cherry St,Tyler,Florida,United States,54865,-32.3224,-55.5199,-3:30,Newfoundland,ian.dunn@example.com,1991-02-17T22:30:57.897Z,30,2008-07-15T15:48:43.165Z,13,(294)-512-9859,(729)-594-1756,SSN,732-39-7443,https://randomuser.me/api/portraits/men/75.jpg,https://randomuser.me/api/portraits/med/men/75.jpg,https://randomuser.me/api/portraits/thumb/men/75.jpg,US
female,Mrs,Joan,Elliott,5452,White Oak Dr,Duncanville,Utah,United States,93044,42.3845,44.2492,+5:45,Kathmandu,joan.elliott@example.com,1951-05-14T23:15:37.768Z,70,2006-02-24T04:00:17.164Z,15,(254)-308-5096,(673)-127-1491,SSN,405-04-0737,https://randomuser.me/api/portraits/women/2.jpg,https://randomuser.me/api/portraits/med/women/2.jpg,https://randomuser.me/api/portraits/thumb/women/2.jpg,US
male,Mr,Ronald,Fleming,8482,Lovers Ln,Broken Arrow,North Dakota,United States,46222,-22.6456,44.3416,-10:00,Hawaii,ronald.fleming@example.com,1952-06-16T23:22:32.703Z,69,2004-10-19T16:28:50.596Z,17,(601)-152-9677,(023)-646-0115,SSN,116-50-7175,https://randomuser.me/api/portraits/men/78.jpg,https://randomuser.me/api/portraits/med/men/78.jpg,https://randomuser.me/api/portraits/thumb/men/78.jpg,US
male,Mr,Dwight,Cox,279,Miller Ave,Richardson,Louisiana,United States,60718,-80.7660,-49.8405,-7:00,Mountain Time (US & Canada),dwight.cox@example.com,1988-03-22T22:09:22.761Z,33,2012-01-13T16:32:39.762Z,9,(995)-766-7314,(227)-657-5833,SSN,087-33-5984,https://randomuser.me/api/portraits/men/41.jpg,https://randomuser.me/api/portraits/med/men/41.jpg,https://randomuser.me/api/portraits/thumb/men/41.jpg,US
male,Mr,Travis,Pierce,6265,Saddle Dr,Palmdale,Kansas,United States,27857,32.4798,85.7136,-8:00,Pacific Time (US & Canada),travis.pierce@example.com,1956-05-13T20:47:53.973Z,65,2003-11-28T06:20:00.905Z,18,(317)-286-0379,(873)-222-8728,SSN,251-34-9144,https://randomuser.me/api/portraits/men/53.jpg,https://randomuser.me/api/portraits/med/men/53.jpg,https://randomuser.me/api/portraits/thumb/men/53.jpg,US
male,Mr,Frederick,Lewis,4401,W Dallas St,El Monte,Vermont,United States,96561,71.9986,-99.6622,+4:30,Kabul,frederick.lewis@example.com,1968-11-25T22:17:31.081Z,53,2017-10-11T11:06:16.564Z,4,(874)-991-2397,(767)-492-1767,SSN,771-72-6926,https://randomuser.me/api/portraits/men/66.jpg,https://randomuser.me/api/portraits/med/men/66.jpg,https://randomuser.me/api/portraits/thumb/men/66.jpg,US
male,Mr,Mark,Myers,1620,First Street,Torrance,Kansas,United States,79466,84.0454,120.9040,+5:45,Kathmandu,mark.myers@example.com,1946-03-14T14:20:24.329Z,75,2007-08-18T15:34:03.742Z,14,(593)-721-9602,(653)-420-3264,SSN,525-43-6122,https://randomuser.me/api/portraits/men/94.jpg,https://randomuser.me/api/portraits/med/men/94.jpg,https://randomuser.me/api/portraits/thumb/men/94.jpg,US
male,Mr,Christopher,Fernandez,3540,Valley View Ln,Manchester,Kentucky,United States,23266,-76.8434,-34.2221,+3:30,Tehran,christopher.fernandez@example.com,1957-04-30T09:47:06.382Z,64,2002-09-08T11:10:43.660Z,19,(336)-299-5199,(870)-067-7432,SSN,113-09-4859,https://randomuser.me/api/portraits/men/23.jpg,https://randomuser.me/api/portraits/med/men/23.jpg,https://randomuser.me/api/portraits/thumb/men/23.jpg,US
female,Mrs,Alice,Powell,9940,W Pecan St,Helena,New York,United States,41744,87.5680,-128.0407,+4:30,Kabul,alice.powell@example.com,1981-11-19T18:16:12.455Z,40,2002-07-18T01:54:46.260Z,19,(241)-526-2746,(276)-141-2639,SSN,350-42-9907,https://randomuser.me/api/portraits/women/25.jpg,https://randomuser.me/api/portraits/med/women/25.jpg,https://randomuser.me/api/portraits/thumb/women/25.jpg,US
female,Miss,Megan,Davis,2321,Photinia Ave,Belen,Indiana,United States,84428,-70.4962,74.0078,-8:00,Pacific Time (US & Canada),megan.davis@example.com,1998-02-17T10:15:32.951Z,23,2017-04-12T23:42:01.582Z,4,(770)-013-4720,(328)-686-3341,SSN,641-24-9784,https://randomuser.me/api/portraits/women/14.jpg,https://randomuser.me/api/portraits/med/women/14.jpg,https://randomuser.me/api/portraits/thumb/women/14.jpg,US
male,Mr,Gordon,Newman,114,Robinson Rd,Aubrey,Wisconsin,United States,27772,-42.6126,10.9793,-3:30,Newfoundland,gordon.newman@example.com,1967-05-28T11:30:06.619Z,54,2007-03-28T08:43:35.526Z,14,(047)-402-7803,(336)-433-0214,SSN,189-82-8370,https://randomuser.me/api/portraits/men/47.jpg,https://randomuser.me/api/portraits/med/men/47.jpg,https://randomuser.me/api/portraits/thumb/men/47.jpg,US
male,Mr,Kevin,Caldwell,8496,Hickory Creek Dr,Miami,Kansas,United States,34584,11.4540,-133.6026,-10:00,Hawaii,kevin.caldwell@example.com,1948-10-29T02:33:24.222Z,73,2011-07-30T08:48:57.228Z,10,(952)-086-7190,(545)-669-0167,SSN,271-88-2068,https://randomuser.me/api/portraits/men/9.jpg,https://randomuser.me/api/portraits/med/men/9.jpg,https://randomuser.me/api/portraits/thumb/men/9.jpg,US
female,Mrs,Lucille,Gregory,7650,Rolling Green Rd,Dayton,Georgia,United States,44832,-14.1807,23.9569,-2:00,Mid-Atlantic,lucille.gregory@example.com,1995-04-29T10:13:18.799Z,26,2004-08-05T11:18:25.683Z,17,(800)-550-3585,(965)-797-3086,SSN,162-96-3797,https://randomuser.me/api/portraits/women/44.jpg,https://randomuser.me/api/portraits/med/women/44.jpg,https://randomuser.me/api/portraits/thumb/women/44.jpg,US
