gender,name.title,name.first,name.last,location.street.number,location.street.name,location.city,location.state,location.country,location.postcode,location.coordinates.latitude,location.coordinates.longitude,location.timezone.offset,location.timezone.description,email,dob.date,dob.age,registered.date,registered.age,phone,cell,id.name,id.value,picture.large,picture.medium,picture.thumbnail,nat
female,Mrs,Hailey,Gutierrez,7933,Timber Wolf Trail,Van Alstyne,Idaho,United States,80884,-65.5361,162.2171,-2:00,Mid-Atlantic,hailey.gutierrez@example.com,1954-11-27T22:51:58.546Z,67,2016-12-18T17:51:18.416Z,5,(333)-067-2188,(334)-548-0242,SSN,521-61-3524,https://randomuser.me/api/portraits/women/70.jpg,https://randomuser.me/api/portraits/med/women/70.jpg,https://randomuser.me/api/portraits/thumb/women/70.jpg,US
male,Mr,Lee,Jackson,921,Photinia Ave,El Cajon,Minnesota,United States,99313,-78.4556,69.0483,+3:30,Tehran,lee.jackson@example.com,1977-03-04T02:08:28.662Z,44,2015-08-11T09:37:01.249Z,6,(202)-218-1331,(889)-898-8071,SSN,588-79-2162,https://randomuser.me/api/portraits/men/29.jpg,https://randomuser.me/api/portraits/med/men/29.jpg,https://randomuser.me/api/portraits/thumb/men/29.jpg,US
female,Mrs,Loretta,Carlson,5073,W 6th St,Ennis,Colorado,United States,19993,-59.6307,-37.1252,-3:30,Newfoundland,loretta.carlson@example.com,1978-02-17T13:35:01.669Z,43,2007-02-02T17:16:56.921Z,14,(738)-109-9058,(560)-957-8411,SSN,713-54-0733,https://randomuser.me/api/portraits/women/19.jpg,https://randomuser.me/api/portraits/med/women/19.jpg,https://randomuser.me/api/portraits/thumb/women/19.jpg,US
male,Mr,Lonnie,Cunningham,3697,Wycliff Ave,Cedar Rapids,Massachusetts,United States,41786,-39.0984,21.2754,+3:30,Tehran,lonnie.cunningham@example.com,1969-07-05T16:16:42.688Z,52,2011-08-14T21:01:24.212Z,10,(892)-763-1567,(880)-683-0472,SSN,068-05-5621,https://randomuser.me/api/portraits/men/91.jpg,https://randomuser.me/api/portraits/med/men/91.jpg,https://randomuser.me/api/portraits/thumb/men/91.jpg,US
male,Mr,Dwayne,Hopkins,5373,Hickory Creek Dr,Temecula,Alaska,United States,83765,67.8298,-167.7379,-3:30,Newfoundland,dwayne.hopkins@example.com,1962-12-13T00:42:04.385Z,59,2010-04-10T11:56:04.119Z,11,(978)-305-9362,(888)-920-3059,SSN,979-45-1411,https://randomuser.me/api/portraits/men/49.jpg,https://randomuser.me/api/portraits/med/men/49.jpg,https://randomuser.me/api/portraits/thumb/men/49.jpg,US
male,Mr,Ricky,Lopez,5725,Elgin St,Coral Springs,Michigan,United States,73833,-28.6457,-112.8434,+4:30,Kabul,ricky.lopez@example.com,1984-08-28T15:35:04.787Z,37,2009-12-09T13:14:10.695Z,12,(262)-968-2632,(794)-889-3640,SSN,795-49-4305,https://randomuser.me/api/portraits/men/2.jpg,https://randomuser.me/api/portraits/med/men/2.jpg,https://randomuser.me/api/portraits/thumb/men/2.jpg,US
male,Mr,Todd,Wheeler,2466,Woodland St,Providence,Nevada,United States,53421,50.1632,-69.2508,-10:00,Hawaii,todd.wheeler@example.com,1967-07-15T04:01:20.818Z,54,2017-04-18T20:32:58.310Z,4,(292)-462-1193,(801)-696-5101,SSN,039-19-8686,https://randomuser.me/api/portraits/men/17.jpg,https://randomuser.me/api/portraits/med/men/17.jpg,https://randomuser.me/api/portraits/thumb/men/17.jpg,US
female,Ms,Nina,Johnson,2246,Lovers Ln,West Palm Beach,Texas,United States,79218,-87.9332,41.0466,-2:00,Mid-Atlantic,nina.johnson@example.com,1946-01-07T13:19:44.291Z,75,2014-04-01T16:35:14.156Z,7,(870)-225-9097,(563)-102-5900,SSN,331-21-0975,https://randomuser.me/api/portraits/women/87.jpg,https://randomuser.me/api/portraits/med/women/87.jpg,https://randomuser.me/api/portraits/thumb/women/87.jpg,US
female,Ms,Lillie,Grant,5492,Woodland St,Irving,Wisconsin,United States,29351,-9.0295,92.8944,+4:30,Kabul,lillie.grant@example.com,1982-12-18T00:02:39.693Z,39,2007-06-16T00:26:19.306Z,14,(379)-965-5973,(997)-201-7550,SSN,695-21-8190,https://randomuser.me/api/portraits/women/73.jpg,https://randomuser.me/api/portraits/med/women/73.jpg,https://randomuser.me/api/portraits/thumb/women/73.jpg,US
male,Mr,Tony,Hoffman,6039,Preston Rd,Tucson,Nevada,United States,86171,-69.0418,-119.6128,+4:30,Kabul,tony.hoffman@example.com,1951-04-14T09:40:07.444Z,70,2016-05-20T10:46:10.207Z,5,(899)-088-8953,(251)-558-2753,SSN,362-92-5832,https://randomuser.me/api/portraits/men/76.jpg,https://randomuser.me/api/portraits/med/men/76.jpg,https://randomuser.me/api/portraits/thumb/men/76.jpg,US
male,Mr,Elijah,Wilson,9109,James St,Kent,Vermont,United States,39864,50.5890,-34.9491,-3:30,Newfoundland,elijah.wilson@example.com,1948-07-18T11:34:32.373Z,73,2005-01-24T22:50:31.226Z,16,(445)-411-7018,(613)-378-2529,SSN,498-95-2359,https://randomuser.me/api/portraits/men/31.jpg,https://randomuser.me/api/portraits/med/men/31.jpg,https://randomuser.me/api/portraits/thumb/men/31.jpg,US
male,Mr,Eddie,Robertson,4664,Wycliff Ave,Baltimore,South Dakota,United States,70077,86.0582,-148.3431,+4:30,Kabul,eddie.robertson@example.com,1981-02-25T08:16:00.281Z,40,2004-07-20T09:32:10.420Z,17,(754)-919-0377,(212)-079-0519,SSN,829-24-5827,https://randomuser.me/api/portraits/men/69.jpg,https://randomuser.me/api/portraits/med/men/69.jpg,https://randomuser.me/api/portraits/thumb/men/69.jpg,US
male,Mr,Miguel,Porter,1225,Mockingbird Ln,Waco,California,United States,88213,68.1293,123.8196,+5:45,Kathmandu,miguel.porter@example.com,1976-10-28T01:24:08.523Z,45,2008-03-11T20:14:41.390Z,13,(863)-951-7635,(041)-738-9779,SSN,140-25-4625,https://randomuser.me/api/portraits/men/25.jpg,https://randomuser.me/api/portraits/med/men/25.jpg,https://randomuser.me/api/portraits/thumb/men/25.jpg,US
male,Mr,Raymond,Perez,9224,Dogwood Ave,Hollywood,Virginia,United States,10516,-82.3233,28.8315,-2:00,Mid-Atlantic,raymond.perez@example.com,1952-07-02T09:10:37.459Z,69,2017-01-04T19:23:12.774Z,4,(195)-791-9937,(489)-881-1690,SSN,291-24-7487,https://randomuser.me/api/portraits/men/70.jpg,https://randomuser.me/api/portraits/med/men/70.jpg,https://randomuser.me/api/portraits/thumb/men/70.jpg,US
female,Mrs,Anna,Fernandez,5842,Wheeler Ridge Dr,Newport News,Tennessee,United States,13169,33.5618,-14.5758,-2:00,Mid-Atlantic,anna.fernandez@example.com,1963-02-15T14:18:26.258Z,58,2004-11-30T14:36:24.723Z,17,(953)-976-9704,(176)-818-4896,SSN,564-36-1327,https://randomuser.me/api/portraits/women/4.jpg,https://randomuser.me/api/portraits/med/women/4.jpg,https://randomuser.me/api/portraits/thumb/women/4.jpg,US
