gender,name.title,name.first,name.last,location.street.number,location.street.name,location.city,location.state,location.country,location.postcode,location.coordinates.latitude,location.coordinates.longitude,location.timezone.offset,location.timezone.description,email,dob.date,dob.age,registered.date,registered.age,phone,cell,id.name,id.value,picture.large,picture.medium,picture.thumbnail,nat
female,Mrs,Beverley,Bryant,1418,E Center St,Fresno,New Jersey,United States,79978,10.7247,16.6495,-8:00,Pacific Time (US & Canada),beverley.bryant@example.com,1989-11-18T06:37:54.960Z,32,2007-03-06T14:37:23.197Z,14,(299)-677-0216,(432)-666-4867,SSN,168-29-0316,https://randomuser.me/api/portraits/women/3.jpg,https://randomuser.me/api/portraits/med/women/3.jpg,https://randomuser.me/api/portraits/thumb/women/3.jpg,US
female,Ms,Sophia,Watkins,4310,Paddock Way,Oklahoma City,Maine,United States,92718,-20.4366,-86.4568,-7:00,Mountain Time (US & Canada),sophia.watkins@example.com,1966-03-10T02:19:48.694Z,55,2009-06-04T01:39:08.967Z,12,(733)-745-8693,(633)-712-2705,SSN,919-97-1929,https://randomuser.me/api/portraits/women/14.jpg,https://randomuser.me/api/portraits/med/women/14.jpg,https://randomuser.me/api/portraits/thumb/women/14.jpg,US
female,Miss,Georgia,Morris,1787,Northaven Rd,Little Rock,Mississippi,United States,25845,-73.9613,73.7084,-3:30,Newfoundland,georgia.morris@example.com,1960-01-31T16:20:33.296Z,61,2011-08-04T04:50:16.264Z,10,(347)-935-3466,(064)-697-2462,SSN,024-81-9386,https://randomuser.me/api/portraits/women/81.jpg,https://randomuser.me/api/portraits/med/women/81.jpg,https://randomuser.me/api/portraits/thumb/women/81.jpg,US
male,Mr,Dylan,Martin,4150,James St,Elizabeth,Louisiana,United States,96264,-61.9220,-32.2706,-10:00,Hawaii,dylan.martin@example.com,1987-03-17T23:38:11.691Z,34,2002-09-18T23:11:59.122Z,19,(478)-387-3209,(591)-901-5604,SSN,735-70-8370,https://randomuser.me/api/portraits/men/80.jpg,https://randomuser.me/api/portraits/med/men/80.jpg,https://randomuser.me/api/portraits/thumb/men/80.jpg,US
female,Miss,Christine,Black,6908,Blossom Hill Rd,Jacksonville,New Jersey,United States,99287,-75.4511,-98.7095,+4:30,Kabul,christine.black@example.com,1971-08-22T02:12:17.542Z,50,2010-10-02T05:40:49.368Z,11,(986)-575-5854,(398)-286-0870,SSN,478-92-0664,https://randomuser.me/api/portraits/women/88.jpg,https://randomuser.me/api/portraits/med/women/88.jpg,https://randomuser.me/api/portraits/thumb/women/88.jpg,US
female,Mrs,Sarah,Gonzales,9143,Hunters Creek Dr,Jersey City,North Carolina,United States,34007,37.5637,120.9924,-2:00,Mid-Atlantic,sarah.gonzales@example.com,1986-11-24T22:49:26.518Z,35,2006-09-02T04:13:42.182Z,15,(401)-595-3279,(180)-860-3952,SSN,148-84-6403,https://randomuser.me/api/portraits/women/6.jpg,https://randomuser.me/api/portraits/med/women/6.jpg,https://randomuser.me/api/portraits/thumb/women/6.jpg,US
female,Ms,Yolanda,Lawson,8078,Plum St,Bellevue,Nebraska,United States,95803,-8.7419,-167.1828,+4:30,Kabul,yolanda.lawson@example.com,1945-01-03T05:48:11.302Z,76,2006-06-06T15:18:26.376Z,15,(019)-018-1720,(524)-182-3203,SSN,358-00-4263,https://randomuser.me/api/portraits/women/87.jpg,https://randomuser.me/api/portraits/med/women/87.jpg,https://randomuser.me/api/portraits/thumb/women/87.jpg,US
female,Miss,Anita,Jordan,7734,Saddle Dr,Fresno,Oklahoma,United States,17618,50.3825,-44.3093,+3:30,Tehran,anita.jordan@example.com,1976-12-07T00:10:34.799Z,45,2015-03-08T14:09:19.084Z,6,(654)-626-3466,(594)-944-9432,SSN,919-40-8359,https://randomuser.me/api/portraits/women/77.jpg,https://randomuser.me/api/portraits/med/women/77.jpg,https://randomuser.me/api/portraits/thumb/women/77.jpg,US
female,Ms,Lily,Bradley,5029,Brown Terrace,Hialeah,Iowa,United States,42957,65.3657,-72.2747,+4:30,Kabul,lily.bradley@example.com,1966-07-01T12:22:30.137Z,55,2004-08-29T10:32:02.673Z,17,(350)-328-6128,(299)-077-7322,SSN,075-38-4661,https://randomuser.me/api/portraits/women/90.jpg,https://randomuser.me/api/portraits/med/women/90.jpg,https://randomuser.me/api/portraits/thumb/women/90.jpg,US
male,Mr,Dustin,Nichols,4686,Railroad St,Pueblo,West Virginia,United States,51902,-38.4105,136.6655,-10:00,Hawaii,dustin.nichols@example.com,1948-08-12T01:54:53.588Z,73,2003-01-10T00:24:15.331Z,18,(297)-952-8760,(723)-553-3724,SSN,962-20-5968,https://randomuser.me/api/portraits/men/98.jpg,https://randomuser.me/api/portraits/med/men/98.jpg,https://randomuser.me/api/portraits/thumb/men/98.jpg,US
male,Mr,Ray,Vargas,9323,Adams St,South Bend,Connecticut,United States,54086,49.4977,87.2123,+4:30,Kabul,ray.vargas@example.com,1983-08-24T06:35:34.612Z,38,2012-02-13T19:09:44.848Z,9,(064)-904-3902,(316)-260-6442,SSN,891-84-3581,https://randomuser.me/api/portraits/men/19.jpg,https://randomuser.me/api/portraits/med/men/19.jpg,https://randomuser.me/api/portraits/thumb/men/19.jpg,US
female,Ms,Evelyn,Woods,2845,Valley View Ln,Stockton,Idaho,United States,72620,40.6263,-56.5911,-10:00,Hawaii,evelyn.woods@example.com,1985-11-20T06:23:00.830Z,36,2016-03-21T09:01:44.740Z,5,(697)-158-1691,(328)-166-7684,SSN,271-74-6819,https://randomuser.me/api/portraits/women/1.jpg,https://randomuser.me/api/portraits/med/women/1.jpg,https://randomuser.me/api/portraits/thumb/women/1.jpg,US
male,Mr,Gerald,Mcdonalid,5114,Forest Ln,Louisville,Nevada,United States,75842,-13.1661,37.7476,-2:00,Mid-Atlantic,gerald.mcdonalid@example.com,1961-05-28T19:27:14.177Z,60,2003-01-26T06:25:28.998Z,18,(275)-043-3308,(499)-858-2129,SSN,709-92-3854,https://randomuser.me/api/portraits/men/26.jpg,https://randomuser.me/api/portraits/med/men/26.jpg,https://randomuser.me/api/portraits/thumb/men/26.jpg,US
