gender,name.title,name.first,name.last,location.street.number,location.street.name,location.city,location.state,location.country,location.postcode,location.coordinates.latitude,location.coordinates.longitude,location.timezone.offset,location.timezone.description,email,dob.date,dob.age,registered.date,registered.age,phone,cell,id.name,id.value,picture.large,picture.medium,picture.thumbnail,nat
male,Mr,Ralph,James,580,Mcclellan Rd,Port St. Lucie,Washington,United States,57486,-23.4924,-72.9088,-9:00,Alaska,ralph.james@example.com,1983-10-11T01:23:56.394Z,38,2005-12-14T19:45:29.225Z,16,(270)-292-3950,(025)-398-7011,SSN,601-70-8458,https://randomuser.me/api/portraits/men/57.jpg,https://randomuser.me/api/portraits/med/men/57.jpg,https://randomuser.me/api/portraits/thumb/men/57.jpg,US
female,Ms,Audrey,Elliott,6552,Robinson Rd,Providence,Ohio,United States,66420,59.2392,43.0038,-9:00,Alaska,audrey.elliott@example.com,1997-08-06T11:01:03.381Z,24,2013-09-24T07:47:07.871Z,8,(085)-681-1637,(846)-709-5435,SSN,816-60-2099,https://randomuser.me/api/portraits/women/19.jpg,https://randomuser.me/api/portraits/med/women/19.jpg,https://randomuser.me/api/portraits/thumb/women/19.jpg,US
male,Mr,Ivan,Patterson,3834,Daisy Dr,Santa Clara,California,United States,17742,8.2099,135.4463,-7:00,Mountain Time (US & Canada),ivan.patterson@example.com,1958-08-14T17:48:04.238Z,63,2006-08-17T19:06:15.032Z,15,(755)-306-6131,(363)-475-9647,SSN,500-14-9538,https://randomuser.me/api/portraits/men/0.jpg,https://randomuser.me/api/portraits/med/men/0.jpg,https://randomuser.me/api/portraits/thumb/men/0.jpg,US
female,Miss,Candice,Hunter,629,Sunset St,Rochmond,Delaware,United States,87635,-51.0803,158.9094,+3:30,Tehran,candice.hunter@example.com,1981-10-12T19:00:08.516Z,40,2013-10-06T14:07:24.264Z,8,(329)-867-2839,(306)-193-0793,SSN,534-70-0351,https://randomuser.me/api/portraits/women/16.jpg,https://randomuser.me/api/portraits/med/women/16.jpg,https://randomuser.me/api/portraits/thumb/women/16.jpg,US
male,Mr,Peter,Armstrong,7664,Eason Rd,Albany,Minnesota,United States,24359,-82.9348,62.2535,+3:30,Tehran,peter.armstrong@example.com,1965-10-02T12:17:12.344Z,56,2018-01-25T04:53:37.208Z,3,(149)-204-6210,(158)-219-7231,SSN,259-92-5337,https://randomuser.me/api/portraits/men/43.jpg,https://randomuser.me/api/portraits/med/men/43.jpg,https://randomuser.me/api/portraits/thumb/men/43.jpg,US
female,Miss,Grace,Rivera,318,Oak Ridge Ln,Huntington Beach,Tennessee,United States,92083,25.2343,82.3127,+5:45,Kathmandu,grace.rivera@example.com,1959-01-29T00:10:49.572Z,62,2010-06-06T11:55:55.831Z,11,(301)-278-9996,(133)-388-6826,SSN,455-59-0873,https://randomuser.me/api/portraits/women/14.jpg,https://randomuser.me/api/portraits/med/women/14.jpg,https://randomuser.me/api/portraits/thumb/women/14.jpg,US
male,Mr,Anthony,Walker,2048,Rolling Green Rd,The Colony,Michigan,United States,25374,15.4144,177.5683,+4:30,Kabul,anthony.walker@example.com,1959-08-27T19:52:58.481Z,62,2016-05-02T14:50:58.774Z,5,(564)-619-2431,(525)-810-0103,SSN,997-84-9666,https://randomuser.me/api/portraits/men/23.jpg,https://randomuser.me/api/portraits/med/men/23.jpg,https://randomuser.me/api/portraits/thumb/men/23.jpg,US
male,Mr,Steve,Hughes,3554,Rolling Green Rd,Cape Fear,Mississippi,United States,17182,-40.5741,98.8258,-7:00,Mountain Time (US & Canada),steve.hughes@example.com,1987-09-10T22:15:13.585Z,34,2006-12-27T23:13:47.319Z,15,(138)-939-1023,(809)-283-0325,SSN,058-45-0004,https://randomuser.me/api/portraits/men/89.jpg,https://randomuser.me/api/portraits/med/men/89.jpg,https://randomuser.me/api/portraits/thumb/men/89.jpg,US
male,Mr,Philip,Peck,8817,Railroad St,Antioch,Iowa,United States,16130,-89.0567,-133.1074,+4:30,Kabul,philip.peck@example.com,1946-02-02T06:30:34.186Z,75,2005-12-20T00:32:59.583Z,16,(324)-017-9550,(800)-648-1383,SSN,560-24-0905,https://randomuser.me/api/portraits/men/22.jpg,https://randomuser.me/api/portraits/med/men/22.jpg,https://randomuser.me/api/portraits/thumb/men/22.jpg,US
