gender,name.title,name.first,name.last,location.street.number,location.street.name,location.city,location.state,location.country,location.postcode,location.coordinates.latitude,location.coordinates.longitude,location.timezone.offset,location.timezone.description,email,dob.date,dob.age,registered.date,registered.age,phone,cell,id.name,id.value,picture.large,picture.medium,picture.thumbnail,nat
female,Miss,Terra,Robinson,4272,Washington Ave,York,New Hampshire,United States,49203,0.3523,170.2428,-3:30,Newfoundland,terra.robinson@example.com,1958-10-28T17:42:45.449Z,63,2002-10-04T21:09:58.936Z,19,(040)-855-8279,(299)-856-3476,SSN,816-84-8066,https://randomuser.me/api/portraits/women/42.jpg,https://randomuser.me/api/portraits/med/women/42.jpg,https://randomuser.me/api/portraits/thumb/women/42.jpg,US
male,Mr,Kelly,Jones,5802,Edwards Rd,Plano,Colorado,United States,34653,73.9795,77.3210,+5:45,Kathmandu,kelly.jones@example.com,1945-10-16T17:33:56.273Z,76,2015-01-31T08:31:11.390Z,6,(642)-252-1316,(302)-052-7566,SSN,835-44-8928,https://randomuser.me/api/portraits/men/98.jpg,https://randomuser.me/api/portraits/med/men/98.jpg,https://randomuser.me/api/portraits/thumb/men/98.jpg,US
male,Mr,Miguel,Russell,5826,Camden Ave,Orlando,Arkansas,United States,63684,-77.0748,62.8610,+4:30,Kabul,miguel.russell@example.com,1961-03-01T12:20:44.826Z,60,2012-09-17T08:09:02.534Z,9,(273)-874-6009,(410)-783-6645,SSN,759-61-6860,https://randomuser.me/api/portraits/men/49.jpg,https://randomuser.me/api/portraits/med/men/49.jpg,https://randomuser.me/api/portraits/thumb/men/49.jpg,US
female,Ms,Chloe,Pierce,1313,Ash Dr,Fullerton,Massachusetts,United States,81385,-23.6579,136.4948,-2:00,Mid-Atlantic,chloe.pierce@example.com,1990-09-09T13:48:16.939Z,31,2004-03-11T12:30:06.329Z,17,(224)-177-5920,(767)-352-1409,SSN,555-66-4184,https://randomuser.me/api/portraits/women/22.jpg,https://randomuser.me/api/portraits/med/women/22.jpg,https://randomuser.me/api/portraits/thumb/women/22.jpg,US
female,Mrs,Debbie,Pena,198,Poplar Dr,Sacramento,Pennsylvania,United States,37572,-65.7780,-131.2359,-3:30,Newfoundland,debbie.pena@example.com,1982-12-24T01:44:04.916Z,39,2005-05-13T21:37:08.341Z,16,(414)-387-3882,(581)-073-4976,SSN,598-08-7198,https://randomuser.me/api/portraits/women/27.jpg,https://randomuser.me/api/portraits/med/women/27.jpg,https://randomuser.me/api/portraits/thumb/women/27.jpg,US
female,Ms,Amber,Reid,4573,Parker Rd,Santa Clarita,Michigan,United States,53122,67.1781,-170.3548,+5:45,Kathmandu,amber.reid@example.com,1997-11-19T00:54:27.164Z,24,2010-05-14T13:13:11.441Z,11,(449)-860-1088,(018)-173-7577,SSN,947-08-5862,https://randomuser.me/api/portraits/women/72.jpg,https://randomuser.me/api/portraits/med/women/72.jpg,https://randomuser.me/api/portraits/thumb/women/72.jpg,US
male,Mr,Willie,Lane,7454,Mockingbird Ln,Clearwater,Louisiana,United States,30170,-45.0928,-130.3231,-7:00,Mountain Time (US & Canada),willie.lane@example.com,1964-05-21T09:54:57.022Z,57,2009-02-07T17:25:50.650Z,12,(858)-766-7340,(083)-198-7272,SSN,182-81-6324,https://randomuser.me/api/portraits/men/68.jpg,https://randomuser.me/api/portraits/med/men/68.jpg,https://randomuser.me/api/portraits/thumb/men/68.jpg,US
female,Miss,Yvonne,Nguyen,2115,Rolling Green Rd,Charlotte,Utah,United States,12470,19.1379,-70.1049,+4:30,Kabul,yvonne.nguyen@example.com,1973-05-18T15:38:41.627Z,48,2015-04-12T01:50:12.406Z,6,(689)-799-4989,(194)-630-7438,SSN,908-33-4107,https://randomuser.me/api/portraits/women/72.jpg,https://randomuser.me/api/portraits/med/women/72.jpg,https://randomuser.me/api/portraits/thumb/women/72.jpg,US
female,Ms,Victoria,Davis,3248,Plum St,Richardson,Arizona,United States,25746,-51.6057,16.3105,-8:00,Pacific Time (US & Canada),victoria.davis@example.com,1973-01-28T04:48:31.443Z,48,2015-01-22T14:49:32.379Z,6,(103)-242-9071,(315)-248-9200,SSN,218-75-8017,https://randomuser.me/api/portraits/women/7.jpg,https://randomuser.me/api/portraits/med/women/7.jpg,https://randomuser.me/api/portraits/thumb/women/7.jpg,US
male,Mr,Ramon,Hopkins,3877,Mcclellan Rd,Corona,Arkansas,United States,52820,37.5296,-115.3076,-10:00,Hawaii,ramon.hopkins@example.com,1988-11-26T22:47:13.572Z,33,2003-03-10T10:27:33.549Z,18,(016)-975-3692,(026)-123-0807,SSN,867-18-9562,https://randomuser.me/api/portraits/men/97.jpg,https://randomuser.me/api/portraits/med/men/97.jpg,https://randomuser.me/api/portraits/thumb/men/97.jpg,US
male,Mr,Bryan,Lopez,8203,Westheimer Rd,Houston,Missouri,United States,96117,43.6676,-64.8132,+3:30,Tehran,bryan.lopez@example.com,1945-01-22T10:02:55.108Z,76,2009-09-20T20:44:57.607Z,12,(703)-560-2748,(558)-511-1624,SSN,612-89-2177,https://randomuser.me/api/portraits/men/76.jpg,https://randomuser.me/api/portraits/med/men/76.jpg,https://randomuser.me/api/portraits/thumb/men/76.jpg,US
female,Mrs,Jennifer,Woods,252,Crockett St,Mckinney,Minnesota,United States,91183,-20.2803,-34.9388,-8:00,Pacific Time (US & Canada),jennifer.woods@example.com,1970-04-21T07:36:42.434Z,51,2013-05-01T14:44:05.918Z,8,(921)-069-3519,(403)-934-3373,SSN,096-98-6893,https://randomuser.me/api/portraits/women/57.jpg,https://randomuser.me/api/portraits/med/women/57.jpg,https://randomuser.me/api/portraits/thumb/women/57.jpg,US
male,Mr,Ted,Olson,1515,Hogan St,Midland,South Dakota,United States,59359,-69.4804,-49.0746,+3:30,Tehran,ted.olson@example.com,1971-05-09T07:20:50.026Z,50,2004-07-29T01:44:09.141Z,17,(683)-328-7988,(525)-609-8885,SSN,065-96-1026,https://randomuser.me/api/portraits/men/99.jpg,https://randomuser.me/api/portraits/med/men/99.jpg,https://randomuser.me/api/portraits/thumb/men/99.jpg,US
female,Miss,Jeanette,Lewis,4625,E Center St,Fountain Valley,Delaware,United States,76108,19.9667,-51.1384,+5:45,Kathmandu,jeanette.lewis@example.com,1989-12-05T12:05:16.120Z,32,2004-06-07T16:14:25.843Z,17,(693)-958-3170,(559)-763-3312,SSN,121-06-8354,https://randomuser.me/api/portraits/women/55.jpg,https://randomuser.me/api/portraits/med/women/55.jpg,https://randomuser.me/api/portraits/thumb/women/55.jpg,US
female,Mrs,Katrina,Herrera,8319,Valley View Ln,Atlanta,Georgia,United States,65971,-63.8032,-5.6203,+3:30,Tehran,katrina.herrera@example.com,1983-09-16T06:34:14.552Z,38,2012-03-25T15:28:12.183Z,9,(843)-303-4273,(044)-846-9863,SSN,594-00-3966,https://randomuser.me/api/portraits/women/53.jpg,https://randomuser.me/api/portraits/med/women/53.jpg,https://randomuser.me/api/portraits/thumb/women/53.jpg,US
female,Ms,Arlene,Myers,9223,Locust Rd,Salinas,Kansas,United States,28114,-61.8410,-63.0948,-9:00,Alaska,arlene.myers@example.com,1975-08-19T02:50:47.373Z,46,2002-09-25T08:58:47.818Z,19,(521)-189-1625,(967)-807-2108,SSN,146-09-8548,https://randomuser.me/api/portraits/women/78.jpg,https://randomuser.me/api/portraits/med/women/78.jpg,https://randomuser.me/api/portraits/thumb/women/78.jpg,US
female,Miss,Pauline,Black,1395,Taylor St,Chattanooga,Wyoming,United States,27703,-79.7055,136.5574,+4:30,Kabul,pauline.black@example.com,1985-09-10T19:48:27.494Z,36,2012-10-13T21:19:16.974Z,9,(582)-503-4182,(671)-941-5857,SSN,513-39-0241,https://randomuser.me/api/portraits/women/16.jpg,https://randomuser.me/api/portraits/med/women/16.jpg,https://randomuser.me/api/portraits/thumb/women/16.jpg,US
