gender,name.title,name.first,name.last,location.street.number,location.street.name,location.city,location.state,location.country,location.postcode,location.coordinates.latitude,location.coordinates.longitude,location.timezone.offset,location.timezone.description,email,dob.date,dob.age,registered.date,registered.age,phone,cell,id.name,id.value,picture.large,picture.medium,picture.thumbnail,nat
female,Ms,Pauline,Rose,1593,Dogwood Ave,Pasadena,Missouri,United States,54455,-30.8737,121.9733,+5:45,Kathmandu,pauline.rose@example.com,1968-08-17T02:34:37.275Z,53,2009-04-26T15:51:17.605Z,12,(984)-834-9885,(778)-762-6358,SSN,009-68-8844,https://randomuser.me/api/portraits/women/87.jpg,https://randomuser.me/api/portraits/med/women/87.jpg,https://randomuser.me/api/portraits/thumb/women/87.jpg,US
male,Mr,Rick,Mills,6788,Poplar Dr,Charleston,Illinois,United States,61817,-20.0124,165.1949,-8:00,Pacific Time (US & Canada),rick.mills@example.com,1952-12-24T07:07:19.951Z,69,2006-02-09T20:37:39.279Z,15,(521)-944-4994,(599)-660-7387,SSN,445-31-6689,https://randomuser.me/api/portraits/men/84.jpg,https://randomuser.me/api/portraits/med/men/84.jpg,https://randomuser.me/api/portraits/thumb/men/84.jpg,US
male,Mr,Darryl,Hansen,7328,Cherry St,Cedar Hill,Maine,United States,13025,59.2860,-104.9232,-7:00,Mountain Time (US & Canada),darryl.hansen@example.com,1991-01-02T03:21:48.552Z,30,2007-02-03T18:17:38.061Z,14,(529)-435-2072,(173)-338-1730,SSN,716-62-7965,https://randomuser.me/api/portraits/men/49.jpg,https://randomuser.me/api/portraits/med/men/49.jpg,https://randomuser.me/api/portraits/thumb/men/49.jpg,US
male,Mr,Carlos,Dean,8331,Poplar Dr,Lansing,New York,United States,17364,-56.3077,116.5359,-7:00,Mountain Time (US & Canada),carlos.dean@example.com,1969-10-22T07:00:20.015Z,52,2005-01-11T15:47:55.106Z,16,(824)-696-8276,(568)-719-6346,SSN,997-12-1768,https://randomuser.me/api/portraits/men/60.jpg,https://randomuser.me/api/portraits/med/men/60.jpg,https://randomuser.me/api/portraits/thumb/men/60.jpg,US
male,Mr,Hugh,Hunter,572,Samaritan Dr,Fresno,Nevada,United States,31597,24.3864,5.6857,+5:45,Kathmandu,hugh.hunter@example.com,1973-03-22T20:35:41.256Z,48,2003-03-20T07:29:10.557Z,18,(585)-661-4454,(228)-574-6578,SSN,410-02-8736,https://randomuser.me/api/portraits/men/90.jpg,https://randomuser.me/api/portraits/med/men/90.jpg,https://randomuser.me/api/portraits/thumb/men/90.jpg,US
female,Miss,Maureen,Mccoy,4069,White Oak Dr,Des Moines,Florida,United States,45397,-30.6213,-0.6010,+5:45,Kathmandu,maureen.mccoy@example.com,1986-03-09T00:10:22.855Z,35,2015-10-18T16:07:40.787Z,6,(376)-038-0281,(398)-670-4221,SSN,106-49-4374,https://randomuser.me/api/portraits/women/85.jpg,https://randomuser.me/api/portraits/med/women/85.jpg,https://randomuser.me/api/portraits/thumb/women/85.jpg,US
male,Mr,Reginald,Fields,949,W Sherman Dr,Stanley,South Carolina,United States,39194,-73.3356,-124.5120,-7:00,Mountain Time (US & Canada),reginald.fields@example.com,1997-10-28T15:52:33.989Z,24,2005-04-05T14:23:01.015Z,16,(010)-299-7547,(215)-563-6812,SSN,513-61-3716,https://randomuser.me/api/portraits/men/15.jpg,https://randomuser.me/api/portraits/med/men/15.jpg,https://randomuser.me/api/portraits/thumb/men/15.jpg,US
