gender,name.title,name.first,name.last,location.street.number,location.street.name,location.city,location.state,location.country,location.postcode,location.coordinates.latitude,location.coordinates.longitude,location.timezone.offset,location.timezone.description,email,dob.date,dob.age,registered.date,registered.age,phone,cell,id.name,id.value,picture.large,picture.medium,picture.thumbnail,nat
female,Miss,Kylie,Hudson,5524,Fairview St,Lansing,Alaska,United States,74945,50.3755,10.8894,+3:30,Tehran,kylie.hudson@example.com,1993-12-13T14:24:13.485Z,28,2010-06-11T07:47:08.048Z,11,(637)-452-7574,(879)-173-4889,SSN,847-13-0186,https://randomuser.me/api/portraits/women/94.jpg,https://randomuser.me/api/portraits/med/women/94.jpg,https://randomuser.me/api/portraits/thumb/women/94.jpg,US
female,Miss,Bernice,Mills,2065,E Pecan St,New York,North Dakota,United States,51392,-2.8707,137.5644,+4:30,Kabul,bernice.mills@example.com,1991-09-19T04:20:12.409Z,30,2012-12-13T22:50:14.175Z,9,(849)-762-3226,(379)-716-7271,SSN,255-95-6167,https://randomuser.me/api/portraits/women/72.jpg,https://randomuser.me/api/portraits/med/women/72.jpg,https://randomuser.me/api/portraits/thumb/women/72.jpg,US
female,Ms,Maureen,Rogers,3779,Oak Ridge Ln,Oxnard,South Carolina,United States,77300,-37.4790,-14.0004,-7:00,Mountain Time (US & Canada),maureen.rogers@example.com,1948-11-08T19:29:21.124Z,73,2018-09-09T18:25:32.188Z,3,(098)-209-5117,(588)-620-1272,SSN,855-84-6384,https://randomuser.me/api/portraits/women/58.jpg,https://randomuser.me/api/portraits/med/women/58.jpg,https://randomuser.me/api/portraits/thumb/women/58.jpg,US
male,Mr,Allan,Kennedy,4703,Washington Ave,Saint Paul,Delaware,United States,50303,18.3023,-147.0528,-7:00,Mountain Time (US & Canada),allan.kennedy@example.com,1991-11-24T12:05:13.064Z,30,2004-09-26T03:05:41.286Z,17,(650)-680-8893,(735)-276-5181,SSN,484-08-1514,https://randomuser.me/api/portraits/men/16.jpg,https://randomuser.me/api/portraits/med/men/16.jpg,https://randomuser.me/api/portraits/thumb/men/16.jpg,US
female,Mrs,Dianne,Montgomery,3884,Miller Ave,Phoenix,Michigan,United States,31626,-11.4318,-92.0261,+3:30,Tehran,dianne.montgomery@example.com,1997-07-05T22:00:05.009Z,24,2007-12-22T14:37:30.983Z,14,(744)-960-7455,(216)-204-4345,SSN,687-46-6528,https://randomuser.me/api/portraits/women/81.jpg,https://randomuser.me/api/portraits/med/women/81.jpg,https://randomuser.me/api/portraits/thumb/women/81.jpg,US
male,Mr,Frank,Harper,6516,Smokey Ln,Murfreesboro,Alabama,United States,24104,-30.5422,-127.3652,-3:30,Newfoundland,frank.harper@example.com,1951-08-16T06:24:33.341Z,70,2007-01-28T15:18:34.276Z,14,(520)-144-0952,(598)-937-3019,SSN,780-69-1220,https://randomuser.me/api/portraits/men/63.jpg,https://randomuser.me/api/portraits/med/men/63.jpg,https://randomuser.me/api/portraits/thumb/men/63.jpg,US
male,Mr,Morris,Taylor,6857,E Sandy Lake Rd,Elizabeth,New York,United States,23858,72.2761,-78.9350,-2:00,Mid-Atlantic,morris.taylor@example.com,1972-07-04T11:15:23.639Z,49,2004-02-21T14:56:06.506Z,17,(162)-668-1065,(054)-142-1516,SSN,655-36-1578,https://randomuser.me/api/portraits/men/85.jpg,https://randomuser.me/api/portraits/med/men/85.jpg,https://randomuser.me/api/portraits/thumb/men/85.jpg,US
male,Mr,Everett,Gregory,4645,N Stelling Rd,Addison,New Jersey,United States,38152,21.6690,111.0794,-8:00,Pacific Time (US & Canada),everett.gregory@example.com,1995-05-12T19:58:53.008Z,26,2019-03-18T01:15:23.773Z,2,(928)-341-5199,(555)-529-7202,SSN,531-04-5900,https://randomuser.me/api/portraits/men/65.jpg,https://randomuser.me/api/portraits/med/men/65.jpg,https://randomuser.me/api/portraits/thumb/men/65.jpg,US
male,Mr,Daniel,Rhodes,8510,Depaul Dr,Santa Clara,Idaho,United States,55066,-80.7121,-7.9420,+5:45,Kathmandu,daniel.rhodes@example.com,1996-02-15T17:10:43.643Z,25,2015-08-24T20:49:06.817Z,6,(634)-676-7355,(389)-506-4316,SSN,783-04-9048,https://randomuser.me/api/portraits/men/28.jpg,https://randomuser.me/api/portraits/med/men/28.jpg,https://randomuser.me/api/portraits/thumb/men/28.jpg,US
male,Mr,Lawrence,Gardner,129,First Street,Albany,Wyoming,United States,48968,-60.5023,-125.1714,+5:45,Kathmandu,lawrence.gardner@example.com,1961-02-19T04:46:41.574Z,60,2003-11-25T18:28:54.961Z,18,(257)-937-7061,(198)-298-7056,SSN,376-62-8104,https://randomuser.me/api/portraits/men/7.jpg,https://randomuser.me/api/portraits/med/men/7.jpg,https://randomuser.me/api/portraits/thumb/men/7.jpg,US
female,Ms,Jennifer,Morrison,4330,E Pecan St,Salt Lake City,Oregon,United States,47721,-48.1184,-155.4737,-8:00,Pacific Time (US & Canada),jennifer.morrison@example.com,1991-11-20T21:23:50.160Z,30,2016-04-28T20:03:17.193Z,5,(456)-999-6021,(679)-105-7070,SSN,269-11-4222,https://randomuser.me/api/portraits/women/90.jpg,https://randomuser.me/api/portraits/med/women/90.jpg,https://randomuser.me/api/portraits/thumb/women/90.jpg,US
female,Miss,Sandra,Robinson,2343,Country Club Rd,Albuquerque,Hawaii,United States,11035,21.8466,159.3374,-10:00,Hawaii,sandra.robinson@example.com,1985-03-30T06:41:55.776Z,36,2004-08-31T14:24:30.438Z,17,(489)-233-9036,(968)-531-1537,SSN,389-51-4042,https://randomuser.me/api/portraits/women/55.jpg,https://randomuser.me/api/portraits/med/women/55.jpg,https://randomuser.me/api/portraits/thumb/women/55.jpg,US
male,Mr,Zachary,Ward,3946,Cherry St,Fort Collins,Pennsylvania,United States,45328,88.6578,-66.8136,-8:00,Pacific Time (US & Canada),zachary.ward@example.com,1984-05-24T12:23:24.366Z,37,2007-04-23T15:57:45.816Z,14,(086)-073-6068,(316)-466-1998,SSN,285-16-3384,https://randomuser.me/api/portraits/men/3.jpg,https://randomuser.me/api/portraits/med/men/3.jpg,https://randomuser.me/api/portraits/thumb/men/3.jpg,US
male,Mr,Elijah,Garrett,9429,Spring Hill Rd,Portland,New Jersey,United States,84930,73.7260,-87.7403,-7:00,Mountain Time (US & Canada),elijah.garrett@example.com,1977-02-18T12:43:47.571Z,44,2015-05-20T23:16:21.311Z,6,(919)-423-4358,(789)-004-5408,SSN,194-28-4843,https://randomuser.me/api/portraits/men/44.jpg,https://randomuser.me/api/portraits/med/men/44.jpg,https://randomuser.me/api/portraits/thumb/men/44.jpg,US
female,Mrs,Caroline,Terry,5781,Photinia Ave,Miramar,Nevada,United States,59197,71.9280,68.1498,-7:00,Mountain Time (US & Canada),caroline.terry@example.com,1995-11-14T19:16:27.268Z,26,2010-08-06T20:41:40.203Z,11,(645)-111-5711,(276)-475-4413,SSN,983-45-0334,https://randomuser.me/api/portraits/women/55.jpg,https://randomuser.me/api/portraits/med/women/55.jpg,https://randomuser.me/api/portraits/thumb/women/55.jpg,US
male,Mr,Herbert,Franklin,5747,Plum St,Beaumont,North Carolina,United States,64747,8.6694,-149.0055,-8:00,Pacific Time (US & Canada),herbert.franklin@example.com,1980-10-13T03:08:48.263Z,41,2018-07-13T15:09:53.315Z,3,(540)-708-1142,(967)-719-5545,SSN,091-33-7129,https://randomuser.me/api/portraits/men/82.jpg,https://randomuser.me/api/portraits/med/men/82.jpg,https://randomuser.me/api/portraits/thumb/men/82.jpg,US
female,Miss,Amy,Perry,453,Hickory Creek Dr,Virginia Beach,West Virginia,United States,64268,9.9841,-172.6618,-3:30,Newfoundland,amy.perry@example.com,1947-01-15T13:03:31.717Z,74,2014-11-09T07:13:48.673Z,7,(611)-076-7937,(413)-882-8789,SSN,013-80-9908,https://randomuser.me/api/portraits/women/42.jpg,https://randomuser.me/api/portraits/med/women/42.jpg,https://randomuser.me/api/portraits/thumb/women/42.jpg,US
