gender,name.title,name.first,name.last,location.street.number,location.street.name,location.city,location.state,location.country,location.postcode,location.coordinates.latitude,location.coordinates.longitude,location.timezone.offset,location.timezone.description,email,dob.date,dob.age,registered.date,registered.age,phone,cell,id.name,id.value,picture.large,picture.medium,picture.thumbnail,nat
female,Miss,Rita,Neal,1817,W Campbell Ave,Edison,Maine,United States,75059,21.1573,-81.5755,-10:00,Hawaii,rita.neal@example.com,1976-10-02T17:31:28.493Z,45,2017-12-08T12:12:15.283Z,4,(886)-240-9992,(069)-663-3330,SSN,645-18-4388,https://randomuser.me/api/portraits/women/11.jpg,https://randomuser.me/api/portraits/med/women/11.jpg,https://randomuser.me/api/portraits/thumb/women/11.jpg,US
female,Miss,Veronica,Castro,7531,Robinson Rd,Port St. Lucie,Nebraska,United States,83247,53.1152,112.7804,-10:00,Hawaii,veronica.castro@example.com,1987-01-05T22:28:35.099Z,34,2012-08-13T18:43:00.224Z,9,(360)-299-9547,(455)-669-7307,SSN,369-92-7040,https://randomuser.me/api/portraits/women/41.jpg,https://randomuser.me/api/portraits/med/women/41.jpg,https://randomuser.me/api/portraits/thumb/women/41.jpg,US
female,Miss,Sherry,Mccoy,3194,Nowlin Rd,Moreno Valley,Rhode Island,United States,51798,24.7434,-175.6311,+4:30,Kabul,sherry.mccoy@example.com,1968-06-07T23:31:19.558Z,53,2002-08-15T21:26:04.908Z,19,(987)-752-8953,(519)-780-4190,SSN,335-57-3435,https://randomuser.me/api/portraits/women/95.jpg,https://randomuser.me/api/portraits/med/women/95.jpg,https://randomuser.me/api/portraits/thumb/women/95.jpg,US
male,Mr,Ivan,Meyer,8323,W Sherman Dr,Birmingham,Montana,United States,87574,38.5578,158.1480,-7:00,Mountain Time (US & Canada),ivan.meyer@example.com,1981-12-02T23:41:53.251Z,40,2016-03-09T17:03:10.490Z,5,(893)-205-3253,(116)-582-1753,SSN,241-17-2135,https://randomuser.me/api/portraits/men/46.jpg,https://randomuser.me/api/portraits/med/men/46.jpg,https://randomuser.me/api/portraits/thumb/men/46.jpg,US
female,Miss,Bessie,Bailey,1841,Lovers Ln,Roseburg,Nevada,United States,62539,-31.1919,114.9747,-2:00,Mid-Atlantic,bessie.bailey@example.com,1959-03-14T15:34:46.051Z,62,2007-10-09T00:01:33.462Z,14,(755)-834-6714,(337)-323-7372,SSN,715-99-5204,https://randomuser.me/api/portraits/women/26.jpg,https://randomuser.me/api/portraits/med/women/26.jpg,https://randomuser.me/api/portraits/thumb/women/26.jpg,US
female,Miss,Kristina,Graves,1913,Crockett St,Kent,Montana,United States,56293,-60.8173,98.3662,+3:30,Tehran,kristina.graves@example.com,1960-12-30T21:21:27.805Z,61,2014-10-27T20:40:36.913Z,7,(313)-808-8944,(680)-927-2327,SSN,826-58-2246,https://randomuser.me/api/portraits/women/85.jpg,https://randomuser.me/api/portraits/med/women/85.jpg,https://randomuser.me/api/portraits/thumb/women/85.jpg,US
